full_name,position,cohort_desc,cohort_n,cohort_boom,cohort_bust,cohort_med,cohort_trimmed,cohort_mean,cohort_top5,cohort_comps,cohort_best5,nn
Parker Washington,WR,WR yr-4 pick 185 9 ppg priced WR25 age 24,15,0.172,0.214,1.04,1.01,0.95,0.047,Kelvin Benjamin '16->WR25 (1.13x) | Calvin Ridley '19->WR27 (1.12x) | Tyreek Hill '17->WR9 (1.30x) | Stefon Diggs '17->WR19 (1.18x) | Darnell Mooney '22->WR72 (0.55x),"0/5 boomed, 1/5 busted",parker washington
CeeDee Lamb,WR,WR yr-7 pick 17 17 ppg priced WR5 age 27,15,0.247,0.164,1.05,1.07,1.07,0.197,CeeDee Lamb '25->WR21 (0.74x) | A.J. Brown '25->WR11 (0.97x) | A.J. Brown '24->WR19 (0.86x) | Julio Jones '17->WR7 (0.99x) | A.J. Green '15->WR8 (1.23x),"0/5 boomed, 0/5 busted",ceedee lamb
Bucky Irving,RB,RB yr-3 pick 125 14 ppg priced RB21 age 23,15,0.285,0.235,1.05,1.05,1.06,0.073,Marlon Mack '19->RB23 (1.31x) | Miles Sanders '21->RB46 (0.72x) | James Conner '20->RB27 (0.91x) | Bucky Irving '25->RB34 (0.61x) | Dameon Pierce '23->RB55 (0.41x),"1/5 boomed, 2/5 busted",bucky irving
Jerry Jeudy,WR,WR yr-7 pick 15 11 ppg priced WR62 age 27,15,0.272,0.214,0.96,1.09,1.13,0.047,Curtis Samuel '23->WR42 (1.71x) | Breshad Perriman '20->WR78 (0.87x) | Wan'Dale Robinson '25->WR13 (1.80x) | DeVante Parker '18->WR105 (0.53x) | Nelson Agholor '21->WR72 (0.85x),"2/5 boomed, 1/5 busted",jerry jeudy
Omarion Hampton,RB,RB yr-2 pick 22 15 ppg priced RB8 age 23,15,0.31,0.235,1.2,1.15,1.14,0.173,Josh Jacobs '20->RB8 (1.08x) | D'Andre Swift '22->RB21 (0.82x) | Dalvin Cook '18->RB30 (0.75x) | Dalvin Cook '19->RB6 (1.36x) | Bijan Robinson '24->RB3 (1.37x),"2/5 boomed, 0/5 busted",omarion hampton
Behren Morton,QB,QB rookie priced QB48 age 24,15,0.298,0.278,1.07,1.1,1.31,0.085,Jalen Milroe '25->QB72 (0.01x) | Aidan O'Connell '23->QB28 (4.43x) | Michael Penix Jr. '24->QB46 (0.45x) | Riley Leonard '25->QB51 (1.07x) | Desmond Ridder '22->QB45 (0.82x),"1/5 boomed, 2/5 busted",behren morton
Oronde Gadsden,TE,TE yr-2 pick 165 9 ppg priced TE22 age 23,15,0.274,0.293,1.0,0.98,0.97,0.097,O.J. Howard '18->TE15 (1.00x) | Hunter Henry '17->TE14 (0.98x) | Cade Otton '24->TE14 (1.32x) | Isaiah Likely '25->TE44 (0.70x) | Josh Hill '15->TE48 (0.36x),"1/5 boomed, 2/5 busted",oronde gadsden
Kyle Pitts,TE,TE yr-6 pick 4 10 ppg priced TE6 age 25,15,0.299,0.218,1.12,1.11,1.11,0.197,T.J. Hockenson '23->TE4 (1.20x) | Kyle Pitts '25->TE2 (1.66x) | Kyle Pitts '24->TE15 (0.92x) | T.J. Hockenson '21->TE15 (0.86x) | Evan Engram '23->TE2 (1.68x),"2/5 boomed, 0/5 busted",kyle pitts
Joe Flacco,QB,QB yr-19 pick 18 15 ppg priced QB46 age 41,15,0.323,0.203,1.25,1.36,1.36,0.11,Joe Flacco '25->QB27 (0.95x) | Matthew Stafford '25->QB1 (1.98x) | Kirk Cousins '25->QB35 (2.21x) | Aaron Rodgers '25->QB16 (1.31x) | Joe Flacco '22->QB39 (1.72x),"4/5 boomed, 0/5 busted",joe flacco
Jake Tonges,TE,TE yr-5 8 ppg priced TE54 age 27,15,0.324,0.293,0.91,1.16,1.22,0.072,Donald Parham '23->TE28 (2.15x) | Tanner Hudson '24->TE51 (0.78x) | Luke Schoonmaker '25->TE70 (0.89x) | Tommy Tremble '25->TE43 (1.73x) | Will Dissly '22->TE29 (2.35x),"3/5 boomed, 0/5 busted",jake tonges
Davis Mills,QB,QB yr-6 pick 67 9 ppg priced QB54 age 27,15,0.348,0.253,1.7,2.1,2.78,0.085,Malik Willis '25->QB44 (1.70x) | Mac Jones '25->QB29 (4.55x) | Davis Mills '25->QB41 (3.28x) | Mason Rudolph '25->QB54 (0.60x) | Tyler Huntley '23->QB50 (0.91x),"3/5 boomed, 1/5 busted",davis mills
Dak Prescott,QB,QB yr-11 pick 135 20 ppg priced QB9 age 33,15,0.248,0.253,1.0,1.01,0.95,0.185,Kirk Cousins '23->QB23 (0.64x) | Kirk Cousins '22->QB7 (1.15x) | Kirk Cousins '21->QB9 (1.22x) | Dak Prescott '25->QB7 (1.22x) | Dak Prescott '24->QB31 (0.45x),"0/5 boomed, 2/5 busted",dak prescott
Matthew Stafford,QB,QB yr-18 pick 1 21 ppg priced QB4 age 38,15,0.223,0.178,1.12,1.11,1.14,0.16,Peyton Manning '15->QB35 (0.32x) | Drew Brees '17->QB12 (0.92x) | Drew Brees '18->QB8 (1.14x) | Philip Rivers '18->QB12 (1.20x) | Aaron Rodgers '20->QB1 (1.69x),"1/5 boomed, 1/5 busted",matthew stafford
Khalil Shakir,WR,WR yr-5 pick 148 11 ppg priced WR42 age 26,15,0.197,0.239,1.0,0.93,0.92,0.047,Gabe Davis '23->WR41 (1.02x) | Khalil Shakir '25->WR36 (1.14x) | Adam Thielen '17->WR8 (1.67x) | Marvin Jones '17->WR11 (1.68x) | Willie Snead '16->WR30 (1.29x),"2/5 boomed, 0/5 busted",khalil shakir
Noah Gray,TE,TE yr-6 pick 162 5 ppg priced TE42 age 27,15,0.299,0.318,0.91,0.98,1.05,0.072,Noah Gray '24->TE22 (2.12x) | Noah Gray '25->TE60 (0.49x) | Tyler Conklin '21->TE16 (2.13x) | Will Dissly '23->TE52 (0.78x) | Foster Moreau '22->TE28 (1.59x),"3/5 boomed, 1/5 busted",noah gray
Joe Milton,QB,QB rookie pick 193 priced QB42 age 26,15,0.248,0.303,0.85,0.85,1.06,0.085,Clayton Tune '23->QB65 (0.16x) | Spencer Rattler '24->QB41 (1.78x) | Jalen Milroe '25->QB72 (0.01x) | Riley Leonard '25->QB51 (1.07x) | Aidan O'Connell '23->QB28 (4.43x),"2/5 boomed, 2/5 busted",joe milton
Justice Hill,RB,RB yr-8 pick 113 8 ppg priced RB45 age 28,15,0.335,0.285,1.02,1.04,1.06,0.048,James White '21->RB93 (0.28x) | Jamaal Williams '22->RB12 (2.17x) | Damien Harris '23->RB91 (0.16x) | Justice Hill '25->RB60 (0.82x) | Jacquizz Rodgers '17->RB77 (0.40x),"1/5 boomed, 3/5 busted",justice hill
Colston Loveland,TE,TE yr-2 pick 10 10 ppg priced TE3 age 22,15,0.249,0.318,0.86,0.89,0.87,0.122,Kyle Pitts '22->TE33 (0.41x) | Dalton Kincaid '24->TE30 (0.65x) | David Njoku '19->TE86 (0.11x) | Noah Fant '21->TE12 (1.12x) | Sam LaPorta '25->TE27 (0.65x),"0/5 boomed, 4/5 busted",colston loveland
James Cook,RB,RB yr-5 pick 63 17 ppg priced RB6 age 26,15,0.285,0.235,1.0,1.09,1.1,0.123,Alvin Kamara '20->RB1 (1.62x) | Derrick Henry '20->RB3 (1.54x) | Joe Mixon '22->RB11 (1.04x) | James Cook '25->RB6 (1.58x) | Devonta Freeman '17->RB13 (0.87x),"3/5 boomed, 0/5 busted",james cook
Rachaad White,RB,RB yr-5 pick 91 11 ppg priced RB37 age 27 new team,15,0.285,0.285,1.09,1.04,1.04,0.073,Shane Vereen '15->RB26 (1.21x) | Zack Moss '24->RB52 (0.62x) | Tevin Coleman '19->RB39 (0.99x) | Javonte Williams '25->RB12 (1.83x) | Kenyan Drake '21->RB55 (0.76x),"1/5 boomed, 1/5 busted",rachaad white
Malik Washington,WR,WR yr-3 pick 184 5 ppg priced WR58 age 25,15,0.372,0.239,1.39,1.24,1.19,0.047,Robbie Chosen '17->WR18 (1.75x) | Rashid Shaheed '24->WR94 (0.60x) | Keelan Cole '18->WR80 (0.76x) | Kenny Stills '16->WR45 (1.48x) | Andrew Hawkins '14->WR47 (1.39x),"3/5 boomed, 1/5 busted",malik washington
Sam Darnold,QB,QB yr-9 pick 3 20 ppg priced QB21 age 29,15,0.248,0.203,1.2,1.11,1.1,0.16,Jared Goff '23->QB7 (1.25x) | Baker Mayfield '24->QB3 (1.84x) | Matt Ryan '16->QB2 (1.77x) | Matthew Stafford '17->QB6 (1.20x) | Jared Goff '24->QB6 (1.31x),"3/5 boomed, 0/5 busted",sam darnold
Andy Dalton,QB,QB yr-16 pick 35 9 ppg priced QB45 age 38 new team,15,0.348,0.253,1.41,1.36,1.37,0.085,Joe Flacco '22->QB39 (1.72x) | Andy Dalton '24->QB42 (3.13x) | Marcus Mariota '24->QB45 (1.55x) | Andy Dalton '23->QB55 (0.80x) | Joe Flacco '24->QB34 (2.31x),"4/5 boomed, 0/5 busted",andy dalton
Jayden Reed,WR,WR yr-4 pick 50 11 ppg priced WR44 age 26,15,0.197,0.264,0.86,0.83,0.89,0.072,Christian Watson '24->WR75 (0.74x) | Brian Quick '15->WR153 (0.15x) | Deebo Samuel Sr. '21->WR2 (2.08x) | Rashod Bateman '23->WR85 (0.59x) | Courtland Sutton '21->WR44 (0.89x),"1/5 boomed, 2/5 busted",jayden reed
Chris Brooks,RB,RB yr-4 3 ppg priced RB66 age 26,15,0.235,0.31,0.86,0.86,0.83,0.048,Boston Scott '21->RB56 (1.43x) | Kenny Gainwell '24->RB60 (0.92x) | Malcolm Brown '19->RB68 (0.68x) | Jordan Mason '24->RB40 (1.27x) | Charcandrick West '17->RB66 (0.98x),"1/5 boomed, 1/5 busted",chris brooks
Cade Otton,TE,TE yr-5 pick 106 9 ppg priced TE29 age 27,15,0.224,0.368,0.74,0.76,0.85,0.097,Cade Otton '25->TE22 (1.20x) | Dawson Knox '23->TE42 (0.56x) | Austin Hooper '21->TE25 (0.78x) | Isaiah Likely '25->TE44 (0.70x) | Pat Freiermuth '25->TE25 (1.21x),"0/5 boomed, 2/5 busted",cade otton
Kimani Vidal,RB,RB yr-3 pick 181 7 ppg priced RB67 age 24,15,0.26,0.385,0.64,0.67,0.7,0.048,Khiry Robinson '15->RB67 (0.86x) | Ty Johnson '21->RB45 (1.75x) | Boston Scott '21->RB56 (1.43x) | Deon Jackson '23->RB112 (0.12x) | Kenny Gainwell '24->RB60 (0.92x),"2/5 boomed, 1/5 busted",kimani vidal
Jack Endries,TE,TE rookie priced TE65 age 22,15,0.299,0.368,0.7,0.81,0.89,0.072,Kylen Granson '21->TE70 (0.70x) | Jared Wiley '24->TE108 (0.06x) | Noah Gray '21->TE79 (0.54x) | Jake Ferguson '22->TE48 (1.58x) | Brenton Strange '23->TE79 (0.47x),"1/5 boomed, 3/5 busted",jack endries
Jaxon Smith-Njigba,WR,WR yr-4 pick 20 18 ppg priced WR4 age 24,15,0.272,0.189,0.97,1.06,1.04,0.197,CeeDee Lamb '23->WR1 (1.60x) | Ja'Marr Chase '24->WR1 (1.53x) | Mike Evans '17->WR17 (0.81x) | Justin Jefferson '22->WR1 (1.33x) | Ja'Marr Chase '22->WR10 (0.91x),"3/5 boomed, 0/5 busted",jaxon smith njigba
Jaylen Waddle,WR,WR yr-6 pick 6 11 ppg priced WR23 age 27 new team,15,0.197,0.189,0.97,0.94,0.96,0.047,DJ Moore '23->WR6 (1.47x) | DK Metcalf '25->WR26 (1.00x) | Jaylen Waddle '25->WR23 (1.11x) | DK Metcalf '24->WR31 (1.00x) | Marquise Goodwin '18->WR84 (0.49x),"1/5 boomed, 1/5 busted",jaylen waddle
Daniel Jones,QB,QB yr-8 pick 6 18 ppg priced QB22 age 29,15,0.248,0.228,1.2,1.13,1.1,0.135,Baker Mayfield '24->QB3 (1.84x) | Jared Goff '22->QB8 (1.53x) | Jared Goff '23->QB7 (1.25x) | Joe Flacco '15->QB26 (0.73x) | Jameis Winston '22->QB44 (0.19x),"2/5 boomed, 1/5 busted",daniel jones
Eli Raridon,TE,TE rookie priced TE53 age 22,15,0.324,0.293,0.98,1.08,1.11,0.072,Tommy Tremble '21->TE47 (1.38x) | Tucker Kraft '23->TE29 (2.12x) | Cade Stover '24->TE58 (0.73x) | Darnell Washington '23->TE82 (0.35x) | Oronde Gadsden II '25->TE15 (2.26x),"3/5 boomed, 1/5 busted",eli raridon
T.J. Hockenson,TE,TE yr-8 pick 8 8 ppg priced TE18 age 29,15,0.274,0.243,1.13,1.09,1.09,0.147,Gerald Everett '23->TE23 (0.87x) | Eric Ebron '21->TE65 (0.35x) | Mike Gesicki '25->TE41 (0.67x) | Kyle Rudolph '19->TE16 (0.93x) | David Njoku '22->TE11 (1.13x),"0/5 boomed, 2/5 busted",t j hockenson
TreVeyon Henderson,RB,RB yr-2 pick 38 12 ppg priced RB23 age 23,15,0.335,0.21,1.16,1.3,1.3,0.148,Javonte Williams '22->RB79 (0.21x) | Kenneth Walker III '23->RB22 (1.14x) | Jeremy Hill '16->RB22 (1.16x) | Devin Singletary '20->RB32 (1.06x) | Kenneth Walker III '24->RB27 (1.04x),"0/5 boomed, 1/5 busted",treveyon henderson
D'Andre Swift,RB,RB yr-7 pick 35 13 ppg priced RB22 age 27,15,0.36,0.185,1.27,1.34,1.38,0.098,D'Andre Swift '25->RB14 (1.51x) | Ezekiel Elliott '22->RB22 (0.98x) | Mark Ingram '17->RB6 (2.07x) | Lamar Miller '18->RB23 (1.15x) | Todd Gurley '20->RB29 (1.06x),"2/5 boomed, 0/5 busted",d andre swift
Geno Smith,QB,QB yr-14 pick 39 16 ppg priced QB25 age 35 new team,15,0.148,0.228,0.89,0.89,0.86,0.085,Geno Smith '25->QB24 (0.90x) | Ryan Tannehill '23->QB37 (0.40x) | Russell Wilson '25->QB45 (0.28x) | Matt Ryan '22->QB26 (0.76x) | Eli Manning '17->QB23 (0.89x),"0/5 boomed, 2/5 busted",geno smith
Tua Tagovailoa,QB,QB yr-7 pick 5 17 ppg priced QB31 age 28 new team,15,0.273,0.278,1.2,1.08,1.08,0.11,Jared Goff '22->QB8 (1.53x) | Daniel Jones '25->QB19 (1.28x) | Jared Goff '21->QB23 (1.13x) | Carson Wentz '22->QB32 (0.56x) | Teddy Bridgewater '21->QB22 (1.20x),"1/5 boomed, 1/5 busted",tua tagovailoa
Jalen Hurts,QB,QB yr-7 pick 53 23 ppg priced QB5 age 27,15,0.223,0.203,1.01,1.03,1.0,0.21,Jalen Hurts '25->QB8 (1.02x) | Lamar Jackson '23->QB4 (1.11x) | Lamar Jackson '24->QB1 (1.48x) | Jalen Hurts '24->QB9 (1.00x) | Russell Wilson '15->QB3 (1.33x),"2/5 boomed, 0/5 busted",jalen hurts
Ladd McConkey,WR,WR yr-3 pick 34 13 ppg priced WR19 age 24,15,0.222,0.239,1.0,1.01,0.99,0.097,Tee Higgins '21->WR24 (1.12x) | Ladd McConkey '25->WR29 (0.80x) | Jaxon Smith-Njigba '25->WR2 (1.64x) | Rashee Rice '24->WR101 (0.36x) | Marvin Harrison Jr. '25->WR49 (0.62x),"1/5 boomed, 2/5 busted",ladd mcconkey
Brian Robinson,RB,RB yr-5 pick 98 7 ppg priced RB51 age 27 new team,15,0.335,0.31,1.02,1.05,1.04,0.048,Roy Helu '15->RB98 (0.29x) | Devin Singletary '23->RB31 (1.66x) | Antonio Gibson '24->RB44 (1.02x) | Giovani Bernard '18->RB52 (1.07x) | Jerick McKinnon '16->RB30 (1.63x),"2/5 boomed, 1/5 busted",brian robinson
Jake Browning,QB,QB rookie priced QB53 age 30 new team,15,0.273,0.278,1.07,1.02,1.18,0.085,Sean Clifford '23->QB73 (0.05x) | Riley Leonard '25->QB51 (1.07x) | Aidan O'Connell '23->QB28 (4.43x) | Jalen Milroe '25->QB72 (0.01x) | Michael Penix Jr. '24->QB46 (0.45x),"1/5 boomed, 3/5 busted",jake browning
Rome Odunze,WR,WR yr-3 pick 9 10 ppg priced WR28 age 24,15,0.297,0.164,1.25,1.21,1.21,0.097,Tee Higgins '24->WR17 (1.28x) | Brandon Aiyuk '22->WR15 (1.39x) | Mike Williams '19->WR39 (0.96x) | Rashod Bateman '22->WR111 (0.32x) | Jerry Jeudy '22->WR22 (1.16x),"1/5 boomed, 1/5 busted",rome odunze
Michael Wilson,WR,WR yr-4 pick 94 11 ppg priced WR48 age 26,15,0.247,0.239,1.03,1.07,1.07,0.047,Terrance Williams '15->WR43 (1.26x) | John Brown '17->WR88 (0.53x) | Donte Moncrief '17->WR81 (0.55x) | Anthony Miller '20->WR69 (0.90x) | Jayden Reed '25->WR113 (0.37x),"0/5 boomed, 3/5 busted",michael wilson
Jordan Love,QB,QB yr-7 pick 26 19 ppg priced QB17 age 27,15,0.223,0.203,1.12,1.08,1.06,0.16,Jordan Love '25->QB14 (1.00x) | Justin Herbert '25->QB10 (1.12x) | Jared Goff '23->QB7 (1.25x) | Tua Tagovailoa '24->QB21 (0.72x) | Jimmy Garoppolo '20->QB38 (0.34x),"0/5 boomed, 1/5 busted",jordan love
John Metchie,WR,WR yr-5 pick 44 6 ppg priced WR46 age 26 new team,15,0.222,0.214,1.16,1.05,1.02,0.047,Elijah Moore '23->WR52 (0.98x) | Anthony Miller '20->WR69 (0.90x) | John Brown '17->WR88 (0.53x) | Chase Claypool '22->WR66 (0.84x) | Kelvin Benjamin '18->WR97 (0.56x),"0/5 boomed, 2/5 busted",john metchie
Erick All,TE,TE yr-3 pick 115 4 ppg priced TE48 age 25,15,0.299,0.318,0.9,0.95,1.02,0.072,Luke Musgrave '25->TE53 (1.16x) | Albert Okwuegbunam '23->TE118 (0.00x) | Noah Gray '23->TE35 (1.49x) | Jared Wiley '25->TE118 (0.04x) | Albert Okwuegbunam '21->TE29 (1.85x),"2/5 boomed, 2/5 busted",erick all
Chris Godwin,WR,WR yr-10 pick 84 14 ppg priced WR47 age 30,15,0.197,0.214,0.92,0.97,1.0,0.047,Cooper Kupp '25->WR53 (0.89x) | DeAndre Hopkins '22->WR47 (1.04x) | Chris Godwin Jr. '25->WR80 (0.62x) | Tyler Lockett '22->WR13 (1.52x) | Mike Wallace '17->WR38 (1.24x),"1/5 boomed, 1/5 busted",chris godwin
Dawson Knox,TE,TE yr-8 pick 96 5 ppg priced TE38 age 29,15,0.299,0.343,0.97,1.04,1.1,0.097,Dawson Knox '25->TE29 (1.96x) | Dawson Knox '24->TE41 (0.91x) | Austin Hooper '23->TE47 (0.67x) | Tyler Higbee '24->TE65 (0.42x) | Austin Hooper '25->TE48 (1.26x),"1/5 boomed, 2/5 busted",dawson knox
Will Mallory,TE,TE yr-4 pick 162 1 ppg priced TE68 age 27,15,0.299,0.343,0.74,0.96,1.04,0.072,Ross Dwelley '22->TE80 (0.64x) | Lucas Krull '24->TE59 (1.11x) | Payne Durham '25->TE115 (0.07x) | Ross Dwelley '21->TE83 (0.49x) | Foster Moreau '21->TE26 (2.78x),"1/5 boomed, 3/5 busted",will mallory
Isiah Pacheco,RB,RB yr-5 pick 251 7 ppg priced RB46 age 27 new team,15,0.335,0.335,1.24,1.05,1.08,0.048,Ahmad Bradshaw '14->RB22 (1.60x) | Alfred Morris '16->RB76 (0.42x) | Rex Burkhead '17->RB39 (1.24x) | Khalil Herbert '24->RB84 (0.34x) | Justin Jackson '21->RB59 (1.26x),"1/5 boomed, 2/5 busted",isiah pacheco
Kirk Cousins,QB,QB yr-15 pick 102 14 ppg priced QB35 age 37 new team,15,0.273,0.303,0.8,0.96,1.1,0.085,Kirk Cousins '25->QB35 (2.21x) | Russell Wilson '25->QB45 (0.28x) | Andy Dalton '23->QB55 (0.80x) | Andy Dalton '21->QB34 (1.41x) | Joe Flacco '22->QB39 (1.72x),"3/5 boomed, 1/5 busted",kirk cousins
Jake Ferguson,TE,TE yr-5 pick 129 10 ppg priced TE11 age 27,15,0.224,0.268,0.96,0.9,0.9,0.097,Jake Ferguson '25->TE4 (1.38x) | Tyler Higbee '20->TE19 (0.96x) | Dalton Schultz '22->TE10 (0.99x) | Robert Tonyan '21->TE49 (0.36x) | Dawson Knox '22->TE14 (0.98x),"1/5 boomed, 1/5 busted",jake ferguson
Isaiah Likely,TE,TE yr-5 pick 139 7 ppg priced TE14 age 26 new team,15,0.224,0.318,0.94,0.9,0.92,0.122,Dalton Schultz '23->TE10 (1.11x) | Jonnu Smith '21->TE36 (0.49x) | Jordan Cameron '15->TE28 (0.67x) | Jake Ferguson '25->TE4 (1.38x) | Julius Thomas '15->TE19 (0.94x),"1/5 boomed, 2/5 busted",isaiah likely
Patrick Mahomes,QB,QB yr-10 pick 10 22 ppg priced QB11 age 30,15,0.173,0.178,0.95,1.0,0.97,0.11,Matthew Stafford '18->QB19 (0.92x) | Patrick Mahomes '25->QB12 (0.95x) | Matt Ryan '15->QB19 (0.95x) | Cam Newton '18->QB14 (1.01x) | Matthew Stafford '17->QB6 (1.20x),"0/5 boomed, 0/5 busted",patrick mahomes
Shedeur Sanders,QB,QB yr-2 pick 144 13 ppg priced QB34 age 24,15,0.248,0.303,0.81,0.81,0.86,0.085,Spencer Rattler '25->QB36 (0.80x) | Aidan O'Connell '24->QB38 (0.81x) | Tyler Huntley '22->QB43 (1.41x) | Bailey Zappe '23->QB38 (2.39x) | Desmond Ridder '23->QB22 (1.12x),"2/5 boomed, 0/5 busted",shedeur sanders
Ja'Marr Chase,WR,WR yr-6 pick 5 22 ppg priced WR2 age 26,15,0.222,0.164,0.99,0.97,0.98,0.172,Julio Jones '16->WR6 (1.02x) | DeAndre Hopkins '18->WR1 (1.32x) | CeeDee Lamb '25->WR21 (0.74x) | Julio Jones '15->WR2 (1.45x) | Davante Adams '19->WR24 (0.82x),"2/5 boomed, 0/5 busted",ja marr chase
Grant Calcaterra,TE,TE yr-5 pick 198 3 ppg priced TE63 age 27,15,0.299,0.393,0.64,0.89,1.18,0.072,Ross Dwelley '22->TE80 (0.64x) | Ross Dwelley '21->TE83 (0.49x) | Grant Calcaterra '25->TE74 (0.74x) | Payne Durham '25->TE115 (0.07x) | Donald Parham '23->TE28 (2.15x),"1/5 boomed, 3/5 busted",grant calcaterra
Justin Herbert,QB,QB yr-7 pick 6 20 ppg priced QB16 age 28,15,0.223,0.178,1.17,1.09,1.1,0.16,Justin Herbert '25->QB10 (1.12x) | Kyler Murray '25->QB38 (0.29x) | Jared Goff '23->QB7 (1.25x) | Cam Newton '17->QB5 (1.20x) | Baker Mayfield '24->QB3 (1.84x),"1/5 boomed, 1/5 busted",justin herbert
Tee Higgins,WR,WR yr-7 pick 33 16 ppg priced WR21 age 27,15,0.172,0.239,1.01,0.96,0.93,0.047,Robert Woods '19->WR14 (1.19x) | Deebo Samuel Sr. '24->WR44 (0.77x) | Robert Woods '20->WR13 (1.27x) | Mike Williams '22->WR33 (0.85x) | Brandon Aiyuk '24->WR105 (0.30x),"0/5 boomed, 1/5 busted",tee higgins
Sam LaPorta,TE,TE yr-4 pick 34 11 ppg priced TE7 age 25,15,0.274,0.293,1.07,1.06,1.05,0.147,Sam LaPorta '25->TE27 (0.65x) | O.J. Howard '19->TE29 (0.55x) | Dallas Goedert '21->TE9 (1.17x) | Dallas Goedert '22->TE12 (1.00x) | T.J. Hockenson '22->TE2 (1.53x),"1/5 boomed, 2/5 busted",sam laporta
Jalen Nailor,WR,WR yr-5 pick 191 6 ppg priced WR66 age 27 new team,15,0.347,0.264,1.32,1.2,1.23,0.047,Darnell Mooney '24->WR32 (1.74x) | Adam Humphries '19->WR80 (0.97x) | Robbie Chosen '20->WR20 (2.25x) | Donovan Peoples-Jones '23->WR141 (0.27x) | K.J. Osborn '23->WR58 (1.08x),"2/5 boomed, 1/5 busted",jalen nailor
Luther Burden,WR,WR yr-2 pick 39 9 ppg priced WR24 age 22,15,0.197,0.339,0.62,0.78,0.83,0.047,Xavier Worthy '25->WR59 (0.62x) | Rashod Bateman '22->WR111 (0.32x) | Marquise Brown '20->WR37 (1.09x) | Tee Higgins '21->WR24 (1.12x) | Jerry Jeudy '21->WR84 (0.48x),"0/5 boomed, 3/5 busted",luther burden
Lamar Jackson,QB,QB yr-9 pick 32 26 ppg priced QB2 age 29,15,0.198,0.178,1.03,1.05,1.04,0.21,Josh Allen '25->QB2 (1.16x) | Lamar Jackson '25->QB20 (0.72x) | Josh Allen '24->QB4 (1.21x) | Lamar Jackson '24->QB1 (1.48x) | Patrick Mahomes '24->QB11 (0.94x),"1/5 boomed, 0/5 busted",lamar jackson
Eli Stowers,TE,TE rookie priced TE51 age 23,15,0.349,0.293,1.16,1.15,1.17,0.072,Cade Stover '24->TE58 (0.73x) | Tucker Kraft '23->TE29 (2.12x) | Cade Otton '22->TE26 (2.20x) | Erick All '24->TE55 (0.85x) | Oronde Gadsden II '25->TE15 (2.26x),"3/5 boomed, 0/5 busted",eli stowers
Jalen McMillan,WR,WR yr-3 pick 92 10 ppg priced WR63 age 24,15,0.297,0.239,1.04,1.07,1.05,0.047,Keke Coutee '19->WR105 (0.48x) | Romeo Doubs '25->WR37 (1.35x) | Dede Westbrook '18->WR33 (1.56x) | Michael Wilson '24->WR59 (1.37x) | Tyler Lockett '17->WR57 (1.04x),"3/5 boomed, 1/5 busted",jalen mcmillan
Davante Adams,WR,WR yr-13 pick 53 17 ppg priced WR20 age 33,15,0.197,0.214,1.11,1.03,1.02,0.047,Davante Adams '25->WR9 (1.08x) | Mike Evans '25->WR76 (0.40x) | Julio Jones '21->WR92 (0.41x) | Keenan Allen '23->WR7 (1.34x) | Mike Evans '24->WR12 (1.14x),"1/5 boomed, 2/5 busted",davante adams
Aaron Rodgers,QB,QB yr-22 pick 24 18 ppg priced QB26 age 42,15,0.198,0.178,0.99,1.02,1.02,0.11,Aaron Rodgers '25->QB16 (1.31x) | Aaron Rodgers '23->QB75 (0.00x) | Ben Roethlisberger '21->QB20 (1.06x) | Joe Flacco '25->QB27 (0.95x) | Matthew Stafford '25->QB1 (1.98x),"2/5 boomed, 1/5 busted",aaron rodgers
Brenton Strange,TE,TE yr-4 pick 61 8 ppg priced TE17 age 25,15,0.299,0.293,1.17,0.99,1.0,0.122,Brenton Strange '25->TE23 (1.02x) | Dwayne Allen '15->TE59 (0.27x) | Luke Musgrave '24->TE86 (0.09x) | Mike Gesicki '20->TE8 (1.32x) | Pat Freiermuth '24->TE9 (1.25x),"1/5 boomed, 2/5 busted",brenton strange
Tyler Shough,QB,QB yr-2 pick 40 16 ppg priced QB20 age 26,15,0.248,0.203,0.94,0.99,1.0,0.11,Tua Tagovailoa '21->QB26 (0.75x) | Drew Lock '20->QB23 (0.98x) | Daniel Jones '22->QB12 (1.31x) | Mac Jones '22->QB25 (0.81x) | Will Levis '24->QB28 (0.66x),"1/5 boomed, 1/5 busted",tyler shough
Tyrod Taylor,QB,QB yr-16 pick 180 12 ppg priced QB65 age 36 new team,15,0.298,0.378,0.69,1.12,2.01,0.085,Tyrod Taylor '25->QB42 (2.06x) | Tyrod Taylor '24->QB52 (0.69x) | Brian Hoyer '23->QB71 (0.15x) | Tyrod Taylor '22->QB64 (0.38x) | Jacoby Brissett '25->QB15 (11.98x),"2/5 boomed, 3/5 busted",tyrod taylor
Baker Mayfield,QB,QB yr-9 pick 1 23 ppg priced QB18 age 31,15,0.248,0.153,1.2,1.2,1.23,0.16,Matthew Stafford '17->QB6 (1.20x) | Jared Goff '25->QB5 (1.24x) | Joe Flacco '15->QB26 (0.73x) | Derek Carr '21->QB14 (1.27x) | Jared Goff '23->QB7 (1.25x),"0/5 boomed, 0/5 busted",baker mayfield
James Conner,RB,RB yr-10 pick 105 15 ppg priced RB62 age 31,15,0.335,0.36,0.99,1.05,1.07,0.048,Cordarrelle Patterson '23->RB78 (0.40x) | D'Onta Foreman '24->RB80 (0.62x) | Kareem Hunt '25->RB29 (2.10x) | Matt Forte '17->RB42 (1.28x) | Damien Williams '22->RB150 (0.00x),"1/5 boomed, 3/5 busted",james conner
Jeremy Ruckert,TE,TE yr-5 pick 101 3 ppg priced TE64 age 25,15,0.424,0.293,1.58,1.55,1.56,0.072,Daniel Bellinger '25->TE47 (1.94x) | Harrison Bryant '23->TE53 (1.30x) | Ian Thomas '22->TE52 (1.33x) | Foster Moreau '24->TE29 (3.37x) | Durham Smythe '21->TE34 (2.28x),"4/5 boomed, 0/5 busted",jeremy ruckert
Tyler Warren,TE,TE yr-2 pick 14 11 ppg priced TE4 age 24,15,0.224,0.318,0.92,0.91,0.88,0.122,Evan Engram '18->TE13 (0.93x) | Kyle Pitts '22->TE33 (0.41x) | Dalton Kincaid '24->TE30 (0.65x) | Noah Fant '21->TE12 (1.12x) | Trey McBride '24->TE2 (1.32x),"1/5 boomed, 2/5 busted",tyler warren
Kenyon Sadiq,TE,TE rookie priced TE15 age 21,15,0.274,0.243,0.93,1.08,1.15,0.147,Brock Bowers '24->TE1 (1.91x) | Mason Taylor '25->TE33 (0.81x) | T.J. Hockenson '19->TE32 (0.62x) | Colston Loveland '25->TE12 (1.24x) | O.J. Howard '17->TE20 (0.88x),"1/5 boomed, 1/5 busted",kenyon sadiq
Christian Watson,WR,WR yr-5 pick 34 10 ppg priced WR37 age 27,15,0.222,0.214,0.94,1.0,1.03,0.072,Ricky Pearsall '25->WR73 (0.54x) | Will Fuller '20->WR33 (1.14x) | Michael Pittman '25->WR22 (1.41x) | Deebo Samuel Sr. '21->WR2 (2.08x) | Brian Quick '15->WR153 (0.15x),"2/5 boomed, 2/5 busted",christian watson
Will Levis,QB,QB yr-4 pick 33 13 ppg priced QB44 age 27,15,0.298,0.328,0.79,1.19,1.68,0.085,Malik Willis '25->QB44 (1.70x) | Mac Jones '24->QB36 (3.28x) | Mac Jones '25->QB29 (4.55x) | Jarrett Stidham '24->QB72 (0.01x) | Mason Rudolph '24->QB37 (2.96x),"4/5 boomed, 1/5 busted",will levis
Jakobi Meyers,WR,WR yr-8 13 ppg priced WR39 age 29,15,0.322,0.164,1.22,1.25,1.24,0.047,Michael Crabtree '16->WR12 (1.52x) | Jakobi Meyers '25->WR30 (1.12x) | Jarvis Landry '21->WR51 (0.88x) | Chris Godwin Jr. '24->WR53 (0.83x) | Tyler Lockett '22->WR13 (1.52x),"2/5 boomed, 0/5 busted",jakobi meyers
Carson Beck,QB,QB rookie priced QB37 age 23,15,0.273,0.253,1.14,1.12,1.33,0.085,Will Levis '23->QB32 (2.05x) | Malik Willis '22->QB55 (0.51x) | Desmond Ridder '22->QB45 (0.82x) | Jaxson Dart '25->QB17 (1.66x) | Dillon Gabriel '25->QB39 (0.85x),"2/5 boomed, 1/5 busted",carson beck
Tyler Higbee,TE,TE yr-11 pick 110 8 ppg priced TE45 age 33,15,0.249,0.318,0.87,0.87,0.94,0.072,Tyler Higbee '24->TE65 (0.42x) | Austin Hooper '25->TE48 (1.26x) | Tyler Higbee '25->TE40 (0.91x) | Will Dissly '25->TE75 (0.38x) | Dawson Knox '25->TE29 (1.96x),"1/5 boomed, 2/5 busted",tyler higbee
Ricky Pearsall,WR,WR yr-3 pick 31 9 ppg priced WR51 age 25,15,0.222,0.314,0.7,0.75,0.87,0.072,Rashod Bateman '23->WR85 (0.59x) | Kadarius Toney '23->WR108 (0.41x) | Christian Watson '24->WR75 (0.74x) | Keon Coleman '25->WR60 (0.79x) | Jameson Williams '24->WR22 (1.63x),"1/5 boomed, 2/5 busted",ricky pearsall
Emeka Egbuka,WR,WR yr-2 pick 19 11 ppg priced WR18 age 23,15,0.247,0.239,1.05,1.04,1.04,0.097,Marvin Harrison Jr. '25->WR49 (0.62x) | Tee Higgins '21->WR24 (1.12x) | Xavier Worthy '25->WR59 (0.62x) | Jarvis Landry '15->WR11 (1.37x) | Drake London '24->WR4 (1.25x),"1/5 boomed, 2/5 busted",emeka egbuka
Nico Collins,WR,WR yr-6 pick 89 16 ppg priced WR10 age 27,15,0.172,0.189,0.97,0.97,0.93,0.072,Keenan Allen '19->WR6 (1.23x) | Allen Robinson '20->WR9 (1.23x) | T.Y. Hilton '15->WR23 (0.99x) | A.J. Brown '25->WR11 (0.97x) | Nico Collins '25->WR8 (0.89x),"0/5 boomed, 0/5 busted",nico collins
Bryce Young,QB,QB yr-4 pick 1 17 ppg priced QB24 age 25,15,0.223,0.203,0.97,0.97,0.99,0.11,Marcus Mariota '18->QB27 (0.77x) | Daniel Jones '21->QB27 (0.79x) | Daniel Jones '22->QB12 (1.31x) | Bryce Young '25->QB18 (1.10x) | C.J. Stroud '25->QB21 (0.94x),"1/5 boomed, 0/5 busted",bryce young
Terrance Ferguson,TE,TE yr-2 pick 46 5 ppg priced TE26 age 23,15,0.349,0.268,1.13,1.21,1.19,0.122,Jake Ferguson '23->TE9 (1.65x) | Dawson Knox '21->TE11 (1.78x) | Austin Hooper '17->TE17 (0.96x) | Luke Musgrave '24->TE86 (0.09x) | Austin Seferian-Jenkins '15->TE33 (0.73x),"2/5 boomed, 1/5 busted",terrance ferguson
Josh Oliver,TE,TE yr-8 pick 69 5 ppg priced TE50 age 29,15,0.324,0.318,1.12,1.11,1.13,0.072,Josh Oliver '25->TE49 (1.79x) | Dawson Knox '25->TE29 (1.96x) | Jonnu Smith '23->TE17 (2.36x) | Josh Oliver '24->TE38 (1.78x) | Tyler Kroft '22->TE93 (0.32x),"4/5 boomed, 1/5 busted",josh oliver
Jordan Mason,RB,RB yr-5 9 ppg priced RB41 age 27,15,0.31,0.335,0.95,0.87,0.91,0.048,Rico Dowdle '24->RB23 (1.82x) | Theo Riddick '16->RB25 (1.43x) | Tevin Coleman '20->RB121 (0.11x) | J.D. McKissic '21->RB37 (1.22x) | Najee Harris '25->RB99 (0.10x),"2/5 boomed, 2/5 busted",jordan mason
Rico Dowdle,RB,RB yr-7 13 ppg priced RB27 age 28 new team,15,0.26,0.285,0.83,0.87,0.89,0.048,Dion Lewis '18->RB27 (1.19x) | Melvin Gordon '21->RB18 (1.40x) | Jamaal Williams '23->RB61 (0.49x) | Chris Ivory '16->RB48 (0.79x) | Carlos Hyde '18->RB49 (0.73x),"1/5 boomed, 1/5 busted",rico dowdle
Tyler Huntley,QB,QB yr-7 11 ppg priced QB69 age 28,15,0.323,0.328,0.91,1.84,2.3,0.085,Drew Lock '25->QB73 (0.00x) | Mike White '23->QB68 (0.17x) | Taylor Heinicke '21->QB21 (7.62x) | Tyler Huntley '23->QB50 (0.91x) | Tyson Bagent '24->QB77 (-0.01x),"1/5 boomed, 3/5 busted",tyler huntley
George Pickens,WR,WR yr-5 pick 52 15 ppg priced WR12 age 25,15,0.272,0.189,1.2,1.15,1.15,0.172,DeVonta Smith '23->WR16 (1.05x) | Jaylen Waddle '23->WR33 (0.88x) | Amari Cooper '19->WR10 (1.20x) | A.J. Brown '23->WR5 (1.24x) | Davante Adams '18->WR4 (1.41x),"1/5 boomed, 0/5 busted",george pickens
Tommy Tremble,TE,TE yr-6 pick 83 5 ppg priced TE40 age 26,15,0.249,0.293,0.91,0.91,1.01,0.072,Will Dissly '23->TE52 (0.78x) | Adam Shaheen '21->TE68 (0.43x) | Jonnu Smith '22->TE47 (0.58x) | Harrison Bryant '22->TE39 (0.97x) | Kylen Granson '24->TE61 (0.59x),"0/5 boomed, 3/5 busted",tommy tremble
Tucker Kraft,TE,TE yr-4 pick 78 11 ppg priced TE10 age 25,15,0.299,0.243,1.04,1.11,1.1,0.172,Austin Hooper '19->TE6 (1.44x) | Dallas Goedert '21->TE9 (1.17x) | Mark Andrews '21->TE1 (1.92x) | Dawson Knox '22->TE14 (0.98x) | Tucker Kraft '25->TE24 (0.85x),"2/5 boomed, 0/5 busted",tucker kraft
Theo Johnson,TE,TE yr-3 pick 107 8 ppg priced TE39 age 25,15,0.299,0.293,0.97,1.02,1.1,0.072,Harrison Bryant '22->TE39 (0.97x) | Foster Moreau '22->TE28 (1.59x) | AJ Barner '25->TE14 (2.68x) | Isaiah Likely '23->TE25 (1.29x) | Will Dissly '21->TE50 (0.91x),"2/5 boomed, 0/5 busted",theo johnson
Braelon Allen,RB,RB yr-3 pick 134 5 ppg priced RB56 age 22,15,0.31,0.285,0.94,1.06,1.08,0.048,Chuba Hubbard '23->RB28 (1.98x) | Kendre Miller '25->RB79 (0.49x) | Kendre Miller '24->RB87 (0.43x) | Roschon Johnson '24->RB54 (0.84x) | Zamir White '23->RB56 (0.87x),"1/5 boomed, 2/5 busted",braelon allen
Garrett Wilson,WR,WR yr-5 pick 10 15 ppg priced WR11 age 26,15,0.197,0.214,0.86,0.88,0.9,0.072,DJ Moore '22->WR25 (0.94x) | Garrett Wilson '25->WR61 (0.47x) | Odell Beckham Jr. '18->WR15 (0.93x) | Chris Olave '24->WR91 (0.36x) | DeAndre Hopkins '17->WR1 (1.57x),"1/5 boomed, 2/5 busted",garrett wilson
Keaton Mitchell,RB,RB yr-4 4 ppg priced RB52 age 24 new team,15,0.285,0.31,1.19,0.96,1.0,0.048,Lance Dunbar '14->RB81 (0.52x) | Jordan Mason '24->RB40 (1.27x) | Benny Cunningham '14->RB32 (1.48x) | Christine Michael '16->RB34 (1.19x) | Corey Clement '18->RB63 (0.83x),"1/5 boomed, 1/5 busted",keaton mitchell
Blake Corum,RB,RB yr-3 pick 83 5 ppg priced RB38 age 25,15,0.41,0.285,1.51,1.25,1.29,0.073,Devonta Freeman '15->RB1 (2.74x) | Devin Singletary '21->RB19 (1.65x) | Stevan Ridley '14->RB78 (0.46x) | Bernard Pierce '14->RB79 (0.44x) | Tony Pollard '21->RB28 (1.36x),"3/5 boomed, 2/5 busted",blake corum
Daniel Bellinger,TE,TE yr-5 pick 112 3 ppg priced TE59 age 25 new team,15,0.399,0.268,1.43,1.39,1.37,0.072,Will Dissly '22->TE29 (2.35x) | Josh Oliver '23->TE41 (1.50x) | Kylen Granson '23->TE33 (2.38x) | Daniel Bellinger '25->TE47 (1.94x) | Darnell Washington '25->TE39 (2.39x),"5/5 boomed, 0/5 busted",daniel bellinger
Woody Marks,RB,RB yr-2 pick 116 9 ppg priced RB50 age 25,15,0.26,0.26,1.0,1.01,1.0,0.048,Tony Pollard '20->RB41 (1.26x) | Tyler Allgeier '24->RB43 (0.99x) | Tyler Allgeier '23->RB38 (1.29x) | Knile Davis '15->RB110 (0.18x) | Roschon Johnson '24->RB54 (0.84x),"0/5 boomed, 1/5 busted",woody marks
Mike Evans,WR,WR yr-13 pick 7 15 ppg priced WR29 age 32 new team,15,0.222,0.239,1.08,0.99,1.0,0.072,Julio Jones '21->WR92 (0.41x) | Michael Crabtree '18->WR55 (0.80x) | Amari Cooper '24->WR63 (0.69x) | Mike Evans '25->WR76 (0.40x) | Stefon Diggs '25->WR16 (1.27x),"0/5 boomed, 3/5 busted",mike evans
Tyler Allgeier,RB,RB yr-5 pick 151 7 ppg priced RB57 age 26 new team,15,0.36,0.285,1.03,1.18,1.19,0.048,Alexander Mattison '24->RB32 (1.58x) | Tyler Allgeier '25->RB39 (1.33x) | Rico Dowdle '25->RB17 (2.37x) | Darrel Williams '22->RB99 (0.23x) | Chuba Hubbard '23->RB28 (1.98x),"4/5 boomed, 1/5 busted",tyler allgeier
RJ Harvey,RB,RB yr-2 pick 60 12 ppg priced RB35 age 25,15,0.31,0.26,1.09,1.14,1.13,0.073,Charles Sims '16->RB63 (0.57x) | Zach Charbonnet '25->RB25 (1.25x) | AJ Dillon '23->RB42 (0.87x) | Nyheim Hines '21->RB48 (0.89x) | David Montgomery '20->RB4 (1.93x),"1/5 boomed, 1/5 busted",rj harvey
Cole Payton,QB,QB rookie priced QB56 age 23,15,0.298,0.278,1.07,1.11,1.32,0.085,Riley Leonard '25->QB51 (1.07x) | Sean Clifford '23->QB73 (0.05x) | Jalen Milroe '25->QB72 (0.01x) | Desmond Ridder '22->QB45 (0.82x) | Michael Penix Jr. '24->QB46 (0.45x),"0/5 boomed, 3/5 busted",cole payton
Derrick Henry,RB,RB yr-11 pick 45 18 ppg priced RB11 age 32,15,0.235,0.31,0.99,0.85,0.85,0.098,Derrick Henry '25->RB7 (1.24x) | Derrick Henry '24->RB4 (1.51x) | Adrian Peterson '16->RB112 (0.05x) | Josh Jacobs '25->RB13 (1.08x) | Marshawn Lynch '15->RB60 (0.35x),"1/5 boomed, 2/5 busted",derrick henry
Cam Ward,QB,QB yr-2 pick 1 14 ppg priced QB28 age 24,15,0.198,0.228,0.94,0.93,0.94,0.085,Mac Jones '22->QB25 (0.81x) | Trevor Lawrence '22->QB6 (1.28x) | Zach Wilson '22->QB34 (0.51x) | Daniel Jones '21->QB27 (0.79x) | Bryce Young '24->QB20 (1.04x),"0/5 boomed, 1/5 busted",cam ward
Puka Nacua,WR,WR yr-4 pick 177 22 ppg priced WR1 age 25,15,0.222,0.164,1.17,1.09,1.07,0.247,Tyreek Hill '19->WR33 (0.79x) | Amon-Ra St. Brown '24->WR2 (1.18x) | Odell Beckham Jr. '16->WR4 (1.17x) | Puka Nacua '25->WR1 (1.52x) | Tyreek Hill '21->WR6 (1.10x),"1/5 boomed, 0/5 busted",puka nacua
Calvin Ridley,WR,WR yr-9 pick 26 10 ppg priced WR67 age 31,15,0.172,0.264,0.78,0.78,0.82,0.047,Demaryius Thomas '19->WR83 (0.75x) | Corey Davis '22->WR76 (0.92x) | Marquise Brown '25->WR44 (1.14x) | Jarvis Landry '22->WR108 (0.46x) | Brandin Cooks '24->WR96 (0.57x),"0/5 boomed, 2/5 busted",calvin ridley
Kenny Pickett,QB,QB yr-5 pick 20 4 ppg priced QB59 age 28 new team,15,0.348,0.303,1.59,1.86,2.61,0.085,Davis Mills '25->QB41 (3.28x) | Trey Lance '25->QB57 (0.27x) | Mac Jones '25->QB29 (4.55x) | Kenny Pickett '25->QB60 (0.34x) | Zach Wilson '25->QB70 (0.04x),"2/5 boomed, 3/5 busted",kenny pickett
Darnell Washington,TE,TE yr-4 pick 93 5 ppg priced TE34 age 24,15,0.299,0.293,0.97,1.04,1.12,0.072,Harrison Bryant '22->TE39 (0.97x) | Adam Trautman '23->TE40 (0.93x) | Tucker Kraft '24->TE10 (1.83x) | Jonnu Smith '22->TE47 (0.58x) | Michael Mayer '24->TE53 (0.46x),"1/5 boomed, 2/5 busted",darnell washington
A.J. Brown,WR,WR yr-8 pick 51 16 ppg priced WR9 age 29 new team,15,0.197,0.164,0.98,1.03,1.01,0.122,A.J. Brown '25->WR11 (0.97x) | Dez Bryant '17->WR23 (0.85x) | Mike Evans '22->WR17 (0.95x) | Keenan Allen '22->WR38 (0.71x) | Keenan Allen '21->WR11 (1.09x),"0/5 boomed, 0/5 busted",a j brown
Christian McCaffrey,RB,RB yr-10 pick 8 22 ppg priced RB3 age 30,15,0.26,0.26,0.99,0.98,0.93,0.123,Saquon Barkley '25->RB15 (0.94x) | Marshawn Lynch '15->RB60 (0.35x) | Derrick Henry '25->RB7 (1.24x) | Christian McCaffrey '24->RB68 (0.20x) | Christian McCaffrey '23->RB1 (1.55x),"1/5 boomed, 2/5 busted",christian mccaffrey
Justin Fields,QB,QB yr-6 pick 11 15 ppg priced QB49 age 27 new team,15,0.248,0.353,0.66,0.8,1.11,0.085,Mac Jones '25->QB29 (4.55x) | Sam Darnold '23->QB52 (0.76x) | Mac Jones '24->QB36 (3.28x) | Mason Rudolph '25->QB54 (0.60x) | Mitchell Trubisky '21->QB62 (0.21x),"2/5 boomed, 2/5 busted",justin fields
Saquon Barkley,RB,RB yr-9 pick 2 18 ppg priced RB10 age 29,15,0.235,0.26,1.04,1.0,0.96,0.098,Marshawn Lynch '15->RB60 (0.35x) | Josh Jacobs '25->RB13 (1.08x) | Saquon Barkley '25->RB15 (0.94x) | Leonard Fournette '22->RB14 (1.03x) | Adrian Peterson '16->RB112 (0.05x),"0/5 boomed, 2/5 busted",saquon barkley
Tony Pollard,RB,RB yr-8 pick 128 12 ppg priced RB28 age 29,15,0.26,0.235,1.02,1.03,1.03,0.048,James White '20->RB42 (0.89x) | Bilal Powell '17->RB30 (1.02x) | Dion Lewis '18->RB27 (1.19x) | Aaron Jones '25->RB41 (0.83x) | Mike Davis '21->RB34 (0.94x),"0/5 boomed, 0/5 busted",tony pollard
Tre Tucker,WR,WR yr-4 pick 100 9 ppg priced WR59 age 25,15,0.347,0.214,1.51,1.38,1.32,0.047,Wan'Dale Robinson '25->WR13 (1.80x) | Jerry Jeudy '24->WR16 (1.96x) | Josh Downs '24->WR35 (1.51x) | Darnell Mooney '23->WR83 (0.65x) | Courtland Sutton '19->WR19 (1.82x),"4/5 boomed, 1/5 busted",tre tucker
Trey McBride,TE,TE yr-5 pick 55 17 ppg priced TE1 age 26,15,0.299,0.193,1.22,1.18,1.19,0.297,Trey McBride '25->TE1 (1.66x) | Mark Andrews '22->TE4 (0.99x) | T.J. Hockenson '23->TE4 (1.20x) | Brock Bowers '25->TE11 (0.83x) | Jordan Reed '16->TE10 (0.95x),"1/5 boomed, 0/5 busted",trey mcbride
Jadarian Price,RB,RB rookie priced RB31 age 22,15,0.335,0.26,1.25,1.15,1.07,0.048,D'Andre Swift '20->RB16 (1.43x) | Kerryon Johnson '18->RB33 (1.03x) | Miles Sanders '19->RB15 (1.60x) | Cam Akers '20->RB45 (0.76x) | Trey Sermon '21->RB96 (0.20x),"2/5 boomed, 1/5 busted",jadarian price
Alec Pierce,WR,WR yr-5 pick 53 11 ppg priced WR27 age 26,15,0.297,0.164,1.16,1.21,1.18,0.072,Terry McLaurin '24->WR7 (1.54x) | Will Fuller '20->WR33 (1.14x) | Allen Robinson '19->WR8 (1.63x) | Tee Higgins '24->WR17 (1.28x) | Diontae Johnson '23->WR45 (0.83x),"2/5 boomed, 0/5 busted",alec pierce
Hunter Henry,TE,TE yr-11 pick 35 10 ppg priced TE20 age 31,15,0.299,0.268,1.05,1.05,1.02,0.097,Hunter Henry '25->TE9 (1.41x) | Kyle Rudolph '19->TE16 (0.93x) | Mike Gesicki '25->TE41 (0.67x) | Zach Ertz '25->TE20 (1.05x) | Zach Ertz '22->TE20 (0.80x),"1/5 boomed, 1/5 busted",hunter henry
Trevor Lawrence,QB,QB yr-6 pick 1 21 ppg priced QB12 age 26,15,0.198,0.228,0.91,0.95,0.93,0.16,Tua Tagovailoa '24->QB21 (0.72x) | Justin Herbert '25->QB10 (1.12x) | Kyler Murray '25->QB38 (0.29x) | Carson Wentz '20->QB22 (0.80x) | Cam Newton '15->QB1 (1.64x),"1/5 boomed, 1/5 busted",trevor lawrence
Jaxson Dart,QB,QB yr-2 pick 25 20 ppg priced QB13 age 23,15,0.198,0.178,0.84,0.97,0.98,0.11,Jameis Winston '16->QB12 (1.11x) | Daniel Jones '20->QB24 (0.74x) | Teddy Bridgewater '15->QB24 (0.81x) | Caleb Williams '25->QB6 (1.23x) | Drake Maye '25->QB3 (1.37x),"1/5 boomed, 0/5 busted",jaxson dart
Evan Engram,TE,TE yr-10 pick 23 8 ppg priced TE30 age 31,15,0.324,0.293,0.93,1.09,1.13,0.147,Hunter Henry '25->TE9 (1.41x) | Eric Ebron '21->TE65 (0.35x) | Mike Gesicki '25->TE41 (0.67x) | Hunter Henry '23->TE19 (1.14x) | Zach Ertz '21->TE5 (1.68x),"2/5 boomed, 2/5 busted",evan engram
Jacory Croskey-Merritt,RB,RB yr-2 pick 245 8 ppg priced RB40 age 25,15,0.36,0.26,1.12,1.2,1.18,0.048,Jaleel McLaughlin '24->RB46 (0.83x) | Theo Riddick '16->RB25 (1.43x) | Alfred Blue '15->RB47 (0.96x) | Isiah Pacheco '23->RB15 (1.50x) | Jaylen Warren '23->RB20 (1.61x),"3/5 boomed, 0/5 busted",jacory croskey merritt
J.J. McCarthy,QB,QB yr-3 pick 10 15 ppg priced QB36 age 23,15,0.198,0.278,0.79,0.81,0.84,0.085,Anthony Richardson '25->QB67 (0.01x) | Drew Lock '21->QB41 (0.59x) | Zach Wilson '23->QB29 (0.98x) | Mac Jones '23->QB30 (0.66x) | Sam Darnold '22->QB35 (1.72x),"1/5 boomed, 3/5 busted",j j mccarthy
Rashid Shaheed,WR,WR yr-5 9 ppg priced WR40 age 27,15,0.247,0.189,1.09,1.12,1.1,0.047,Adam Thielen '17->WR8 (1.67x) | Allen Lazard '22->WR34 (1.10x) | Mike Williams '21->WR14 (1.72x) | Tyrell Williams '17->WR43 (0.94x) | Gabe Davis '23->WR41 (1.02x),"2/5 boomed, 0/5 busted",rashid shaheed
Ashton Jeanty,RB,RB yr-2 pick 6 15 ppg priced RB7 age 22,15,0.235,0.285,0.92,0.92,0.96,0.098,Christian McCaffrey '18->RB1 (1.85x) | Todd Gurley '16->RB15 (0.83x) | Bijan Robinson '24->RB3 (1.37x) | Najee Harris '22->RB13 (0.92x) | Leonard Fournette '18->RB41 (0.55x),"2/5 boomed, 1/5 busted",ashton jeanty
Riley Leonard,QB,QB rookie pick 189 priced QB38 age 23,15,0.273,0.303,0.85,0.88,1.15,0.085,Jalen Milroe '25->QB72 (0.01x) | Riley Leonard '25->QB51 (1.07x) | Clayton Tune '23->QB65 (0.16x) | Spencer Rattler '24->QB41 (1.78x) | Desmond Ridder '22->QB45 (0.82x),"1/5 boomed, 2/5 busted",riley leonard
Mitchell Evans,TE,TE yr-2 pick 163 3 ppg priced TE58 age 23,15,0.324,0.343,0.94,1.07,1.25,0.072,Brevin Jordan '23->TE44 (1.66x) | Will Mallory '24->TE95 (0.22x) | Juwan Johnson '22->TE15 (4.39x) | Darnell Washington '25->TE39 (2.39x) | Kylen Granson '22->TE41 (1.66x),"4/5 boomed, 1/5 busted",mitchell evans
Chris Rodriguez,RB,RB yr-4 pick 193 6 ppg priced RB47 age 26 new team,15,0.285,0.385,0.6,0.82,0.9,0.048,Spencer Ware '16->RB16 (2.02x) | Ty Chandler '24->RB90 (0.27x) | Christine Michael '16->RB34 (1.19x) | Phillip Lindsay '21->RB84 (0.43x) | Alfred Morris '16->RB76 (0.42x),"1/5 boomed, 3/5 busted",chris rodriguez
DJ Moore,WR,WR yr-9 pick 24 12 ppg priced WR30 age 29 new team,15,0.197,0.239,1.08,0.99,0.99,0.047,Michael Crabtree '18->WR55 (0.80x) | Amari Cooper '22->WR11 (1.44x) | Amari Cooper '24->WR63 (0.69x) | Golden Tate '18->WR30 (0.98x) | Brandin Cooks '23->WR38 (1.08x),"1/5 boomed, 1/5 busted",dj moore
Dallas Goedert,TE,TE yr-9 pick 49 12 ppg priced TE12 age 31,15,0.274,0.218,0.94,1.03,1.06,0.097,Dallas Goedert '24->TE28 (0.75x) | Dallas Goedert '25->TE7 (1.44x) | Kyle Rudolph '19->TE16 (0.93x) | Zach Ertz '22->TE20 (0.80x) | Hunter Henry '25->TE9 (1.41x),"2/5 boomed, 0/5 busted",dallas goedert
Kaelon Black,RB,RB rookie priced RB68 age 24,15,0.26,0.385,0.46,0.65,0.76,0.048,Kyle Monangai '25->RB33 (2.10x) | Rhamondre Stevenson '21->RB47 (1.27x) | Joshua Kelley '20->RB58 (1.14x) | Chris Carson '17->RB84 (0.46x) | DJ Giddens '25->RB105 (0.14x),"1/5 boomed, 2/5 busted",kaelon black
KaVontae Turpin,WR,WR yr-8 6 ppg priced WR68 age 29,15,0.272,0.164,1.15,1.19,1.19,0.047,Marquise Goodwin '19->WR125 (0.38x) | Chris Hogan '16->WR60 (1.15x) | Michael Gallup '23->WR79 (0.72x) | Mike Wallace '16->WR24 (1.76x) | Miles Austin '14->WR65 (1.16x),"1/5 boomed, 1/5 busted",kavontae turpin
Tyrone Tracy,RB,RB yr-3 pick 166 11 ppg priced RB48 age 26,15,0.26,0.31,1.0,0.94,0.92,0.048,Ty Chandler '24->RB90 (0.27x) | Jeremy Hill '17->RB99 (0.18x) | Tyler Allgeier '24->RB43 (0.99x) | Tyler Allgeier '23->RB38 (1.29x) | Jerome Ford '25->RB71 (0.42x),"0/5 boomed, 3/5 busted",tyrone tracy
Rashee Rice,WR,WR yr-4 pick 55 18 ppg priced WR8 age 26,15,0.172,0.189,0.97,0.96,0.91,0.122,Keenan Allen '16->WR163 (0.06x) | A.J. Brown '23->WR5 (1.24x) | A.J. Brown '21->WR33 (0.76x) | Justin Jefferson '24->WR3 (1.23x) | Nico Collins '25->WR8 (0.89x),"0/5 boomed, 1/5 busted",rashee rice
De'Von Achane,RB,RB yr-4 pick 84 19 ppg priced RB5 age 24,15,0.235,0.335,0.92,0.89,0.88,0.148,De'Von Achane '25->RB5 (1.34x) | David Montgomery '21->RB20 (1.13x) | Najee Harris '22->RB13 (0.92x) | James Conner '19->RB34 (0.63x) | Josh Jacobs '23->RB27 (0.79x),"1/5 boomed, 1/5 busted",de von achane
Marvin Mims,WR,WR yr-4 pick 63 7 ppg priced WR70 age 24,15,0.297,0.189,1.04,1.2,1.2,0.047,Tre'Quan Smith '21->WR80 (0.95x) | Alec Pierce '23->WR73 (1.04x) | Wan'Dale Robinson '24->WR36 (1.98x) | Rashod Bateman '24->WR40 (1.90x) | Michael Wilson '24->WR59 (1.37x),"3/5 boomed, 0/5 busted",marvin mims
Michael Penix,QB,QB yr-3 pick 8 14 ppg priced QB32 age 26,15,0.198,0.353,0.66,0.7,0.75,0.085,Zach Wilson '23->QB29 (0.98x) | Mac Jones '23->QB30 (0.66x) | Drew Lock '21->QB41 (0.59x) | Anthony Richardson '25->QB67 (0.01x) | Will Levis '24->QB28 (0.66x),"0/5 boomed, 4/5 busted",michael penix
Carnell Tate,WR,WR rookie priced WR32 age 21,15,0.322,0.189,1.17,1.21,1.2,0.097,Drake London '22->WR28 (1.13x) | Kelvin Benjamin '14->WR15 (1.46x) | Sammy Watkins '14->WR26 (1.37x) | Jordan Addison '23->WR23 (1.34x) | Ja'Marr Chase '21->WR5 (1.75x),"4/5 boomed, 0/5 busted",carnell tate
Mike Gesicki,TE,TE yr-9 pick 42 8 ppg priced TE31 age 30,15,0.299,0.268,0.97,1.08,1.1,0.122,Zach Ertz '21->TE5 (1.68x) | Mike Gesicki '25->TE41 (0.67x) | Mike Gesicki '24->TE13 (1.62x) | Kyle Rudolph '19->TE16 (0.93x) | Hunter Henry '25->TE9 (1.41x),"3/5 boomed, 1/5 busted",mike gesicki
Jeremiyah Love,RB,RB rookie priced RB12 age 21,15,0.235,0.235,1.02,1.0,1.0,0.098,Dalvin Cook '17->RB71 (0.37x) | Breece Hall '22->RB42 (0.72x) | Ashton Jeanty '25->RB11 (1.00x) | Christian McCaffrey '17->RB9 (1.11x) | Leonard Fournette '17->RB10 (1.14x),"0/5 boomed, 1/5 busted",jeremiyah love
Adam Trautman,TE,TE yr-7 pick 105 3 ppg priced TE60 age 29,15,0.474,0.243,1.53,1.71,1.73,0.072,Josh Oliver '25->TE49 (1.79x) | Durham Smythe '24->TE79 (0.47x) | Adam Trautman '25->TE58 (1.48x) | Mo Alie-Cox '23->TE48 (1.53x) | Mo Alie-Cox '24->TE60 (1.07x),"3/5 boomed, 1/5 busted",adam trautman
Bijan Robinson,RB,RB yr-4 pick 8 21 ppg priced RB2 age 24,15,0.335,0.285,1.02,1.08,1.06,0.223,Bijan Robinson '25->RB2 (1.47x) | Jonathan Taylor '22->RB31 (0.60x) | Christian McCaffrey '19->RB1 (2.01x) | Ezekiel Elliott '20->RB9 (0.99x) | Breece Hall '24->RB16 (0.94x),"2/5 boomed, 1/5 busted",bijan robinson
DeVonta Smith,WR,WR yr-6 pick 10 13 ppg priced WR15 age 27,15,0.197,0.214,1.0,0.98,0.95,0.072,Amari Cooper '20->WR15 (1.18x) | Odell Beckham Jr. '20->WR90 (0.42x) | Brandin Cooks '19->WR61 (0.59x) | Mike Evans '18->WR9 (1.35x) | Mike Williams '22->WR33 (0.85x),"1/5 boomed, 2/5 busted",devonta smith
Shane Buechele,QB,QB rookie priced QB60 age 28 new team,15,0.273,0.278,1.0,1.0,1.17,0.085,Sean Clifford '23->QB73 (0.05x) | Riley Leonard '25->QB51 (1.07x) | Michael Penix Jr. '24->QB46 (0.45x) | Aidan O'Connell '23->QB28 (4.43x) | Jalen Milroe '25->QB72 (0.01x),"1/5 boomed, 3/5 busted",shane buechele
Bhayshul Tuten,RB,RB yr-2 pick 104 6 ppg priced RB24 age 23,15,0.31,0.335,0.84,0.99,1.02,0.098,James Cook '23->RB11 (1.62x) | Joseph Randle '15->RB65 (0.54x) | Matt Jones '16->RB57 (0.59x) | Jamaal Williams '18->RB45 (0.82x) | J.K. Dobbins '22->RB56 (0.56x),"1/5 boomed, 3/5 busted",bhayshul tuten
Drake London,WR,WR yr-5 pick 8 17 ppg priced WR7 age 25,15,0.222,0.189,0.89,0.97,0.97,0.122,Drake London '25->WR18 (0.86x) | Nico Collins '25->WR8 (0.89x) | A.J. Green '15->WR8 (1.23x) | Justin Jefferson '24->WR3 (1.23x) | Odell Beckham Jr. '18->WR15 (0.93x),"0/5 boomed, 0/5 busted",drake london
Malik Nabers,WR,WR yr-3 pick 6 17 ppg priced WR16 age 23,15,0.222,0.239,0.97,0.95,0.98,0.122,DJ Moore '20->WR25 (1.00x) | Mike Evans '15->WR21 (1.07x) | Mike Evans '16->WR3 (1.36x) | Chris Olave '23->WR17 (1.04x) | Chris Olave '24->WR91 (0.36x),"1/5 boomed, 1/5 busted",malik nabers
Anthony Richardson,QB,QB yr-4 pick 4 14 ppg priced QB39 age 24,15,0.273,0.303,0.79,0.98,1.26,0.085,Anthony Richardson '25->QB67 (0.01x) | Zach Wilson '23->QB29 (0.98x) | Sam Darnold '22->QB35 (1.72x) | Sam Darnold '23->QB52 (0.76x) | Gardner Minshew '22->QB48 (0.79x),"1/5 boomed, 1/5 busted",anthony richardson
Joe Burrow,QB,QB yr-7 pick 1 25 ppg priced QB3 age 29,15,0.198,0.178,1.06,1.07,1.06,0.26,Josh Allen '24->QB4 (1.21x) | Joe Burrow '25->QB28 (0.49x) | Josh Allen '25->QB2 (1.16x) | Lamar Jackson '24->QB1 (1.48x) | Andrew Luck '16->QB4 (1.14x),"1/5 boomed, 1/5 busted",joe burrow
Xavier Worthy,WR,WR yr-3 pick 28 10 ppg priced WR55 age 23,15,0.272,0.314,0.7,0.96,1.0,0.047,Marvin Mims Jr. '25->WR72 (0.70x) | Rashod Bateman '23->WR85 (0.59x) | Marquise Brown '21->WR21 (1.76x) | Rashod Bateman '25->WR103 (0.42x) | Jalen Reagor '21->WR95 (0.64x),"1/5 boomed, 3/5 busted",xavier worthy
Jahmyr Gibbs,RB,RB yr-4 pick 12 22 ppg priced RB1 age 24,15,0.41,0.21,1.45,1.36,1.34,0.298,Jahmyr Gibbs '25->RB3 (1.45x) | Ezekiel Elliott '19->RB3 (1.35x) | Bijan Robinson '25->RB2 (1.47x) | Ezekiel Elliott '17->RB12 (0.88x) | Alvin Kamara '19->RB9 (1.04x),"3/5 boomed, 0/5 busted",jahmyr gibbs
Jared Goff,QB,QB yr-11 pick 1 23 ppg priced QB14 age 31,15,0.248,0.153,1.2,1.17,1.2,0.16,Jared Goff '25->QB5 (1.24x) | Jared Goff '24->QB6 (1.31x) | Matt Ryan '18->QB2 (1.51x) | Geno Smith '23->QB19 (0.89x) | Matthew Stafford '18->QB19 (0.92x),"2/5 boomed, 0/5 busted",jared goff
Trey Lance,QB,QB yr-6 pick 3 4 ppg priced QB64 age 26,15,0.323,0.353,0.65,1.14,1.36,0.085,Davis Mills '25->QB41 (3.28x) | Malik Willis '24->QB44 (2.57x) | Trey Lance '25->QB57 (0.27x) | Trey Lance '24->QB60 (0.55x) | Mitchell Trubisky '25->QB50 (1.59x),"3/5 boomed, 2/5 busted",trey lance
Jameson Williams,WR,WR yr-5 pick 12 14 ppg priced WR26 age 25,15,0.247,0.189,1.19,1.16,1.09,0.072,Brandon Aiyuk '23->WR13 (1.43x) | Jameson Williams '25->WR12 (1.25x) | DeVonta Smith '24->WR28 (1.01x) | Tee Higgins '24->WR17 (1.28x) | DeVonta Smith '25->WR19 (1.10x),"1/5 boomed, 0/5 busted",jameson williams
George Kittle,TE,TE yr-10 pick 146 15 ppg priced TE9 age 32,15,0.274,0.268,1.18,1.09,1.09,0.247,George Kittle '25->TE13 (0.88x) | George Kittle '24->TE3 (1.69x) | Greg Olsen '16->TE3 (1.18x) | Delanie Walker '16->TE5 (1.21x) | George Kittle '23->TE6 (1.32x),"2/5 boomed, 0/5 busted",george kittle
Marvin Harrison,WR,WR yr-3 pick 4 11 ppg priced WR35 age 23,15,0.172,0.264,0.79,0.8,0.81,0.047,Jahan Dotson '23->WR56 (0.75x) | Elijah Moore '22->WR81 (0.53x) | Laviska Shenault Jr. '21->WR56 (0.80x) | Christian Kirk '19->WR38 (1.06x) | Chris Olave '25->WR6 (1.57x),"1/5 boomed, 1/5 busted",marvin harrison
Jameis Winston,QB,QB yr-12 pick 1 14 ppg priced QB66 age 32,15,0.398,0.253,1.55,1.55,2.25,0.11,Marcus Mariota '25->QB31 (4.30x) | Andy Dalton '24->QB42 (3.13x) | Jameis Winston '23->QB61 (0.46x) | Jameis Winston '25->QB46 (1.33x) | Jacoby Brissett '25->QB15 (11.98x),"4/5 boomed, 1/5 busted",jameis winston
Nick Vannett,TE,TE vet 4 ppg priced TE62 age 33,15,0.299,0.368,0.89,0.99,1.19,0.072,Ross Dwelley '22->TE80 (0.64x) | Nick Boyle '22->TE115 (0.00x) | Jared Wiley '25->TE118 (0.04x) | Mo Alie-Cox '24->TE60 (1.07x) | Mo Alie-Cox '23->TE48 (1.53x),"1/5 boomed, 3/5 busted",nick vannett
Trevor Etienne,RB,RB yr-2 pick 114 1 ppg priced RB70 age 22,15,0.285,0.36,0.84,0.8,0.88,0.048,Jaylen Wright '25->RB69 (0.84x) | Tank Bigsby '24->RB36 (1.87x) | Will Shipley '25->RB91 (0.22x) | Isaac Guerendo '25->RB147 (0.00x) | Zamir White '23->RB56 (0.87x),"1/5 boomed, 2/5 busted",trevor etienne
Ty Simpson,QB,QB rookie priced QB40 age 23,15,0.298,0.278,1.07,1.07,1.14,0.085,Jalen Milroe '25->QB72 (0.01x) | Michael Penix Jr. '24->QB46 (0.45x) | Desmond Ridder '22->QB45 (0.82x) | Malik Willis '22->QB55 (0.51x) | Mac Jones '21->QB18 (1.44x),"1/5 boomed, 3/5 busted",ty simpson
Brock Purdy,QB,QB yr-5 pick 262 22 ppg priced QB8 age 26,15,0.248,0.228,1.03,1.0,0.95,0.185,Brock Purdy '25->QB23 (0.72x) | Brock Purdy '24->QB13 (1.03x) | Jimmy Garoppolo '18->QB39 (0.20x) | Tyrod Taylor '16->QB16 (1.07x) | Russell Wilson '16->QB13 (0.93x),"0/5 boomed, 1/5 busted",brock purdy
Brock Wright,TE,TE yr-6 4 ppg priced TE66 age 27,15,0.299,0.318,1.11,1.0,1.08,0.072,Ross Dwelley '21->TE83 (0.49x) | Adam Trautman '25->TE58 (1.48x) | Ross Dwelley '22->TE80 (0.64x) | Maxx Williams '21->TE56 (1.12x) | Donald Parham '23->TE28 (2.15x),"2/5 boomed, 2/5 busted",brock wright
Fernando Mendoza,QB,QB rookie priced QB30 age 22,15,0.248,0.228,1.05,1.03,1.01,0.085,Drake Maye '24->QB23 (1.14x) | Zach Wilson '21->QB30 (0.80x) | C.J. Stroud '23->QB11 (1.56x) | Bo Nix '24->QB8 (1.79x) | Jaxson Dart '25->QB17 (1.66x),"3/5 boomed, 0/5 busted",fernando mendoza
Quinshon Judkins,RB,RB yr-2 pick 36 12 ppg priced RB20 age 22,15,0.285,0.285,1.14,1.07,1.04,0.048,D'Andre Swift '21->RB15 (1.10x) | Kenneth Walker III '23->RB22 (1.14x) | Kerryon Johnson '19->RB54 (0.48x) | Javonte Williams '24->RB30 (1.05x) | Joe Mixon '18->RB10 (1.33x),"1/5 boomed, 1/5 busted",quinshon judkins
Connor Heyward,TE,TE yr-5 pick 208 2 ppg priced TE57 age 27 new team,15,0.299,0.418,0.64,0.92,1.19,0.072,Jacob Hollister '21->TE72 (0.55x) | Ross Dwelley '22->TE80 (0.64x) | Pharaoh Brown '22->TE74 (0.64x) | Donald Parham '23->TE28 (2.15x) | Jared Wiley '25->TE118 (0.04x),"1/5 boomed, 4/5 busted",connor heyward
Kenneth Walker,RB,RB yr-5 pick 41 13 ppg priced RB14 age 25 new team,15,0.36,0.235,1.11,1.19,1.18,0.098,Mark Ingram '15->RB12 (1.11x) | Josh Jacobs '24->RB6 (1.36x) | James Cook '24->RB8 (1.39x) | Travis Etienne '23->RB3 (1.43x) | Todd Gurley '20->RB29 (1.06x),"3/5 boomed, 0/5 busted",kenneth walker
Dalton Kincaid,TE,TE yr-4 pick 25 9 ppg priced TE16 age 26,15,0.249,0.243,1.04,1.05,0.99,0.097,Dalton Kincaid '25->TE19 (0.92x) | Mike Gesicki '22->TE23 (0.77x) | Dallas Goedert '21->TE9 (1.17x) | Mike Gesicki '20->TE8 (1.32x) | Dwayne Allen '15->TE59 (0.27x),"1/5 boomed, 1/5 busted",dalton kincaid
Cam Grandy,TE,TE rookie priced TE69 age 26,15,0.249,0.393,0.54,0.63,0.74,0.072,Jared Wiley '24->TE108 (0.06x) | Kylen Granson '21->TE70 (0.70x) | Jake Ferguson '22->TE48 (1.58x) | Cole Turner '22->TE106 (0.14x) | Noah Gray '21->TE79 (0.54x),"1/5 boomed, 3/5 busted",cam grandy
Amon-Ra St. Brown,WR,WR yr-6 pick 112 19 ppg priced WR3 age 26,15,0.197,0.164,1.03,1.0,1.0,0.172,Amon-Ra St. Brown '25->WR3 (1.26x) | Keenan Allen '18->WR12 (1.09x) | Amon-Ra St. Brown '24->WR2 (1.18x) | Stefon Diggs '21->WR7 (1.06x) | A.J. Brown '24->WR19 (0.86x),"0/5 boomed, 0/5 busted",amon ra st brown
Chris Oladokun,QB,QB rookie pick 241 priced QB70 age 28,15,0.223,0.303,0.85,0.82,1.03,0.085,Joe Milton III '24->QB54 (1.00x) | Riley Leonard '25->QB51 (1.07x) | Sean Clifford '23->QB73 (0.05x) | Aidan O'Connell '23->QB28 (4.43x) | Clayton Tune '23->QB65 (0.16x),"1/5 boomed, 2/5 busted",chris oladokun
Luke Musgrave,TE,TE yr-4 pick 42 3 ppg priced TE52 age 25,15,0.349,0.293,1.16,1.22,1.29,0.072,Luke Musgrave '25->TE53 (1.16x) | Drew Sample '21->TE76 (0.52x) | Luke Schoonmaker '25->TE70 (0.89x) | David Njoku '21->TE23 (2.54x) | Josiah Deguara '22->TE72 (0.66x),"1/5 boomed, 2/5 busted",luke musgrave
Jordyn Tyson,WR,WR rookie priced WR38 age 21,15,0.322,0.164,1.22,1.25,1.25,0.097,Jordan Addison '23->WR23 (1.34x) | Sterling Shepard '16->WR37 (1.22x) | Mike Evans '14->WR13 (1.64x) | Drake London '22->WR28 (1.13x) | Brian Thomas Jr. '24->WR5 (1.90x),"3/5 boomed, 0/5 busted",jordyn tyson
MarShawn Lloyd,RB,RB rookie pick 88 priced RB63 age 25,15,0.335,0.285,1.14,1.1,1.13,0.048,Woody Marks '25->RB30 (1.57x) | Joshua Kelley '20->RB58 (1.14x) | Rhamondre Stevenson '21->RB47 (1.27x) | Zamir White '22->RB127 (0.08x) | Ray Davis '24->RB41 (1.14x),"1/5 boomed, 1/5 busted",marshawn lloyd
Samaje Perine,RB,RB yr-10 pick 114 5 ppg priced RB49 age 30,15,0.385,0.235,1.38,1.36,1.36,0.048,James White '21->RB93 (0.28x) | Darren Sproles '14->RB25 (1.13x) | Samaje Perine '22->RB36 (1.54x) | Jerick McKinnon '23->RB53 (0.69x) | Justice Hill '25->RB60 (0.82x),"1/5 boomed, 2/5 busted",samaje perine
Cole Kmet,TE,TE yr-7 pick 43 6 ppg priced TE41 age 27,15,0.299,0.293,0.97,1.08,1.09,0.072,Cole Kmet '25->TE37 (0.97x) | Noah Fant '25->TE36 (1.24x) | Dawson Knox '24->TE41 (0.91x) | Adam Shaheen '21->TE68 (0.43x) | Dawson Knox '25->TE29 (1.96x),"1/5 boomed, 1/5 busted",cole kmet
Tetairoa McMillan,WR,WR yr-2 pick 8 13 ppg priced WR17 age 23,15,0.247,0.214,1.04,1.04,1.02,0.122,Marvin Harrison Jr. '25->WR49 (0.62x) | Chris Olave '23->WR17 (1.04x) | Drake London '23->WR37 (0.92x) | Jarvis Landry '15->WR11 (1.37x) | Chris Olave '24->WR91 (0.36x),"1/5 boomed, 2/5 busted",tetairoa mcmillan
Bo Nix,QB,QB yr-3 pick 12 21 ppg priced QB6 age 26,15,0.173,0.203,0.83,0.87,0.9,0.135,Trevor Lawrence '23->QB12 (1.00x) | Bo Nix '25->QB9 (1.07x) | Justin Fields '23->QB18 (0.79x) | Derek Carr '17->QB18 (0.78x) | Marcus Mariota '17->QB21 (0.78x),"0/5 boomed, 0/5 busted",bo nix
Stefon Diggs,WR,WR vet 13 ppg priced WR43 age 32 new team,15,0.222,0.214,1.1,1.05,1.03,0.047,DeAndre Hopkins '24->WR47 (0.93x) | Marvin Jones '21->WR34 (1.39x) | DeSean Jackson '19->WR128 (0.30x) | Jakobi Meyers '25->WR30 (1.12x) | Tyler Lockett '24->WR65 (0.93x),"1/5 boomed, 1/5 busted",stefon diggs
Kenny Gainwell,RB,RB yr-6 pick 150 8 ppg priced RB30 age 27 new team,15,0.285,0.285,0.98,1.02,1.03,0.048,Samaje Perine '23->RB40 (0.98x) | Latavius Murray '19->RB28 (1.24x) | Tony Pollard '22->RB9 (1.71x) | Jordan Mason '25->RB36 (0.94x) | Chase Edmonds '22->RB58 (0.51x),"1/5 boomed, 1/5 busted",kenneth gainwell
Travis Etienne,RB,RB yr-6 pick 25 12 ppg priced RB19 age 27 new team,15,0.41,0.235,1.38,1.29,1.26,0.123,D'Andre Swift '25->RB14 (1.51x) | D'Andre Swift '24->RB19 (1.38x) | LeSean McCoy '15->RB19 (0.87x) | Najee Harris '24->RB21 (1.40x) | Todd Gurley '20->RB29 (1.06x),"3/5 boomed, 0/5 busted",travis etienne
Drew Sample,TE,TE yr-8 pick 52 3 ppg priced TE56 age 30,15,0.374,0.243,1.48,1.51,1.59,0.072,Josh Oliver '24->TE38 (1.78x) | Maxx Williams '21->TE56 (1.12x) | Drew Sample '24->TE54 (1.19x) | Dawson Knox '25->TE29 (1.96x) | Josh Oliver '25->TE49 (1.79x),"3/5 boomed, 0/5 busted",drew sample
Tyjae Spears,RB,RB yr-4 pick 81 9 ppg priced RB42 age 25,15,0.36,0.285,1.19,1.19,1.15,0.048,Darrell Henderson '22->RB59 (0.61x) | AJ Dillon '23->RB42 (0.87x) | Tarik Cohen '20->RB108 (0.15x) | Alexander Mattison '22->RB52 (0.80x) | Brian Robinson '23->RB21 (1.53x),"1/5 boomed, 2/5 busted",tyjae spears
Kyle Monangai,RB,RB yr-2 pick 233 8 ppg priced RB36 age 24,15,0.31,0.26,0.96,1.07,1.11,0.073,Isiah Pacheco '23->RB15 (1.50x) | Alfred Blue '15->RB47 (0.96x) | Matt Breida '19->RB46 (0.89x) | Rashaad Penny '19->RB59 (0.68x) | Aaron Jones '18->RB24 (1.54x),"2/5 boomed, 1/5 busted",kyle monangai
Teddy Bridgewater,QB,QB rookie pick 32 priced QB62 age 33 new team,15,0.273,0.278,1.07,1.02,1.18,0.085,Michael Penix Jr. '24->QB46 (0.45x) | Sean Clifford '23->QB73 (0.05x) | Tyler Shough '25->QB26 (1.29x) | Will Levis '23->QB32 (2.05x) | Jalen Milroe '25->QB72 (0.01x),"1/5 boomed, 3/5 busted",teddy bridgewater
Brian Thomas,WR,WR yr-3 pick 23 14 ppg priced WR45 age 23,15,0.222,0.239,1.04,0.97,0.97,0.047,Jordan Addison '24->WR21 (1.63x) | Jordan Addison '25->WR45 (1.04x) | Josh Downs '25->WR43 (1.00x) | DJ Chark '21->WR136 (0.26x) | Christian Kirk '20->WR52 (1.20x),"1/5 boomed, 1/5 busted",brian thomas
David Montgomery,RB,RB yr-8 pick 73 13 ppg priced RB25 age 29 new team,15,0.31,0.185,1.19,1.2,1.2,0.073,Alvin Kamara '23->RB12 (1.56x) | Joe Mixon '24->RB17 (1.27x) | DeMarco Murray '16->RB4 (1.65x) | Mike Davis '21->RB34 (0.94x) | D'Andre Swift '25->RB14 (1.51x),"3/5 boomed, 0/5 busted",david montgomery
Jonathon Brooks,RB,RB rookie pick 46 priced RB39 age 23,15,0.31,0.335,0.84,0.96,0.98,0.048,Zach Charbonnet '23->RB45 (0.84x) | Kenneth Walker III '22->RB18 (1.61x) | Rashaad Penny '18->RB67 (0.60x) | Jeremy Hill '14->RB10 (1.84x) | Derrick Henry '16->RB45 (0.81x),"2/5 boomed, 1/5 busted",jonathon brooks
Kyle Allen,QB,QB rookie priced QB68 age 30 new team,15,0.273,0.278,1.0,1.0,1.17,0.085,Joe Milton III '24->QB54 (1.00x) | Riley Leonard '25->QB51 (1.07x) | Sean Clifford '23->QB73 (0.05x) | Michael Penix Jr. '24->QB46 (0.45x) | Aidan O'Connell '23->QB28 (4.43x),"1/5 boomed, 2/5 busted",kyle allen
Dylan Sampson,RB,RB yr-2 pick 126 6 ppg priced RB54 age 21,15,0.36,0.235,1.29,1.23,1.2,0.048,Roschon Johnson '24->RB54 (0.84x) | Chuba Hubbard '23->RB28 (1.98x) | Braelon Allen '25->RB93 (0.14x) | Tony Pollard '20->RB41 (1.26x) | DeAndre Washington '17->RB58 (1.00x),"1/5 boomed, 1/5 busted",dylan sampson
Gunnar Helm,TE,TE yr-2 pick 120 6 ppg priced TE28 age 23,15,0.349,0.318,1.29,1.17,1.2,0.097,Ja'Tavion Sanders '25->TE50 (0.59x) | Cade Otton '23->TE20 (1.36x) | Theo Johnson '25->TE18 (1.44x) | Adam Trautman '22->TE49 (0.50x) | Cade Otton '24->TE14 (1.32x),"3/5 boomed, 2/5 busted",gunnar helm
Terry McLaurin,WR,WR yr-8 pick 76 14 ppg priced WR22 age 30,15,0.222,0.214,1.0,1.01,1.0,0.047,Courtland Sutton '25->WR14 (1.11x) | Golden Tate '17->WR12 (1.27x) | T.Y. Hilton '19->WR57 (0.68x) | Keenan Allen '20->WR12 (1.40x) | T.Y. Hilton '20->WR42 (0.94x),"1/5 boomed, 1/5 busted",terry mclaurin
Aaron Jones,RB,RB yr-10 pick 182 13 ppg priced RB33 age 31,15,0.26,0.36,0.83,0.78,0.83,0.073,Austin Ekeler '25->RB98 (0.10x) | Jonathan Stewart '16->RB27 (1.10x) | Aaron Jones '25->RB41 (0.83x) | Justin Forsett '16->RB65 (0.53x) | Austin Ekeler '24->RB34 (0.98x),"0/5 boomed, 2/5 busted",aaron jones
Jalen Coker,WR,WR yr-3 8 ppg priced WR57 age 24,15,0.297,0.314,1.0,1.0,1.05,0.047,Rashid Shaheed '24->WR94 (0.60x) | Kenny Stills '16->WR45 (1.48x) | Rondale Moore '22->WR83 (0.70x) | Romeo Doubs '23->WR36 (1.38x) | Geronimo Allison '18->WR101 (0.55x),"2/5 boomed, 3/5 busted",jalen coker
Mason Taylor,TE,TE yr-2 pick 42 7 ppg priced TE37 age 22,15,0.324,0.293,1.03,1.11,1.19,0.072,Michael Mayer '24->TE53 (0.46x) | Daniel Bellinger '23->TE45 (0.78x) | Michael Mayer '25->TE38 (1.38x) | Tommy Tremble '22->TE46 (0.99x) | Tommy Tremble '23->TE39 (1.02x),"1/5 boomed, 1/5 busted",mason taylor
Cam Skattebo,RB,RB yr-2 pick 105 16 ppg priced RB18 age 24,15,0.21,0.235,1.05,1.0,0.97,0.073,Dameon Pierce '23->RB55 (0.41x) | De'Von Achane '24->RB5 (1.30x) | James Conner '20->RB27 (0.91x) | Rachaad White '24->RB20 (1.05x) | Miles Sanders '21->RB46 (0.72x),"0/5 boomed, 1/5 busted",cam skattebo
Tank Bigsby,RB,RB yr-4 pick 88 6 ppg priced RB59 age 23,15,0.31,0.26,1.18,1.08,1.06,0.048,Roschon Johnson '25->RB127 (0.02x) | Alexander Mattison '21->RB38 (1.26x) | Joshua Kelley '23->RB60 (0.80x) | Knile Davis '14->RB37 (1.37x) | Samaje Perine '22->RB36 (1.54x),"2/5 boomed, 1/5 busted",tank bigsby
AJ Barner,TE,TE yr-3 pick 121 7 ppg priced TE25 age 24,15,0.374,0.268,1.32,1.23,1.17,0.122,Cade Otton '24->TE14 (1.32x) | Isaiah Likely '24->TE16 (1.34x) | Austin Hooper '18->TE6 (1.34x) | Brenton Strange '25->TE23 (1.02x) | Isaiah Likely '25->TE44 (0.70x),"3/5 boomed, 1/5 busted",aj barner
Rhamondre Stevenson,RB,RB yr-6 pick 120 12 ppg priced RB32 age 28,15,0.285,0.26,0.89,1.0,1.04,0.073,Rhamondre Stevenson '25->RB24 (1.42x) | Kenyan Drake '21->RB55 (0.76x) | Zack Moss '24->RB52 (0.62x) | James White '20->RB42 (0.89x) | Joique Bell '15->RB50 (0.83x),"1/5 boomed, 1/5 busted",rhamondre stevenson
Kyren Williams,RB,RB yr-5 pick 164 17 ppg priced RB17 age 25,15,0.31,0.26,1.17,1.09,1.05,0.123,Kyren Williams '25->RB9 (1.22x) | Chris Carson '19->RB12 (1.31x) | Aaron Jones '20->RB5 (1.41x) | Devonta Freeman '18->RB99 (0.07x) | Mark Ingram '16->RB8 (1.17x),"2/5 boomed, 1/5 busted",kyren williams
Romeo Doubs,WR,WR yr-5 pick 132 10 ppg priced WR53 age 26 new team,15,0.247,0.289,1.0,0.96,1.01,0.047,Gabe Davis '24->WR109 (0.46x) | Romeo Doubs '24->WR56 (1.00x) | Tyrell Williams '19->WR47 (1.17x) | Allen Hurns '18->WR104 (0.50x) | Travis Benjamin '16->WR58 (1.03x),"0/5 boomed, 2/5 busted",romeo doubs
Pat Freiermuth,TE,TE yr-6 pick 55 9 ppg priced TE24 age 27,15,0.199,0.243,0.92,0.95,0.95,0.097,Pat Freiermuth '25->TE25 (1.21x) | Austin Hooper '21->TE25 (0.78x) | Noah Fant '24->TE27 (0.99x) | David Njoku '22->TE11 (1.13x) | Evan Engram '22->TE5 (1.62x),"1/5 boomed, 0/5 busted",pat freiermuth
Emari Demercado,RB,RB yr-4 5 ppg priced RB60 age 27 new team,15,0.31,0.285,0.92,1.1,1.13,0.048,Jeff Wilson '22->RB29 (2.39x) | Joshua Kelley '23->RB60 (0.80x) | Charcandrick West '17->RB66 (0.98x) | Gus Edwards '22->RB65 (0.77x) | Malcolm Brown '19->RB68 (0.68x),"1/5 boomed, 1/5 busted",emari demercado
Theo Wease,WR,WR rookie priced WR60 age 25,15,0.197,0.214,1.03,1.0,0.99,0.047,Jahan Dotson '22->WR52 (1.06x) | Dorial Green-Beckham '15->WR60 (0.97x) | Marqise Lee '14->WR85 (0.75x) | Will Fuller '16->WR65 (1.03x) | Christian Kirk '18->WR58 (1.24x),"0/5 boomed, 0/5 busted",theo wease
Malik Willis,QB,QB yr-5 pick 86 12 ppg priced QB27 age 27 new team,15,0.223,0.278,0.9,0.96,1.11,0.085,Daniel Jones '24->QB29 (0.69x) | Desmond Ridder '23->QB22 (1.12x) | Baker Mayfield '23->QB10 (2.01x) | Mason Rudolph '24->QB37 (2.96x) | Justin Fields '25->QB30 (0.50x),"2/5 boomed, 2/5 busted",malik willis
Jaylen Warren,RB,RB yr-5 11 ppg priced RB26 age 27,15,0.385,0.26,1.38,1.2,1.17,0.073,Jaylen Warren '25->RB18 (1.49x) | Najee Harris '24->RB21 (1.40x) | Travis Etienne '25->RB10 (1.74x) | Chris Ivory '15->RB11 (1.43x) | Raheem Mostert '20->RB47 (0.74x),"4/5 boomed, 0/5 busted",jaylen warren
Spencer Rattler,QB,QB yr-3 pick 150 13 ppg priced QB67 age 25,15,0.323,0.278,0.91,1.2,1.53,0.085,Tyson Bagent '24->QB77 (-0.01x) | Tyler Huntley '23->QB50 (0.91x) | Davis Mills '23->QB59 (0.57x) | Aidan O'Connell '25->QB62 (0.14x) | Tyler Huntley '22->QB43 (1.41x),"1/5 boomed, 3/5 busted",spencer rattler
Jarrett Stidham,QB,QB rookie pick 133 priced QB47 age 29,15,0.248,0.303,0.85,0.91,1.17,0.085,Aidan O'Connell '23->QB28 (4.43x) | Clayton Tune '23->QB65 (0.16x) | Sean Clifford '23->QB73 (0.05x) | Spencer Rattler '24->QB41 (1.78x) | Jalen Milroe '25->QB72 (0.01x),"2/5 boomed, 3/5 busted",jarrett stidham
Noah Fant,TE,TE yr-8 pick 20 7 ppg priced TE44 age 28 new team,15,0.274,0.368,0.78,0.91,0.98,0.097,Noah Fant '25->TE36 (1.24x) | Gerald Everett '24->TE84 (0.15x) | Jonnu Smith '23->TE17 (2.36x) | Will Dissly '24->TE24 (2.00x) | O.J. Howard '22->TE58 (0.62x),"2/5 boomed, 2/5 busted",noah fant
Chase Brown,RB,RB yr-4 pick 163 16 ppg priced RB9 age 26,15,0.285,0.26,1.15,1.02,0.97,0.098,Kyren Williams '25->RB9 (1.22x) | Chase Brown '25->RB8 (1.22x) | Tony Pollard '23->RB14 (0.90x) | Aaron Jones '21->RB11 (1.00x) | Austin Ekeler '21->RB2 (1.44x),"1/5 boomed, 0/5 busted",chase brown
Elijah Arroyo,TE,TE yr-2 pick 50 3 ppg priced TE43 age 23,15,0.274,0.318,0.97,0.91,1.03,0.072,Ben Sinnott '25->TE68 (0.52x) | AJ Barner '25->TE14 (2.68x) | Harrison Bryant '21->TE40 (1.32x) | Luke Musgrave '25->TE53 (1.16x) | Tucker Kraft '24->TE10 (1.83x),"3/5 boomed, 1/5 busted",elijah arroyo
Mark Andrews,TE,TE yr-9 pick 86 9 ppg priced TE13 age 30,15,0.224,0.268,0.87,0.9,0.91,0.072,Mark Andrews '25->TE17 (0.94x) | Kyle Rudolph '19->TE16 (0.93x) | Tyler Higbee '23->TE24 (0.79x) | Hunter Henry '25->TE9 (1.41x) | Dallas Goedert '24->TE28 (0.75x),"1/5 boomed, 0/5 busted",mark andrews
Jayden Higgins,WR,WR yr-2 pick 34 8 ppg priced WR61 age 23,15,0.247,0.214,0.96,1.01,1.08,0.047,Jalen Reagor '21->WR95 (0.64x) | Josh Downs '24->WR35 (1.51x) | Alec Pierce '23->WR73 (1.04x) | Marvin Mims Jr. '25->WR72 (0.70x) | Xavier Legette '25->WR71 (0.84x),"1/5 boomed, 1/5 busted",jayden higgins
Garrett Nussmeier,QB,QB rookie priced QB57 age 24,15,0.273,0.278,1.0,1.0,1.17,0.085,Riley Leonard '25->QB51 (1.07x) | Sean Clifford '23->QB73 (0.05x) | Joe Milton III '24->QB54 (1.00x) | Jalen Milroe '25->QB72 (0.01x) | Michael Penix Jr. '24->QB46 (0.45x),"0/5 boomed, 3/5 busted",garrett nussmeier
Austin Hooper,TE,TE yr-11 pick 81 6 ppg priced TE46 age 31 new team,15,0.274,0.393,0.67,0.83,0.99,0.072,Kyle Rudolph '21->TE42 (1.05x) | Austin Hooper '25->TE48 (1.26x) | Jonnu Smith '23->TE17 (2.36x) | Tyler Higbee '24->TE65 (0.42x) | Austin Hooper '23->TE47 (0.67x),"1/5 boomed, 2/5 busted",austin hooper
Justin Jefferson,WR,WR yr-7 pick 22 15 ppg priced WR6 age 27,15,0.147,0.214,0.86,0.87,0.84,0.072,Allen Robinson '20->WR9 (1.23x) | A.J. Brown '24->WR19 (0.86x) | Justin Jefferson '25->WR20 (0.74x) | Amari Cooper '20->WR15 (1.18x) | A.J. Green '16->WR34 (0.75x),"0/5 boomed, 0/5 busted",justin jefferson
Ja'Tavion Sanders,TE,TE yr-3 pick 101 5 ppg priced TE35 age 23,15,0.249,0.318,0.93,0.9,0.95,0.072,Adam Trautman '22->TE49 (0.50x) | Theo Johnson '25->TE18 (1.44x) | Ja'Tavion Sanders '25->TE50 (0.59x) | Cade Otton '23->TE20 (1.36x) | Harrison Bryant '22->TE39 (0.97x),"2/5 boomed, 2/5 busted",ja tavion sanders
Tanner McKee,QB,QB rookie pick 188 priced QB52 age 26,15,0.223,0.303,0.85,0.82,1.03,0.085,Riley Leonard '25->QB51 (1.07x) | Sean Clifford '23->QB73 (0.05x) | Aidan O'Connell '23->QB28 (4.43x) | Joe Milton III '24->QB54 (1.00x) | Clayton Tune '23->QB65 (0.16x),"1/5 boomed, 2/5 busted",tanner mckee
Quentin Johnston,WR,WR yr-4 pick 21 12 ppg priced WR54 age 24,15,0.297,0.239,1.04,1.1,1.12,0.047,Rashod Bateman '25->WR103 (0.42x) | Marquise Brown '21->WR21 (1.76x) | Rueben Randle '15->WR32 (1.62x) | Jayden Reed '25->WR113 (0.37x) | Christian Kirk '20->WR52 (1.20x),"2/5 boomed, 2/5 busted",quentin johnston
Germie Bernard,WR,WR rookie priced WR69 age 22,15,0.172,0.264,0.83,0.83,0.83,0.047,Adonai Mitchell '24->WR110 (0.61x) | Marvin Mims Jr. '23->WR91 (0.73x) | Tre Harris '25->WR90 (0.75x) | Terrace Marshall Jr. '21->WR141 (0.33x) | Jayden Higgins '25->WR47 (1.07x),"0/5 boomed, 2/5 busted",germie bernard
Jordan James,RB,RB rookie pick 147 priced RB58 age 22,15,0.26,0.385,0.59,0.7,0.8,0.048,Kenny Gainwell '21->RB40 (1.34x) | Jaydon Blue '25->RB89 (0.20x) | Bucky Irving '24->RB14 (2.67x) | Zamir White '22->RB127 (0.08x) | Isaiah Spiller '22->RB121 (0.09x),"2/5 boomed, 3/5 busted",jordan james
Chris Olave,WR,WR yr-5 pick 11 14 ppg priced WR13 age 26,15,0.222,0.239,0.94,0.94,0.94,0.097,Michael Pittman '24->WR41 (0.81x) | Garrett Wilson '25->WR61 (0.47x) | Chris Olave '24->WR91 (0.36x) | DJ Moore '22->WR25 (0.94x) | Amari Cooper '20->WR15 (1.18x),"0/5 boomed, 2/5 busted",chris olave
Mike Washington,RB,RB rookie priced RB61 age 23,15,0.335,0.335,1.19,1.03,1.03,0.048,D'Onta Foreman '17->RB73 (0.68x) | Tyjae Spears '23->RB34 (1.67x) | Tyrone Tracy Jr. '24->RB26 (2.02x) | Woody Marks '25->RB30 (1.57x) | Chuba Hubbard '21->RB36 (2.05x),"4/5 boomed, 1/5 busted",mike washington
Josh Allen,QB,QB yr-9 pick 7 27 ppg priced QB1 age 30,15,0.248,0.178,1.07,1.09,1.07,0.26,Josh Allen '25->QB2 (1.16x) | Josh Allen '24->QB4 (1.21x) | Matt Ryan '17->QB15 (0.83x) | Patrick Mahomes '23->QB8 (0.94x) | Patrick Mahomes '25->QB12 (0.95x),"0/5 boomed, 0/5 busted",josh allen
Josh Downs,WR,WR yr-4 pick 79 11 ppg priced WR36 age 24,15,0.272,0.189,1.08,1.13,1.11,0.072,Diontae Johnson '20->WR21 (1.44x) | Brandon Aiyuk '22->WR15 (1.39x) | Devin Funchess '18->WR59 (0.79x) | Josh Downs '25->WR43 (1.00x) | Curtis Samuel '19->WR36 (1.10x),"2/5 boomed, 0/5 busted",josh downs
Ty Johnson,RB,RB yr-8 pick 186 6 ppg priced RB55 age 28,15,0.335,0.26,0.98,1.17,1.18,0.048,James Starks '15->RB21 (1.99x) | Shane Vereen '16->RB74 (0.49x) | Ahmad Bradshaw '14->RB22 (1.60x) | James Starks '14->RB58 (0.89x) | Malcolm Brown '21->RB101 (0.24x),"2/5 boomed, 2/5 busted",ty johnson
Brandon Aiyuk,WR,WR rookie priced WR65 age 28,15,0.247,0.239,0.92,0.95,1.01,0.047,Kyle Williams '25->WR110 (0.53x) | Deebo Samuel Sr. '19->WR32 (1.66x) | Tre Harris '25->WR90 (0.75x) | Phillip Dorsett '15->WR110 (0.46x) | Kenny Golladay '17->WR70 (0.83x),"1/5 boomed, 2/5 busted",brandon aiyuk
LeQuint Allen,RB,RB yr-2 pick 236 2 ppg priced RB64 age 21,15,0.31,0.335,0.84,0.89,0.89,0.048,Will Shipley '25->RB91 (0.22x) | Boston Scott '21->RB56 (1.43x) | Jaylen Wright '25->RB69 (0.84x) | Isaac Guerendo '25->RB147 (0.00x) | Keaton Mitchell '25->RB66 (1.00x),"1/5 boomed, 2/5 busted",lequint allen
Zay Flowers,WR,WR yr-4 pick 22 13 ppg priced WR14 age 25,15,0.272,0.214,1.06,1.11,1.08,0.122,Amari Cooper '19->WR10 (1.20x) | Jaxon Smith-Njigba '25->WR2 (1.64x) | Mike Evans '18->WR9 (1.35x) | DeVonta Smith '23->WR16 (1.05x) | Brandon Aiyuk '24->WR105 (0.30x),"2/5 boomed, 1/5 busted",zay flowers
Greg Dulcich,TE,TE yr-5 pick 80 6 ppg priced TE27 age 26,15,0.274,0.318,0.99,0.98,1.06,0.097,Adam Trautman '22->TE49 (0.50x) | Theo Johnson '25->TE18 (1.44x) | Trey McBride '23->TE7 (1.99x) | Irv Smith '23->TE58 (0.31x) | Austin Hooper '22->TE24 (0.92x),"2/5 boomed, 2/5 busted",greg dulcich
Harold Fannin,TE,TE yr-2 pick 67 12 ppg priced TE5 age 22,15,0.249,0.268,1.05,1.0,1.0,0.122,Pat Freiermuth '22->TE8 (1.08x) | Evan Engram '18->TE13 (0.93x) | Pat Freiermuth '23->TE31 (0.54x) | T.J. Hockenson '21->TE15 (0.86x) | Brock Bowers '25->TE11 (0.83x),"0/5 boomed, 1/5 busted",harold fannin
Denzel Boston,WR,WR rookie priced WR64 age 22,15,0.172,0.214,0.97,0.91,0.89,0.047,Christian Kirk '18->WR58 (1.24x) | Jonathan Mingo '23->WR80 (0.92x) | Marvin Mims Jr. '23->WR91 (0.73x) | Adonai Mitchell '24->WR110 (0.61x) | Terrace Marshall Jr. '21->WR141 (0.33x),"0/5 boomed, 2/5 busted",denzel boston
Wan'Dale Robinson,WR,WR yr-5 pick 43 12 ppg priced WR41 age 25 new team,15,0.197,0.264,1.03,0.93,0.91,0.047,Curtis Samuel '21->WR178 (0.07x) | Christian Kirk '22->WR12 (1.54x) | Chase Claypool '22->WR66 (0.84x) | Courtland Sutton '23->WR35 (1.22x) | Travis Benjamin '16->WR58 (1.03x),"1/5 boomed, 1/5 busted",wan dale robinson
Courtland Sutton,WR,WR yr-9 pick 40 14 ppg priced WR31 age 30,15,0.222,0.214,0.92,1.0,1.02,0.047,Tyler Lockett '23->WR34 (1.11x) | Emmanuel Sanders '17->WR60 (0.73x) | Chris Godwin Jr. '24->WR53 (0.83x) | Mike Evans '23->WR8 (1.70x) | Michael Crabtree '17->WR31 (0.91x),"1/5 boomed, 0/5 busted",courtland sutton
Chuba Hubbard,RB,RB yr-6 pick 126 12 ppg priced RB29 age 27,15,0.285,0.235,1.02,1.06,1.07,0.048,Tony Pollard '24->RB22 (1.39x) | James White '20->RB42 (0.89x) | Damien Harris '22->RB49 (0.66x) | Alvin Kamara '23->RB12 (1.56x) | Chris Thompson '18->RB55 (0.70x),"2/5 boomed, 1/5 busted",chuba hubbard
Charlie Kolar,TE,TE yr-5 pick 128 3 ppg priced TE70 age 27 new team,15,0.324,0.343,1.19,1.14,1.27,0.072,Kylen Granson '25->TE91 (0.36x) | Hunter Long '25->TE63 (1.06x) | Adam Trautman '25->TE58 (1.48x) | Colby Parkinson '23->TE38 (2.01x) | Durham Smythe '21->TE34 (2.28x),"3/5 boomed, 1/5 busted",charlie kolar
Michael Mayer,TE,TE yr-4 pick 35 5 ppg priced TE33 age 25,15,0.299,0.293,0.97,0.97,1.03,0.072,Michael Mayer '24->TE53 (0.46x) | Michael Mayer '25->TE38 (1.38x) | Cole Kmet '25->TE37 (0.97x) | Adam Shaheen '21->TE68 (0.43x) | Trey McBride '23->TE7 (1.99x),"2/5 boomed, 2/5 busted",michael mayer
Malik Davis,RB,RB yr-5 4 ppg priced RB69 age 27,15,0.285,0.285,0.91,1.0,1.08,0.048,Jeff Wilson '22->RB29 (2.39x) | Gus Edwards '22->RB65 (0.77x) | Charcandrick West '17->RB66 (0.98x) | Malcolm Brown '19->RB68 (0.68x) | Justin Jackson '21->RB59 (1.26x),"1/5 boomed, 1/5 busted",malik davis
Caleb Williams,QB,QB yr-3 pick 1 20 ppg priced QB15 age 24,15,0.198,0.178,1.0,1.01,1.03,0.135,Josh Allen '20->QB2 (1.69x) | Caleb Williams '25->QB6 (1.23x) | Trevor Lawrence '24->QB27 (0.54x) | Baker Mayfield '20->QB16 (1.16x) | Baker Mayfield '21->QB25 (0.77x),"1/5 boomed, 1/5 busted",caleb williams
Will Kacmarek,TE,TE rookie priced TE47 age 23,15,0.374,0.268,1.33,1.28,1.26,0.072,Gunnar Helm '25->TE31 (1.77x) | Jelani Woods '22->TE35 (1.43x) | Tucker Kraft '23->TE29 (2.12x) | Greg Dulcich '22->TE30 (1.33x) | Darnell Washington '23->TE82 (0.35x),"4/5 boomed, 1/5 busted",will kacmarek
Alvin Kamara,RB,RB yr-10 pick 67 15 ppg priced RB44 age 31,15,0.26,0.36,0.73,0.88,0.93,0.048,Jonathan Stewart '17->RB41 (1.09x) | Matt Forte '17->RB42 (1.28x) | Cordarrelle Patterson '22->RB33 (1.15x) | David Johnson '21->RB60 (0.69x) | Jerick McKinnon '23->RB53 (0.69x),"0/5 boomed, 2/5 busted",alvin kamara
Jacoby Brissett,QB,QB yr-11 pick 91 16 ppg priced QB29 age 33,15,0.198,0.278,0.9,0.84,0.91,0.11,Derek Carr '24->QB26 (0.81x) | Ryan Tannehill '23->QB37 (0.40x) | Jimmy Garoppolo '23->QB42 (0.36x) | Russell Wilson '23->QB13 (1.12x) | Jacoby Brissett '23->QB53 (0.26x),"0/5 boomed, 3/5 busted",jacoby brissett
C.J. Stroud,QB,QB yr-4 pick 2 17 ppg priced QB23 age 24,15,0.248,0.178,1.0,1.03,1.04,0.11,Bryce Young '25->QB18 (1.10x) | C.J. Stroud '25->QB21 (0.94x) | Daniel Jones '21->QB27 (0.79x) | Jameis Winston '18->QB22 (1.00x) | Daniel Jones '22->QB12 (1.31x),"1/5 boomed, 0/5 busted",c j stroud
Elijah Higgins,TE,TE yr-4 pick 197 3 ppg priced TE49 age 25,15,0.324,0.293,0.91,1.03,1.06,0.072,Donald Parham '22->TE65 (0.54x) | Noah Gray '24->TE22 (2.12x) | Anthony Firkser '22->TE82 (0.37x) | Grant Calcaterra '25->TE74 (0.74x) | Noah Gray '23->TE35 (1.49x),"2/5 boomed, 2/5 busted",elijah higgins
Mason Rudolph,QB,QB yr-9 pick 76 10 ppg priced QB58 age 31,15,0.373,0.278,1.7,1.88,2.71,0.085,Jacoby Brissett '25->QB15 (11.98x) | Mason Rudolph '25->QB54 (0.60x) | Jimmy Garoppolo '24->QB53 (0.69x) | Marcus Mariota '25->QB31 (4.30x) | Mason Rudolph '24->QB37 (2.96x),"3/5 boomed, 2/5 busted",mason rudolph
Marcus Mariota,QB,QB yr-12 pick 2 16 ppg priced QB41 age 32,15,0.323,0.278,0.81,1.16,1.34,0.11,Jameis Winston '25->QB46 (1.33x) | Andy Dalton '21->QB34 (1.41x) | Marcus Mariota '23->QB62 (0.16x) | Marcus Mariota '25->QB31 (4.30x) | Jameis Winston '23->QB61 (0.46x),"3/5 boomed, 2/5 busted",marcus mariota
Travis Kelce,TE,TE yr-14 pick 63 12 ppg priced TE8 age 36,15,0.224,0.243,1.14,1.11,1.02,0.147,Travis Kelce '25->TE3 (1.31x) | Jason Witten '16->TE12 (1.29x) | Jason Witten '17->TE9 (1.24x) | Jason Witten '15->TE11 (1.24x) | Travis Kelce '24->TE5 (1.03x),"1/5 boomed, 0/5 busted",travis kelce
Deshaun Watson,QB,QB rookie pick 12 priced QB33 age 30,15,0.273,0.203,1.14,1.16,1.18,0.085,Kenny Pickett '22->QB28 (1.16x) | Bo Nix '24->QB8 (1.79x) | Tyler Shough '25->QB26 (1.29x) | Drake Maye '24->QB23 (1.14x) | Zach Wilson '21->QB30 (0.80x),"1/5 boomed, 0/5 busted",deshaun watson
Nick Mullens,QB,QB yr-10 0 ppg priced QB50 age 31,15,0.398,0.278,1.76,2.29,2.99,0.085,Mitchell Trubisky '25->QB50 (1.59x) | Carson Wentz '25->QB40 (1.76x) | Jake Browning '25->QB43 (2.60x) | Marcus Mariota '24->QB45 (1.55x) | Jameis Winston '24->QB30 (2.53x),"5/5 boomed, 0/5 busted",nick mullens
Jalen Milroe,QB,QB rookie pick 92 priced QB51 age 23,15,0.298,0.303,0.85,0.99,1.22,0.085,Jalen Milroe '25->QB72 (0.01x) | Malik Willis '22->QB55 (0.51x) | Desmond Ridder '22->QB45 (0.82x) | Aidan O'Connell '23->QB28 (4.43x) | Riley Leonard '25->QB51 (1.07x),"1/5 boomed, 2/5 busted",jalen milroe
Chig Okonkwo,TE,TE yr-5 pick 143 7 ppg priced TE23 age 26 new team,15,0.249,0.293,0.85,0.91,0.97,0.097,Anthony Firkser '21->TE32 (0.74x) | Dan Arnold '21->TE31 (0.85x) | Cade Otton '24->TE14 (1.32x) | Colby Parkinson '24->TE39 (0.76x) | Cade Otton '25->TE22 (1.20x),"1/5 boomed, 0/5 busted",chig okonkwo
Tyson Bagent,QB,QB rookie priced QB43 age 26,15,0.273,0.278,1.07,1.02,1.18,0.085,Michael Penix Jr. '24->QB46 (0.45x) | Jalen Milroe '25->QB72 (0.01x) | Clayton Tune '23->QB65 (0.16x) | Desmond Ridder '22->QB45 (0.82x) | Malik Willis '22->QB55 (0.51x),"0/5 boomed, 4/5 busted",tyson bagent
Josh Jacobs,RB,RB yr-8 pick 24 17 ppg priced RB13 age 28,15,0.26,0.235,1.08,1.11,1.05,0.098,Josh Jacobs '25->RB13 (1.08x) | Leonard Fournette '22->RB14 (1.03x) | Jonathan Taylor '25->RB4 (1.65x) | Joe Mixon '23->RB6 (1.18x) | Ezekiel Elliott '22->RB22 (0.98x),"1/5 boomed, 0/5 busted",josh jacobs
Zach Charbonnet,RB,RB yr-4 pick 52 11 ppg priced RB43 age 25,15,0.285,0.335,0.89,0.96,0.93,0.048,Alexander Mattison '22->RB52 (0.80x) | Darrell Henderson '22->RB59 (0.61x) | Zach Charbonnet '25->RB25 (1.25x) | Tevin Coleman '18->RB18 (1.53x) | Kerryon Johnson '20->RB63 (0.68x),"1/5 boomed, 2/5 busted",zach charbonnet
Adrian Martinez,QB,QB rookie priced QB55 age 26,15,0.273,0.278,1.0,1.0,1.17,0.085,Sean Clifford '23->QB73 (0.05x) | Riley Leonard '25->QB51 (1.07x) | Michael Penix Jr. '24->QB46 (0.45x) | Aidan O'Connell '23->QB28 (4.43x) | Jalen Milroe '25->QB72 (0.01x),"1/5 boomed, 3/5 busted",adrian martinez
Mac Jones,QB,QB yr-6 pick 15 13 ppg priced QB61 age 27,15,0.298,0.303,0.86,1.21,1.41,0.085,Drew Lock '25->QB73 (0.00x) | Mac Jones '25->QB29 (4.55x) | Mac Jones '24->QB36 (3.28x) | Kenny Pickett '24->QB51 (0.51x) | Sam Darnold '23->QB52 (0.76x),"2/5 boomed, 2/5 busted",mac jones
Drew Allar,QB,QB rookie priced QB63 age 22,15,0.298,0.303,1.0,1.01,1.24,0.085,Riley Leonard '25->QB51 (1.07x) | Joe Milton III '24->QB54 (1.00x) | Sean Clifford '23->QB73 (0.05x) | Desmond Ridder '22->QB45 (0.82x) | Jalen Milroe '25->QB72 (0.01x),"0/5 boomed, 2/5 busted",drew allar
Brock Bowers,TE,TE yr-3 pick 13 15 ppg priced TE2 age 23,15,0.249,0.268,0.93,0.95,0.97,0.172,Brock Bowers '25->TE11 (0.83x) | T.J. Hockenson '21->TE15 (0.86x) | Trey McBride '25->TE1 (1.66x) | Evan Engram '20->TE15 (1.07x) | Kyle Pitts '23->TE13 (0.96x),"1/5 boomed, 0/5 busted",brock bowers
Jayden Daniels,QB,QB yr-3 pick 2 22 ppg priced QB7 age 25,15,0.173,0.178,1.06,1.0,1.0,0.16,Carson Wentz '19->QB7 (1.10x) | Marcus Mariota '17->QB21 (0.78x) | Bo Nix '25->QB9 (1.07x) | Joe Burrow '21->QB8 (1.27x) | Kyler Murray '24->QB10 (1.06x),"0/5 boomed, 0/5 busted",jayden daniels
Dalton Schultz,TE,TE yr-9 pick 137 9 ppg priced TE21 age 30,15,0.274,0.293,0.93,0.93,1.04,0.097,Tyler Conklin '24->TE18 (1.04x) | Dalton Schultz '25->TE10 (1.98x) | Tyler Higbee '23->TE24 (0.79x) | Jonnu Smith '25->TE35 (0.74x) | Tyler Higbee '22->TE6 (1.32x),"2/5 boomed, 0/5 busted",dalton schultz
Jordan Addison,WR,WR yr-4 pick 23 12 ppg priced WR52 age 24,15,0.297,0.264,1.04,1.09,1.1,0.047,Jayden Reed '25->WR113 (0.37x) | Jordan Addison '25->WR45 (1.04x) | Marquise Brown '21->WR21 (1.76x) | Rashod Bateman '25->WR103 (0.42x) | Curtis Samuel '20->WR23 (2.04x),"2/5 boomed, 2/5 busted",jordan addison
David Njoku,TE,TE yr-10 pick 29 10 ppg priced TE32 age 30 new team,15,0.299,0.318,0.97,1.01,1.0,0.097,Zach Ertz '24->TE8 (1.93x) | Gerald Everett '24->TE84 (0.15x) | Noah Fant '25->TE36 (1.24x) | Zach Ertz '21->TE5 (1.68x) | Zach Ertz '23->TE43 (0.58x),"2/5 boomed, 2/5 busted",david njoku
KC Concepcion,WR,WR rookie priced WR56 age 21,15,0.172,0.214,1.03,0.97,0.97,0.047,Corey Coleman '16->WR82 (0.76x) | Elijah Moore '21->WR50 (1.09x) | George Pickens '22->WR40 (1.26x) | Will Fuller '16->WR65 (1.03x) | Garrett Wilson '22->WR21 (1.67x),"1/5 boomed, 0/5 busted",kc concepcion
Kyler Murray,QB,QB yr-8 pick 1 20 ppg priced QB19 age 28 new team,15,0.298,0.228,1.2,1.14,1.1,0.16,Jameis Winston '22->QB44 (0.19x) | Tua Tagovailoa '25->QB25 (0.81x) | Deshaun Watson '24->QB40 (0.37x) | Kyler Murray '24->QB10 (1.06x) | Deshaun Watson '23->QB35 (0.32x),"0/5 boomed, 3/5 busted",kyler murray
Tanner Hudson,TE,TE yr-9 5 ppg priced TE67 age 31,15,0.274,0.368,0.78,0.87,0.95,0.072,Cameron Brate '21->TE28 (2.56x) | Drew Sample '24->TE54 (1.19x) | Johnny Mundt '25->TE76 (0.65x) | Mo Alie-Cox '24->TE60 (1.07x) | Durham Smythe '24->TE79 (0.47x),"1/5 boomed, 2/5 busted",tanner hudson
Michael Pittman,WR,WR yr-7 pick 34 11 ppg priced WR34 age 28 new team,15,0.222,0.264,1.19,0.99,0.99,0.047,Eddie Royal '15->WR93 (0.43x) | Deebo Samuel Sr. '25->WR25 (1.21x) | Alshon Jeffery '18->WR26 (1.19x) | Courtland Sutton '23->WR35 (1.22x) | Chris Godwin Jr. '24->WR53 (0.83x),"0/5 boomed, 1/5 busted",michael pittman
Ray Davis,RB,RB yr-3 pick 128 5 ppg priced RB65 age 26,15,0.26,0.385,0.64,0.69,0.76,0.048,Isaac Guerendo '25->RB147 (0.00x) | Nyheim Hines '20->RB18 (2.20x) | Kenny Gainwell '24->RB60 (0.92x) | Joshua Kelley '21->RB108 (0.34x) | Boston Scott '21->RB56 (1.43x),"2/5 boomed, 2/5 busted",ray davis
Juwan Johnson,TE,TE yr-7 10 ppg priced TE19 age 29,15,0.249,0.318,0.87,0.85,0.91,0.097,Tyler Conklin '24->TE18 (1.04x) | Tyler Higbee '22->TE6 (1.32x) | Trey Burton '19->TE73 (0.19x) | Gerald Everett '23->TE23 (0.87x) | Hunter Henry '22->TE22 (0.75x),"1/5 boomed, 1/5 busted",juwan johnson
DK Metcalf,WR,WR yr-8 pick 64 13 ppg priced WR33 age 28,15,0.272,0.239,1.0,1.05,1.05,0.047,DeSean Jackson '15->WR65 (0.68x) | Christian Kirk '24->WR95 (0.41x) | Chris Godwin Jr. '24->WR53 (0.83x) | Jarvis Landry '21->WR51 (0.88x) | Allen Robinson '19->WR8 (1.63x),"1/5 boomed, 2/5 busted",dk metcalf
Breece Hall,RB,RB yr-5 pick 36 14 ppg priced RB15 age 25,15,0.285,0.285,1.1,1.04,1.02,0.073,Breece Hall '25->RB19 (1.22x) | Nick Chubb '22->RB6 (1.44x) | Joe Mixon '20->RB48 (0.49x) | Najee Harris '23->RB23 (0.90x) | David Montgomery '22->RB24 (1.11x),"1/5 boomed, 1/5 busted",breece hall
John Bates,TE,TE yr-6 pick 124 2 ppg priced TE55 age 28,15,0.399,0.293,1.48,1.34,1.43,0.072,Will Dissly '22->TE29 (2.35x) | John Bates '25->TE69 (0.68x) | Adam Trautman '25->TE58 (1.48x) | Josh Oliver '24->TE38 (1.78x) | Cade Stover '25->TE77 (0.54x),"3/5 boomed, 2/5 busted",john bates
J.K. Dobbins,RB,RB yr-7 pick 55 13 ppg priced RB34 age 27,15,0.285,0.285,0.89,0.99,0.98,0.048,Alvin Kamara '23->RB12 (1.56x) | Rashaad Penny '22->RB70 (0.36x) | Kareem Hunt '22->RB40 (0.87x) | J.K. Dobbins '25->RB43 (0.86x) | James White '20->RB42 (0.89x),"1/5 boomed, 1/5 busted",j k dobbins
Jonathan Taylor,RB,RB yr-7 pick 41 20 ppg priced RB4 age 27,15,0.26,0.26,0.99,0.96,0.95,0.123,Derrick Henry '21->RB22 (0.78x) | Joe Mixon '22->RB11 (1.04x) | Josh Jacobs '25->RB13 (1.08x) | Dalvin Cook '22->RB10 (0.99x) | Nick Chubb '23->RB86 (0.10x),"0/5 boomed, 1/5 busted",jonathan taylor
Drake Maye,QB,QB yr-3 pick 3 21 ppg priced QB10 age 23,15,0.198,0.178,1.01,1.02,1.04,0.135,Trevor Lawrence '23->QB12 (1.00x) | Jameis Winston '17->QB19 (0.84x) | Josh Allen '20->QB2 (1.69x) | Marcus Mariota '17->QB21 (0.78x) | C.J. Stroud '24->QB18 (0.78x),"1/5 boomed, 0/5 busted",drake maye
AJ Dillon,RB,RB rookie pick 62 priced RB53 age 28 new team,15,0.31,0.335,1.11,0.94,0.94,0.048,Kendre Miller '23->RB72 (0.45x) | Brian Robinson '22->RB43 (1.22x) | MarShawn Lloyd '24->RB122 (0.03x) | Woody Marks '25->RB30 (1.57x) | Jaylen Wright '24->RB89 (0.30x),"1/5 boomed, 3/5 busted",aj dillon
Javonte Williams,RB,RB yr-6 pick 35 12 ppg priced RB16 age 26,15,0.385,0.185,1.36,1.28,1.31,0.123,D'Andre Swift '25->RB14 (1.51x) | Todd Gurley '20->RB29 (1.06x) | Mark Ingram '15->RB12 (1.11x) | Ezekiel Elliott '22->RB22 (0.98x) | Josh Jacobs '24->RB6 (1.36x),"2/5 boomed, 0/5 busted",javonte williams
Cade Stover,TE,TE yr-3 pick 123 3 ppg priced TE61 age 26,15,0.324,0.343,0.89,1.15,1.19,0.072,Payne Durham '25->TE115 (0.07x) | Lucas Krull '24->TE59 (1.11x) | Foster Moreau '21->TE26 (2.78x) | Cade Stover '25->TE77 (0.54x) | Jeremy Ruckert '24->TE62 (0.71x),"1/5 boomed, 2/5 busted",cade stover
Colby Parkinson,TE,TE yr-7 pick 133 7 ppg priced TE36 age 27,15,0.299,0.293,0.93,1.05,1.14,0.097,Dawson Knox '24->TE41 (0.91x) | Noah Gray '25->TE60 (0.49x) | Dawson Knox '25->TE29 (1.96x) | Mo Alie-Cox '21->TE27 (0.93x) | Dalton Schultz '21->TE3 (2.62x),"2/5 boomed, 1/5 busted",colby parkinson
Makai Lemon,WR,WR rookie priced WR50 age 22,15,0.347,0.189,1.33,1.23,1.26,0.047,Keon Coleman '24->WR73 (0.84x) | DJ Moore '18->WR36 (1.33x) | Justin Jefferson '20->WR7 (2.21x) | Brandon Aiyuk '20->WR35 (1.55x) | Cooper Kupp '17->WR25 (1.46x),"4/5 boomed, 0/5 busted",makai lemon
Matthew Golden,WR,WR yr-2 pick 23 5 ppg priced WR49 age 22,15,0.297,0.289,0.87,1.06,1.03,0.047,Phillip Dorsett '16->WR78 (0.87x) | Rondale Moore '22->WR83 (0.70x) | DeAndre Hopkins '14->WR14 (1.74x) | Markus Wheaton '14->WR58 (1.07x) | Keon Coleman '25->WR60 (0.79x),"1/5 boomed, 1/5 busted",matthew golden
