nn,name,position,pos_adp_rank,team_2025,share_2025,workload_2025,weeks_2025,ppg_2025,nfl_pick
jahmyr gibbs,Jahmyr Gibbs,RB,1.0,DET,0.5971,243.0,17.0,21.58,12.0
bijan robinson,Bijan Robinson,RB,2.0,ATL,0.6538,287.0,17.0,21.81,8.0
puka nacua,Puka Nacua,WR,1.0,LA,0.4523,166.0,16.0,23.44,177.0
christian mccaffrey,Christian McCaffrey,RB,3.0,SF,0.7717,311.0,17.0,24.51,8.0
ja marr chase,Ja'Marr Chase,WR,2.0,CIN,0.5041,185.0,16.0,19.6,5.0
amon ra st brown,Amon-Ra St. Brown,WR,4.0,DET,0.5134,172.0,17.0,19.06,112.0
jonathan taylor,Jonathan Taylor,RB,4.0,IND,0.866,323.0,17.0,21.31,41.0
jaxon smith njigba,Jaxon Smith-Njigba,WR,3.0,SEA,0.5621,163.0,17.0,21.17,20.0
de von achane,De'Von Achane,RB,5.0,MIA,0.6296,238.0,16.0,20.18,84.0
saquon barkley,Saquon Barkley,RB,7.0,PHI,0.7692,280.0,16.0,14.52,2.0
ceedee lamb,CeeDee Lamb,WR,5.0,DAL,0.3023,117.0,13.0,15.45,17.0
trey mcbride,Trey McBride,TE,1.0,ARI,0.7752,169.0,17.0,18.58,55.0
james cook,James Cook,RB,6.0,BUF,0.7375,309.0,17.0,17.78,63.0
ashton jeanty,Ashton Jeanty,RB,8.0,LV,0.8664,266.0,17.0,14.42,6.0
chase brown,Chase Brown,RB,13.0,CIN,0.6946,232.0,17.0,16.62,163.0
justin jefferson,Justin Jefferson,WR,6.0,MIN,0.4796,141.0,17.0,11.85,22.0
derrick henry,Derrick Henry,RB,10.0,BAL,0.7832,307.0,17.0,16.44,45.0
drake london,Drake London,WR,7.0,ATL,0.4118,112.0,12.0,16.82,8.0
omarion hampton,Omarion Hampton,RB,11.0,LAC,0.3454,124.0,9.0,15.08,22.0
brock bowers,Brock Bowers,TE,2.0,LV,0.5513,86.0,12.0,14.68,13.0
rashee rice,Rashee Rice,WR,8.0,KC,0.25,78.0,8.0,18.76,55.0
josh jacobs,Josh Jacobs,RB,12.0,GB,0.6062,234.0,15.0,15.81,24.0
kenneth walker,Kenneth Walker,RB,14.0,SEA,0.508,221.0,17.0,11.29,41.0
a j brown,A.J. Brown,WR,10.0,PHI,0.4158,121.0,15.0,14.69,51.0
josh allen,Josh Allen,QB,1.0,BUF,0.9256,112.0,16.0,22.79,7.0
breece hall,Breece Hall,RB,15.0,NYJ,0.7297,243.0,16.0,12.98,36.0
nico collins,Nico Collins,WR,9.0,HOU,0.3468,120.0,15.0,15.08,89.0
jeremiyah love,Jeremiyah Love,RB,9.0,,,,,,3.0
george pickens,George Pickens,WR,11.0,DAL,0.354,137.0,17.0,17.17,52.0
javonte williams,Javonte Williams,RB,16.0,DAL,0.658,252.0,16.0,15.18,35.0
chris olave,Chris Olave,WR,12.0,NO,0.4535,156.0,16.0,16.75,11.0
kyren williams,Kyren Williams,RB,17.0,LA,0.6271,259.0,17.0,15.49,164.0
garrett wilson,Garrett Wilson,WR,13.0,NYJ,0.2177,59.0,7.0,14.21,10.0
cam skattebo,Cam Skattebo,RB,18.0,NYG,0.2551,101.0,8.0,15.96,105.0
travis etienne,Travis Etienne,RB,19.0,JAX,0.6971,260.0,17.0,14.94,25.0
colston loveland,Colston Loveland,TE,3.0,CHI,0.6029,82.0,16.0,10.32,10.0
zay flowers,Zay Flowers,WR,18.0,BAL,0.5592,118.0,17.0,14.31,22.0
tyler warren,Tyler Warren,TE,4.0,IND,0.8058,112.0,17.0,11.09,14.0
devonta smith,DeVonta Smith,WR,14.0,PHI,0.3883,113.0,17.0,11.87,10.0
bucky irving,Bucky Irving,RB,21.0,TB,0.4347,173.0,10.0,13.85,125.0
tetairoa mcmillan,Tetairoa McMillan,WR,15.0,CAR,0.4221,122.0,17.0,12.55,8.0
quinshon judkins,Quinshon Judkins,RB,20.0,CLE,0.6516,230.0,14.0,12.13,36.0
lamar jackson,Lamar Jackson,QB,2.0,BAL,0.7053,67.0,13.0,16.53,32.0
malik nabers,Malik Nabers,WR,16.0,NYG,0.1163,35.0,4.0,14.28,6.0
davante adams,Davante Adams,WR,19.0,LA,0.3106,114.0,14.0,15.92,53.0
emeka egbuka,Emeka Egbuka,WR,17.0,TB,0.3499,127.0,17.0,11.51,19.0
tee higgins,Tee Higgins,WR,20.0,CIN,0.267,98.0,15.0,14.11,33.0
d andre swift,D'Andre Swift,RB,23.0,CHI,0.5575,223.0,16.0,14.29,35.0
bhayshul tuten,Bhayshul Tuten,RB,26.0,JAX,0.2225,83.0,15.0,5.91,104.0
ladd mcconkey,Ladd McConkey,WR,21.0,LAC,0.2865,106.0,16.0,11.31,34.0
sam laporta,Sam LaPorta,TE,6.0,DET,0.5326,49.0,9.0,11.88,34.0
kyle pitts,Kyle Pitts,TE,5.0,ATL,0.9291,118.0,17.0,12.4,4.0
harold fannin,Harold Fannin,TE,7.0,CLE,0.6331,107.0,16.0,11.65,67.0
treveyon henderson,TreVeyon Henderson,RB,22.0,NE,0.4852,180.0,17.0,12.13,38.0
jalen hurts,Jalen Hurts,QB,5.0,PHI,0.9292,105.0,16.0,18.82,53.0
joe burrow,Joe Burrow,QB,6.0,CIN,0.3684,14.0,8.0,16.81,1.0
jayden daniels,Jayden Daniels,QB,4.0,WAS,0.4833,58.0,7.0,16.33,2.0
terry mclaurin,Terry McLaurin,WR,22.0,WAS,0.2198,60.0,10.0,11.42,76.0
george kittle,George Kittle,TE,8.0,SF,0.5308,69.0,11.0,14.68,146.0
drake maye,Drake Maye,QB,3.0,NE,0.9115,103.0,17.0,20.7,3.0
travis kelce,Travis Kelce,TE,9.0,KC,0.7347,108.0,17.0,11.36,63.0
jameson williams,Jameson Williams,WR,25.0,DET,0.3045,102.0,17.0,12.94,12.0
jaylen waddle,Jaylen Waddle,WR,23.0,MIA,0.4082,100.0,16.0,12.13,6.0
matthew stafford,Matthew Stafford,QB,8.0,LA,0.7632,29.0,17.0,20.61,1.0
carnell tate,Carnell Tate,WR,24.0,,,,,,4.0
dj moore,DJ Moore,WR,26.0,CHI,0.2698,85.0,17.0,10.13,24.0
jaylen warren,Jaylen Warren,RB,28.0,PIT,0.5977,211.0,16.0,13.57,
rome odunze,Rome Odunze,WR,27.0,CHI,0.2857,90.0,12.0,12.17,9.0
dallas goedert,Dallas Goedert,TE,10.0,PHI,0.7885,82.0,15.0,12.34,49.0
luther burden,Luther Burden,WR,28.0,CHI,0.1905,60.0,15.0,8.53,39.0
bo nix,Bo Nix,QB,13.0,DEN,0.9881,83.0,17.0,17.93,12.0
jadarian price,Jadarian Price,RB,25.0,,,,,,32.0
david montgomery,David Montgomery,RB,24.0,DET,0.3882,158.0,17.0,9.82,73.0
tony pollard,Tony Pollard,RB,27.0,TEN,0.7378,242.0,17.0,10.93,128.0
brock purdy,Brock Purdy,QB,12.0,SF,0.4714,33.0,9.0,19.71,262.0
dak prescott,Dak Prescott,QB,9.0,DAL,0.9138,53.0,17.0,18.46,135.0
jake ferguson,Jake Ferguson,TE,12.0,DAL,0.7391,102.0,17.0,11.06,129.0
parker washington,Parker Washington,WR,38.0,JAX,0.2978,95.0,16.0,11.54,185.0
alec pierce,Alec Pierce,WR,34.0,IND,0.2692,84.0,15.0,12.22,53.0
courtland sutton,Courtland Sutton,WR,31.0,DEN,0.3533,124.0,17.0,12.92,40.0
patrick mahomes,Patrick Mahomes,QB,14.0,KC,0.8421,64.0,14.0,20.41,10.0
rico dowdle,Rico Dowdle,RB,30.0,CAR,0.6036,236.0,17.0,12.72,
chuba hubbard,Chuba Hubbard,RB,29.0,CAR,0.3427,134.0,15.0,8.36,126.0
tucker kraft,Tucker Kraft,TE,11.0,GB,0.449,44.0,8.0,14.65,78.0
dk metcalf,DK Metcalf,WR,30.0,PIT,0.4249,99.0,15.0,12.48,64.0
trevor lawrence,Trevor Lawrence,QB,11.0,JAX,0.8723,82.0,17.0,19.89,1.0
michael pittman,Michael Pittman,WR,33.0,IND,0.3558,111.0,17.0,11.91,34.0
mark andrews,Mark Andrews,TE,13.0,BAL,0.5691,70.0,17.0,7.71,86.0
marvin harrison,Marvin Harrison,WR,29.0,ARI,0.2655,73.0,12.0,10.65,4.0
jordyn tyson,Jordyn Tyson,WR,35.0,,,,,,8.0
rhamondre stevenson,Rhamondre Stevenson,RB,31.0,NE,0.3504,130.0,14.0,12.77,120.0
caleb williams,Caleb Williams,QB,10.0,CHI,0.9747,77.0,17.0,18.72,1.0
jaxson dart,Jaxson Dart,QB,7.0,NYG,0.7748,86.0,14.0,17.26,25.0
aaron jones,Aaron Jones,RB,32.0,MIN,0.3826,132.0,12.0,9.89,182.0
dalton kincaid,Dalton Kincaid,TE,17.0,BUF,0.405,49.0,12.0,10.51,25.0
mike evans,Mike Evans,WR,32.0,TB,0.1708,62.0,8.0,10.6,7.0
isaiah likely,Isaiah Likely,TE,14.0,BAL,0.2927,36.0,12.0,5.14,139.0
justin herbert,Justin Herbert,QB,15.0,LAC,0.83,83.0,16.0,17.93,6.0
makai lemon,Makai Lemon,WR,39.0,,,,,,20.0
jared goff,Jared Goff,QB,16.0,DET,0.8636,19.0,17.0,17.47,1.0
christian watson,Christian Watson,WR,36.0,GB,0.203,55.0,10.0,13.24,34.0
jakobi meyers,Jakobi Meyers,WR,41.0,JAX,0.1912,61.0,16.0,10.99,
kenneth gainwell,Kenny Gainwell,RB,34.0,PIT,0.3229,114.0,17.0,13.02,150.0
rj harvey,RJ Harvey,RB,36.0,DEN,0.4244,146.0,17.0,12.15,60.0
t j hockenson,T.J. Hockenson,TE,15.0,MIN,0.7021,66.0,15.0,7.52,8.0
wan dale robinson,Wan'Dale Robinson,WR,42.0,NYG,0.4651,140.0,16.0,13.62,43.0
j k dobbins,J.K. Dobbins,RB,33.0,DEN,0.4448,153.0,10.0,11.59,55.0
hunter henry,Hunter Henry,TE,18.0,NE,0.7699,87.0,17.0,10.52,35.0
brian thomas,Brian Thomas,WR,37.0,JAX,0.2853,91.0,14.0,9.91,23.0
rachaad white,Rachaad White,RB,35.0,TB,0.3317,132.0,17.0,8.41,91.0
jordan love,Jordan Love,QB,20.0,GB,0.6351,47.0,15.0,15.68,26.0
kyle monangai,Kyle Monangai,RB,37.0,CHI,0.4225,169.0,17.0,8.63,233.0
josh downs,Josh Downs,WR,49.0,IND,0.2821,88.0,16.0,8.65,79.0
khalil shakir,Khalil Shakir,WR,48.0,BUF,0.3519,95.0,16.0,10.4,148.0
juwan johnson,Juwan Johnson,TE,19.0,NO,0.7183,102.0,17.0,10.58,
jayden reed,Jayden Reed,WR,51.0,GB,0.0812,22.0,5.0,9.7,50.0
brenton strange,Brenton Strange,TE,20.0,JAX,0.5714,60.0,12.0,9.83,61.0
michael wilson,Michael Wilson,WR,43.0,ARI,0.4582,126.0,17.0,12.98,94.0
baker mayfield,Baker Mayfield,QB,18.0,TB,0.9483,55.0,17.0,16.0,1.0
jordan addison,Jordan Addison,WR,46.0,MIN,0.2687,79.0,14.0,9.65,23.0
chris godwin,Chris Godwin,WR,47.0,TB,0.1405,51.0,9.0,9.22,84.0
romeo doubs,Romeo Doubs,WR,54.0,GB,0.3137,85.0,16.0,10.34,132.0
kenyon sadiq,Kenyon Sadiq,TE,16.0,,,,,,16.0
xavier worthy,Xavier Worthy,WR,50.0,KC,0.234,73.0,14.0,7.85,28.0
kc concepcion,KC Concepcion,WR,52.0,,,,,,24.0
ricky pearsall,Ricky Pearsall,WR,45.0,SF,0.212,53.0,9.0,9.84,31.0
dalton schultz,Dalton Schultz,TE,22.0,HOU,0.8154,106.0,17.0,10.45,137.0
rashid shaheed,Rashid Shaheed,WR,55.0,NO,0.1919,66.0,18.0,8.7,
quentin johnston,Quentin Johnston,WR,53.0,LAC,0.227,84.0,13.0,13.17,21.0
kyler murray,Kyler Murray,QB,17.0,ARI,0.4328,29.0,5.0,15.56,1.0
tyler shough,Tyler Shough,QB,19.0,NO,0.5921,45.0,11.0,14.36,40.0
pat freiermuth,Pat Freiermuth,TE,25.0,PIT,0.3576,54.0,15.0,7.57,55.0
chig okonkwo,Chig Okonkwo,TE,24.0,TEN,0.5643,79.0,17.0,7.29,143.0
matthew golden,Matthew Golden,WR,40.0,GB,0.1624,44.0,14.0,5.0,23.0
jonathon brooks,Jonathon Brooks,RB,38.0,,,,,,
oronde gadsden,Oronde Gadsden,TE,23.0,LAC,0.697,69.0,15.0,8.76,165.0
travis hunter,Travis Hunter,WR,44.0,,,,,,
tyjae spears,Tyjae Spears,RB,46.0,TEN,0.2195,72.0,13.0,8.59,81.0
blake corum,Blake Corum,RB,39.0,LA,0.3511,145.0,17.0,7.19,83.0
sam darnold,Sam Darnold,QB,22.0,SEA,0.7955,35.0,17.0,13.85,3.0
jalen coker,Jalen Coker,WR,57.0,CAR,0.1488,43.0,11.0,8.22,
c j stroud,C.J. Stroud,QB,24.0,HOU,0.7869,48.0,14.0,14.9,2.0
daniel jones,Daniel Jones,QB,21.0,IND,0.7895,45.0,13.0,17.42,6.0
aj barner,AJ Barner,TE,26.0,SEA,0.6667,68.0,17.0,8.66,121.0
alvin kamara,Alvin Kamara,RB,44.0,NO,0.4367,131.0,11.0,9.15,67.0
gunnar helm,Gunnar Helm,TE,27.0,TEN,0.3929,55.0,16.0,5.73,120.0
terrance ferguson,Terrance Ferguson,TE,21.0,LA,0.1667,25.0,11.0,4.74,46.0
jerry jeudy,Jerry Jeudy,WR,58.0,CLE,0.4569,106.0,17.0,7.1,15.0
calvin ridley,Calvin Ridley,WR,61.0,TEN,0.1216,36.0,7.0,6.76,26.0
denzel boston,Denzel Boston,WR,62.0,,,,,,39.0
jordan mason,Jordan Mason,RB,41.0,MIN,0.4609,159.0,16.0,8.06,
jayden higgins,Jayden Higgins,WR,56.0,HOU,0.1965,68.0,17.0,7.62,34.0
woody marks,Woody Marks,RB,42.0,HOU,0.4912,196.0,16.0,9.07,116.0
tre tucker,Tre Tucker,WR,63.0,LV,0.3802,92.0,17.0,9.51,100.0
zach charbonnet,Zach Charbonnet,RB,43.0,SEA,0.423,184.0,16.0,11.34,52.0
jacory croskey merritt,Jacory Croskey-Merritt,RB,40.0,WAS,0.5072,175.0,17.0,8.25,245.0
omar cooper,Omar Cooper,WR,60.0,,,,,,30.0
bryce young,Bryce Young,QB,27.0,CAR,0.9153,54.0,16.0,13.63,1.0
jalen mcmillan,Jalen McMillan,WR,59.0,TB,0.0413,15.0,4.0,7.47,92.0
jauan jennings,Jauan Jennings,WR,65.0,SF,0.36,90.0,15.0,11.55,217.0
cade otton,Cade Otton,TE,110.0,TB,0.9419,81.0,15.0,8.15,106.0
isiah pacheco,Isiah Pacheco,RB,45.0,KC,0.3512,118.0,13.0,6.72,251.0
jalen nailor,Jalen Nailor,WR,69.0,MIN,0.1803,53.0,17.0,5.92,191.0
evan engram,Evan Engram,TE,111.0,DEN,0.6667,76.0,16.0,6.42,23.0
aaron rodgers,Aaron Rodgers,QB,29.0,PIT,0.75,21.0,16.0,14.19,24.0
tyrone tracy,Tyrone Tracy,RB,47.0,NYG,0.4444,176.0,15.0,10.72,166.0
germie bernard,Germie Bernard,WR,67.0,,,,,,47.0
antonio williams,Antonio Williams,WR,71.0,,,,,,71.0
cam ward,Cam Ward,QB,26.0,TEN,1.0,39.0,17.0,10.98,1.0
cooper kupp,Cooper Kupp,WR,64.0,SEA,0.2414,70.0,16.0,7.27,69.0
mason taylor,Mason Taylor,TE,36.0,NYJ,0.6132,65.0,13.0,6.84,42.0
fernando mendoza,Fernando Mendoza,QB,23.0,,,,,,1.0
malik willis,Malik Willis,QB,25.0,GB,0.2973,22.0,4.0,12.79,86.0
david njoku,David Njoku,TE,105.0,CLE,0.284,48.0,11.0,7.85,29.0
malik washington,Malik Washington,WR,162.0,MIA,0.2653,65.0,17.0,6.86,184.0
brian robinson,Brian Robinson,RB,50.0,SF,0.2283,92.0,17.0,3.68,98.0
adonai mitchell,Adonai Mitchell,WR,84.0,IND,0.0513,16.0,16.0,5.49,52.0
geno smith,Geno Smith,QB,79.0,LV,0.8723,41.0,15.0,11.59,39.0
tyler allgeier,Tyler Allgeier,RB,51.0,ATL,0.3257,143.0,17.0,7.24,151.0
marvin mims,Marvin Mims,WR,85.0,DEN,0.1453,51.0,15.0,6.33,63.0
tank dell,Tank Dell,WR,163.0,,,,,,
darnell mooney,Darnell Mooney,WR,164.0,ATL,0.2647,72.0,15.0,5.49,173.0
theo johnson,Theo Johnson,TE,109.0,NYG,0.7255,74.0,15.0,8.52,107.0
colby parkinson,Colby Parkinson,TE,113.0,LA,0.3733,56.0,14.0,9.27,133.0
jacoby brissett,Jacoby Brissett,QB,78.0,ARI,0.5672,38.0,14.0,16.25,91.0
rashod bateman,Rashod Bateman,WR,178.0,BAL,0.1801,38.0,13.0,4.26,27.0
justice hill,Justice Hill,RB,113.0,BAL,0.0459,18.0,10.0,6.52,113.0
noah gray,Noah Gray,TE,37.0,KC,0.2517,37.0,14.0,2.77,162.0
braelon allen,Braelon Allen,RB,52.0,NYJ,0.0541,18.0,4.0,3.83,134.0
chimere dike,Chimere Dike,WR,183.0,TEN,0.25,74.0,17.0,7.54,103.0
dylan sampson,Dylan Sampson,RB,115.0,CLE,0.1841,65.0,15.0,5.84,126.0
chris rodriguez,Chris Rodriguez,RB,48.0,WAS,0.3246,112.0,12.0,7.67,193.0
greg dulcich,Greg Dulcich,TE,106.0,MIA,0.3235,33.0,9.0,6.98,80.0
darius slayton,Darius Slayton,WR,157.0,NYG,0.2093,63.0,14.0,7.06,171.0
jaylin noel,Jaylin Noel,WR,182.0,HOU,0.1012,35.0,17.0,4.02,79.0
ja kobi lane,Ja'Kobi Lane,WR,68.0,,,,,,80.0
mike gesicki,Mike Gesicki,TE,112.0,CIN,0.3256,42.0,12.0,5.89,42.0
james conner,James Conner,RB,53.0,ARI,0.1096,32.0,3.0,11.1,105.0
tyler higbee,Tyler Higbee,TE,30.0,LA,0.24,36.0,10.0,7.11,110.0
zachariah branch,Zachariah Branch,WR,86.0,,,,,,79.0
emmett johnson,Emmett Johnson,RB,54.0,,,,,,161.0
samaje perine,Samaje Perine,RB,116.0,CIN,0.2515,84.0,15.0,5.19,114.0
jahan dotson,Jahan Dotson,WR,165.0,PHI,0.1237,36.0,15.0,3.35,16.0
tyquan thornton,Tyquan Thornton,WR,87.0,KC,0.1186,37.0,12.0,6.73,50.0
jalen tolbert,Jalen Tolbert,WR,171.0,DAL,0.0879,34.0,12.0,3.86,88.0
ryan flournoy,Ryan Flournoy,WR,172.0,DAL,0.1447,56.0,15.0,7.6,216.0
john metchie,John Metchie,WR,88.0,NYJ,0.1624,44.0,13.0,5.53,44.0
tank bigsby,Tank Bigsby,RB,49.0,PHI,0.1593,58.0,15.0,3.59,88.0
jonah coleman,Jonah Coleman,RB,57.0,,,,,,108.0
darnell washington,Darnell Washington,TE,28.0,PIT,0.2848,43.0,13.0,5.65,93.0
tre harris,Tre' Harris,WR,176.0,LAC,0.1162,43.0,16.0,4.34,55.0
ty johnson,Ty Johnson,RB,108.0,BUF,0.1193,50.0,17.0,5.9,186.0
xavier legette,Xavier Legette,WR,158.0,CAR,0.2215,64.0,15.0,5.95,32.0
jack bech,Jack Bech,WR,185.0,LV,0.1198,29.0,14.0,3.03,58.0
keaton mitchell,Keaton Mitchell,RB,114.0,BAL,0.1505,59.0,13.0,4.26,
eli raridon,Eli Raridon,TE,31.0,,,,,,95.0
jake tonges,Jake Tonges,TE,114.0,SF,0.3538,46.0,10.0,9.33,
kayshon boutte,Kayshon Boutte,WR,179.0,NE,0.1625,46.0,14.0,8.86,187.0
troy franklin,Troy Franklin,WR,180.0,DEN,0.2963,104.0,17.0,10.42,102.0
aj dillon,AJ Dillon,RB,58.0,PHI,0.033,12.0,6.0,1.52,62.0
isaac teslaa,Isaac TeSlaa,WR,89.0,DET,0.0806,27.0,14.0,5.42,70.0
theo wease,Theo Wease,WR,90.0,MIA,0.0408,10.0,3.0,8.63,
michael mayer,Michael Mayer,TE,107.0,LV,0.3205,50.0,13.0,5.68,35.0
dawson knox,Dawson Knox,TE,32.0,BUF,0.405,49.0,16.0,6.48,96.0
ja tavion sanders,Ja'Tavion Sanders,TE,102.0,CAR,0.3434,34.0,12.0,4.5,101.0
tory horton,Tory Horton,WR,181.0,SEA,0.0759,22.0,8.0,8.14,166.0
malachi fields,Malachi Fields,WR,72.0,,,,,,74.0
christian kirk,Christian Kirk,WR,184.0,HOU,0.1503,52.0,11.0,5.26,47.0
justin joly,Justin Joly,TE,38.0,,,,,,152.0
pat bryant,Pat Bryant,WR,186.0,DEN,0.1396,49.0,13.0,5.75,74.0
cole kmet,Cole Kmet,TE,29.0,CHI,0.3529,48.0,16.0,4.92,43.0
oscar delp,Oscar Delp,TE,39.0,,,,,,73.0
andrei iosivas,Andrei Iosivas,WR,159.0,CIN,0.158,58.0,15.0,5.99,206.0
kavontae turpin,KaVontae Turpin,WR,70.0,DAL,0.0982,38.0,15.0,5.63,
jaylin lane,Jaylin Lane,WR,91.0,WAS,0.1172,32.0,15.0,3.41,128.0
will kacmarek,Will Kacmarek,TE,40.0,,,,,,87.0
elijah arroyo,Elijah Arroyo,TE,103.0,SEA,0.2549,26.0,13.0,2.84,50.0
bub means,Bub Means,WR,92.0,,,,,,
devaughn vele,Devaughn Vele,WR,187.0,NO,0.1134,39.0,9.0,7.37,235.0
emari demercado,Emari Demercado,RB,97.0,ARI,0.1507,44.0,12.0,4.86,
jaydon blue,Jaydon Blue,RB,55.0,DAL,0.0992,38.0,5.0,4.08,149.0
van jefferson,Van Jefferson,WR,93.0,TEN,0.1757,52.0,14.0,5.0,57.0
skyler bell,Skyler Bell,WR,73.0,,,,,,125.0
connor heyward,Connor Heyward,TE,,,,,,,
kalif raymond,Kalif Raymond,WR,74.0,DET,0.0896,30.0,15.0,4.45,
olamide zaccheaus,Olamide Zaccheaus,WR,94.0,CHI,0.2063,65.0,14.0,6.06,
dontayvion wicks,Dontayvion Wicks,WR,174.0,GB,0.1697,46.0,13.0,5.83,159.0
noah fant,Noah Fant,TE,41.0,CIN,0.3178,41.0,13.0,5.75,20.0
kevin coleman,Kevin Coleman,WR,95.0,,,,,,177.0
jeremy ruckert,Jeremy Ruckert,TE,42.0,NYJ,0.2736,29.0,14.0,3.35,101.0
mike washington,Mike Washington,RB,109.0,,,,,,122.0
nick westbrook ikhine,Nick Westbrook-Ikhine,WR,173.0,MIA,0.0816,20.0,13.0,1.53,
marquise brown,Marquise Brown,WR,96.0,KC,0.2372,74.0,16.0,8.61,25.0
tommy tremble,Tommy Tremble,TE,43.0,CAR,0.3737,37.0,15.0,4.26,83.0
chris bell,Chris Bell,WR,175.0,,,,,,94.0
marlin klein,Marlin Klein,TE,44.0,,,,,,59.0
bryce lance,Bryce Lance,WR,97.0,,,,,,136.0
cade stover,Cade Stover,TE,45.0,HOU,0.1231,16.0,6.0,3.32,123.0
eli stowers,Eli Stowers,TE,108.0,,,,,,54.0
keon coleman,Keon Coleman,WR,160.0,BUF,0.2185,59.0,12.0,8.53,33.0
dallen bentley,Dallen Bentley,TE,46.0,,,,,,256.0
seydou traore,Seydou Traore,TE,47.0,,,,,,180.0
ted hurst,Ted Hurst,WR,166.0,,,,,,84.0
jack endries,Jack Endries,TE,48.0,,,,,,221.0
austin hooper,Austin Hooper,TE,49.0,NE,0.2301,26.0,13.0,4.56,81.0
jalen royals,Jalen Royals,WR,98.0,KC,0.0096,3.0,2.0,1.2,133.0
nate boerkircher,Nate Boerkircher,TE,50.0,,,,,,56.0
demario douglas,DeMario Douglas,WR,75.0,NE,0.1625,46.0,16.0,5.99,210.0
nick vannett,Nick Vannett,TE,51.0,,,,,,
bauer sharp,Bauer Sharp,TE,52.0,,,,,,185.0
daniel bellinger,Daniel Bellinger,TE,53.0,NYG,0.2549,26.0,13.0,4.58,112.0
drew sample,Drew Sample,TE,54.0,CIN,0.155,20.0,12.0,2.66,52.0
kimani vidal,Kimani Vidal,RB,110.0,LAC,0.4318,155.0,13.0,9.07,181.0
grant calcaterra,Grant Calcaterra,TE,55.0,PHI,0.125,13.0,9.0,2.51,198.0
ben sims,Ben Sims,TE,56.0,MIN,0.0638,6.0,3.0,2.0,
de zhaun stribling,De'Zhaun Stribling,WR,177.0,,,,,,33.0
luke musgrave,Luke Musgrave,TE,33.0,GB,0.3163,31.0,13.0,3.78,42.0
tutu atwell,Tutu Atwell,WR,99.0,LA,0.0409,15.0,8.0,3.9,57.0
elic ayomanor,Elic Ayomanor,WR,100.0,TEN,0.3007,89.0,16.0,7.28,136.0
jordan james,Jordan James,RB,98.0,,,,,,
luke mccaffrey,Luke McCaffrey,WR,76.0,WAS,0.0549,15.0,9.0,5.7,100.0
ben sinnott,Ben Sinnott,TE,57.0,WAS,0.125,13.0,9.0,3.16,53.0
kendrick bourne,Kendrick Bourne,WR,101.0,SF,0.212,53.0,14.0,6.58,
tanner hudson,Tanner Hudson,TE,58.0,CIN,0.186,24.0,10.0,4.78,
john bates,John Bates,TE,59.0,WAS,0.1538,16.0,10.0,2.73,124.0
dyami brown,Dyami Brown,WR,167.0,JAX,0.116,37.0,11.0,4.52,82.0
tanner conner,Tanner Conner,TE,60.0,MIA,0.1471,15.0,8.0,2.26,
jarquez hunter,Jarquez Hunter,RB,59.0,,,,,,
caleb douglas,Caleb Douglas,WR,168.0,,,,,,75.0
joe royer,Joe Royer,TE,61.0,,,,,,170.0
tanner koziol,Tanner Koziol,TE,62.0,,,,,,164.0
zavion thomas,Zavion Thomas,WR,77.0,,,,,,89.0
josh oliver,Josh Oliver,TE,63.0,MIN,0.2021,19.0,12.0,4.58,69.0
brenen thompson,Brenen Thompson,WR,102.0,,,,,,105.0
calvin austin,Calvin Austin,WR,103.0,PIT,0.2361,55.0,14.0,6.16,138.0
jaheim bell,Jaheim Bell,TE,64.0,,,,,,
sam roush,Sam Roush,TE,65.0,,,,,,69.0
cam grandy,Cam Grandy,TE,66.0,CIN,0.0155,2.0,2.0,1.35,
savion williams,Savion Williams,WR,169.0,GB,0.0369,10.0,12.0,2.13,87.0
jawhar jordan,Jawhar Jordan,RB,60.0,HOU,0.1078,43.0,4.0,7.42,205.0
davis allen,Davis Allen,TE,67.0,LA,0.22,33.0,15.0,4.19,175.0
will mallory,Will Mallory,TE,68.0,IND,0.0072,1.0,1.0,2.6,162.0
elijah sarratt,Elijah Sarratt,WR,161.0,,,,,,115.0
jared wiley,Jared Wiley,TE,69.0,KC,0.0068,1.0,2.0,0.7,131.0
jaylen wright,Jaylen Wright,RB,99.0,MIA,0.1852,70.0,9.0,5.36,120.0
chris brazzell,Chris Brazzell,WR,170.0,,,,,,83.0
xavier hutchinson,Xavier Hutchinson,WR,104.0,HOU,0.1647,57.0,16.0,6.12,205.0
elijah higgins,Elijah Higgins,TE,70.0,ARI,0.1697,37.0,17.0,3.42,197.0
cj dippre,CJ Dippre,TE,71.0,,,,,,
erick all,Erick All,TE,72.0,,,,,,
carson beck,Carson Beck,QB,31.0,,,,,,65.0
isaiah davis,Isaiah Davis,RB,84.0,NYJ,0.1291,43.0,16.0,4.45,173.0
isaiah williams,Isaiah Williams,WR,105.0,NYJ,0.1328,36.0,15.0,4.05,
nate adkins,Nate Adkins,TE,73.0,DEN,0.0965,11.0,6.0,2.8,
foster moreau,Foster Moreau,TE,74.0,NO,0.0704,10.0,7.0,1.84,137.0
ty simpson,Ty Simpson,QB,32.0,,,,,,13.0
josh whyle,Josh Whyle,TE,75.0,GB,0.0612,6.0,6.0,2.43,147.0
ashton dulin,Ashton Dulin,WR,106.0,IND,0.0321,10.0,12.0,1.67,
joshua palmer,Joshua Palmer,WR,107.0,,,,,,
josh cuevas,Josh Cuevas,TE,76.0,,,,,,173.0
ray davis,Ray Davis,RB,117.0,BUF,0.1384,58.0,17.0,3.77,128.0
payne durham,Payne Durham,TE,77.0,TB,0.0465,4.0,8.0,0.26,171.0
sean tucker,Sean Tucker,RB,100.0,TB,0.2161,86.0,17.0,5.38,
jordan whittington,Jordan Whittington,WR,78.0,LA,0.0681,25.0,15.0,2.42,213.0
jam miller,Jam Miller,RB,61.0,,,,,,245.0
devin culp,Devin Culp,TE,78.0,TB,0.0116,1.0,4.0,1.9,246.0
blake whiteheart,Blake Whiteheart,TE,79.0,CLE,0.0355,6.0,9.0,0.27,
cedric tillman,Cedric Tillman,WR,108.0,CLE,0.1681,39.0,12.0,5.0,74.0
donovan edwards,Donovan Edwards,RB,62.0,,,,,,
malik benson,Malik Benson,WR,109.0,,,,,,195.0
tua tagovailoa,Tua Tagovailoa,QB,80.0,MIA,0.6452,20.0,14.0,11.48,5.0
nicholas singleton,Nicholas Singleton,RB,85.0,,,,,,165.0
mitchell evans,Mitchell Evans,TE,80.0,CAR,0.2525,25.0,14.0,3.44,163.0
jelani woods,Jelani Woods,TE,81.0,NYJ,0.0283,3.0,2.0,0.7,73.0
charlie woerner,Charlie Woerner,TE,82.0,ATL,0.0709,9.0,7.0,1.83,190.0
lequint allen,LeQuint Allen,RB,111.0,JAX,0.0617,23.0,16.0,1.55,236.0
ian thomas,Ian Thomas,TE,83.0,LV,0.0833,13.0,9.0,2.71,101.0
kaelon black,Kaelon Black,RB,86.0,,,,,,90.0
jahdae walker,Jahdae Walker,WR,79.0,CHI,0.0317,10.0,6.0,4.45,
frank gore,Frank Gore,RB,63.0,,,,,,
trevor etienne,Trevor Etienne,RB,87.0,CAR,0.0512,20.0,17.0,0.81,114.0
chris brooks,Chris Brooks,RB,101.0,GB,0.0699,27.0,17.0,1.92,
marshawn lloyd,MarShawn Lloyd,RB,112.0,,,,,,
brashard smith,Brashard Smith,RB,64.0,KC,0.131,44.0,17.0,3.72,228.0
cyrus allen,Cyrus Allen,WR,110.0,,,,,,176.0
devin duvernay,Devin Duvernay,WR,111.0,CHI,0.0159,5.0,17.0,0.27,92.0
kaytron allen,Kaytron Allen,RB,88.0,,,,,,187.0
cj daniels,CJ Daniels,WR,112.0,,,,,,197.0
hunter long,Hunter Long,TE,84.0,JAX,0.1619,17.0,7.0,4.64,81.0
adam trautman,Adam Trautman,TE,85.0,DEN,0.2018,23.0,13.0,3.5,105.0
max klare,Max Klare,TE,104.0,,,,,,61.0
phil mafah,Phil Mafah,RB,65.0,DAL,0.0131,5.0,1.0,10.9,239.0
treylon burks,Treylon Burks,WR,113.0,WAS,0.0806,22.0,8.0,3.62,18.0
tip reiman,Tip Reiman,TE,86.0,ARI,0.0229,5.0,3.0,1.6,82.0
reggie virgil,Reggie Virgil,WR,114.0,,,,,,143.0
ty chandler,Ty Chandler,RB,66.0,MIN,0.0493,17.0,3.0,2.93,169.0
greg dortch,Greg Dortch,WR,115.0,ARI,0.12,33.0,12.0,6.26,
dont e thornton,Dont'e Thornton,WR,116.0,LV,0.124,30.0,11.0,2.14,108.0
malik davis,Malik Davis,RB,89.0,DAL,0.1358,52.0,10.0,4.06,
lucas krull,Lucas Krull,TE,87.0,DEN,0.0351,4.0,2.0,1.75,
deshaun watson,Deshaun Watson,QB,77.0,,,,,,
george holani,George Holani,RB,102.0,SEA,0.0506,22.0,10.0,2.08,
brock wright,Brock Wright,TE,34.0,DET,0.2391,22.0,8.0,4.6,
luke schoonmaker,Luke Schoonmaker,TE,35.0,DAL,0.1667,23.0,14.0,1.94,58.0
ollie gordon,Ollie Gordon,RB,103.0,MIA,0.1852,70.0,17.0,3.18,179.0
charlie kolar,Charlie Kolar,TE,88.0,BAL,0.122,15.0,13.0,2.78,128.0
elijah mitchell,Elijah Mitchell,RB,67.0,KC,0.0,0.0,1.0,0.0,194.0
kaden wetjen,Kaden Wetjen,WR,117.0,,,,,,121.0
joe milton,Joe Milton,QB,44.0,DAL,0.0862,5.0,4.0,2.58,193.0
mo alie cox,Mo Alie-Cox,TE,89.0,IND,0.1439,20.0,11.0,2.79,
michael penix,Michael Penix,QB,45.0,ATL,0.6,21.0,9.0,13.36,8.0
colbie young,Colbie Young,WR,118.0,,,,,,140.0
kendre miller,Kendre Miller,RB,68.0,NO,0.1567,47.0,7.0,4.76,71.0
riley leonard,Riley Leonard,QB,46.0,IND,0.1053,6.0,5.0,6.2,189.0
adam randall,Adam Randall,RB,104.0,,,,,,174.0
demond claiborne,Demond Claiborne,RB,105.0,,,,,,198.0
tyson bagent,Tyson Bagent,QB,33.0,CHI,0.0253,2.0,2.0,1.29,
barion brown,Barion Brown,WR,119.0,,,,,,190.0
will howard,Will Howard,QB,34.0,,,,,,
dj giddens,DJ Giddens,RB,106.0,IND,0.0697,26.0,5.0,1.92,151.0
durham smythe,Durham Smythe,TE,90.0,CHI,0.0441,6.0,7.0,0.93,123.0
quinn ewers,Quinn Ewers,QB,35.0,MIA,0.2581,8.0,4.0,8.29,231.0
cade klubnik,Cade Klubnik,QB,36.0,,,,,,110.0
josh cameron,Josh Cameron,WR,120.0,,,,,,191.0
jackson hawes,Jackson Hawes,TE,91.0,BUF,0.157,19.0,13.0,4.05,173.0
mack hollins,Mack Hollins,WR,80.0,NE,0.2297,65.0,14.0,8.1,118.0
xavier smith,Xavier Smith,WR,121.0,LA,0.0654,24.0,16.0,3.02,
teddy bridgewater,Teddy Bridgewater,QB,37.0,TB,0.0517,3.0,3.0,0.96,32.0
luke farrell,Luke Farrell,TE,92.0,SF,0.1077,14.0,13.0,2.27,145.0
jack stoll,Jack Stoll,TE,93.0,NO,0.0775,11.0,9.0,1.84,
tommy devito,Tommy DeVito,QB,38.0,,,,,,
seth mcgowan,Seth McGowan,RB,107.0,,,,,,237.0
eric saubert,Eric Saubert,TE,94.0,SEA,0.0686,7.0,9.0,1.01,174.0
drew ogletree,Drew Ogletree,TE,95.0,,,,,,
tanner mckee,Tanner McKee,QB,47.0,PHI,0.0708,8.0,4.0,3.44,188.0
odell beckham,Odell Beckham,WR,66.0,,,,,,
isaiah bond,Isaiah Bond,WR,122.0,CLE,0.1897,44.0,15.0,3.65,
devin singletary,Devin Singletary,RB,90.0,NYG,0.3005,119.0,17.0,6.4,74.0
will shipley,Will Shipley,RB,91.0,PHI,0.0385,14.0,14.0,1.39,127.0
brevyn spann ford,Brevyn Spann-Ford,TE,96.0,DAL,0.0942,13.0,16.0,1.5,
chris collier,Chris Collier,RB,69.0,,,,,,
shedeur sanders,Shedeur Sanders,QB,28.0,CLE,0.5122,21.0,8.0,10.61,144.0
darius cooper,Darius Cooper,WR,123.0,PHI,0.0378,11.0,6.0,3.03,
jarrett stidham,Jarrett Stidham,QB,48.0,DEN,0.0119,1.0,1.0,-0.1,133.0
devin neal,Devin Neal,RB,70.0,NO,0.19,57.0,9.0,6.67,184.0
behren morton,Behren Morton,QB,49.0,,,,,,234.0
jake browning,Jake Browning,QB,50.0,CIN,0.2368,9.0,5.0,9.75,
jalen milroe,Jalen Milroe,QB,51.0,SEA,0.0682,3.0,3.0,-0.53,92.0
drew allar,Drew Allar,QB,52.0,,,,,,76.0
chris manhertz,Chris Manhertz,TE,97.0,NYG,0.0196,2.0,4.0,0.43,
garrett nussmeier,Garrett Nussmeier,QB,53.0,,,,,,249.0
tyler conklin,Tyler Conklin,TE,98.0,LAC,0.101,10.0,6.0,2.88,157.0
cole payton,Cole Payton,QB,54.0,,,,,,178.0
adrian martinez,Adrian Martinez,QB,55.0,SF,0.0143,1.0,1.0,-0.1,
michael bandy,Michael Bandy,WR,124.0,DEN,0.0114,4.0,4.0,3.75,
anthony gould,Anthony Gould,WR,125.0,IND,0.0064,2.0,11.0,0.24,142.0
brady cook,Brady Cook,QB,56.0,NYJ,0.1171,13.0,5.0,5.69,
derius davis,Derius Davis,WR,126.0,LAC,0.0081,3.0,11.0,0.32,125.0
jerome ford,Jerome Ford,RB,71.0,CLE,0.068,24.0,13.0,3.35,156.0
myles price,Myles Price,WR,127.0,MIN,0.0,0.0,16.0,0.0,
quintin morris,Quintin Morris,TE,99.0,JAX,0.0857,9.0,11.0,1.59,
shane buechele,Shane Buechele,QB,57.0,KC,0.0132,1.0,1.0,3.92,
kyle williams,Kyle Williams,WR,81.0,NE,0.0742,21.0,14.0,3.51,69.0
chris oladokun,Chris Oladokun,QB,58.0,KC,0.0658,5.0,3.0,3.73,241.0
audric estime,Audric Estime,RB,72.0,,,,,,
johnny mundt,Johnny Mundt,TE,100.0,JAX,0.181,19.0,12.0,1.68,
kyle allen,Kyle Allen,QB,59.0,DET,0.1364,3.0,2.0,-0.15,
josh williams,Josh Williams,RB,73.0,TB,0.0101,4.0,2.0,0.55,
roschon johnson,Roschon Johnson,RB,56.0,CHI,0.005,2.0,6.0,0.28,115.0
josh johnson,Josh Johnson,QB,60.0,WAS,0.1,12.0,3.0,8.13,160.0
konata mumpfield,Konata Mumpfield,WR,128.0,LA,0.0627,23.0,10.0,2.52,242.0
tez johnson,Tez Johnson,WR,129.0,TB,0.1212,44.0,15.0,6.16,235.0
keandre lambert smith,KeAndre Lambert-Smith,WR,130.0,LAC,0.0324,12.0,10.0,1.61,158.0
julian hill,Julian Hill,TE,101.0,MIA,0.1961,20.0,11.0,2.82,
devontez walker,Devontez Walker,WR,131.0,BAL,0.0379,8.0,8.0,4.7,113.0
emanuel wilson,Emanuel Wilson,RB,118.0,GB,0.3238,125.0,17.0,5.56,
dameon pierce,Dameon Pierce,RB,74.0,HOU,0.0251,10.0,5.0,0.72,107.0
nikko remigio,Nikko Remigio,WR,132.0,KC,0.0032,1.0,14.0,0.3,
demarcus robinson,Demarcus Robinson,WR,133.0,SF,0.14,35.0,14.0,4.16,126.0
skyy moore,Skyy Moore,WR,134.0,SF,0.028,7.0,17.0,0.87,54.0
dylan laube,Dylan Laube,RB,75.0,LV,0.0228,7.0,17.0,0.34,208.0
isaac guerendo,Isaac Guerendo,RB,76.0,SF,0.0,0.0,7.0,0.0,129.0
kirk cousins,Kirk Cousins,QB,61.0,ATL,0.4,14.0,10.0,10.35,102.0
kameron johnson,Kameron Johnson,WR,135.0,TB,0.0193,7.0,17.0,1.04,
riley nowakowski,Riley Nowakowski,TE,,,,,,,169.0
mason tipton,Mason Tipton,WR,136.0,NO,0.0494,17.0,8.0,2.55,
tyler badie,Tyler Badie,RB,92.0,DEN,0.0233,8.0,16.0,2.21,196.0
malachi corley,Malachi Corley,WR,137.0,CLE,0.0603,14.0,12.0,2.63,65.0
charlie jones,Charlie Jones,WR,138.0,CIN,0.0027,1.0,14.0,0.43,131.0
j j mccarthy,J.J. McCarthy,QB,30.0,MIN,0.6727,37.0,10.0,12.54,10.0
david moore,David Moore,WR,139.0,CAR,0.0035,1.0,3.0,0.9,226.0
kene nwangwu,Kene Nwangwu,RB,77.0,NYJ,0.039,13.0,10.0,1.09,119.0
tahj brooks,Tahj Brooks,RB,93.0,CIN,0.0479,16.0,12.0,0.53,193.0
gage larvadain,Gage Larvadain,WR,140.0,CLE,0.0603,14.0,13.0,1.11,
trey benson,Trey Benson,RB,94.0,ARI,0.0993,29.0,4.0,8.85,66.0
anthony richardson,Anthony Richardson,QB,62.0,IND,0.0702,4.0,2.0,1.08,4.0
bo melton,Bo Melton,WR,141.0,,,,,,
jalen brooks,Jalen Brooks,WR,142.0,ARI,0.0218,6.0,5.0,1.62,244.0
justin fields,Justin Fields,QB,39.0,NYJ,0.6396,71.0,9.0,15.85,11.0
marcus mariota,Marcus Mariota,QB,63.0,WAS,0.4167,50.0,10.0,12.55,2.0
tai felton,Tai Felton,WR,143.0,MIN,0.0102,3.0,12.0,0.46,102.0
ben skowronek,Ben Skowronek,WR,144.0,PIT,0.0258,6.0,16.0,1.06,249.0
dareke young,Dareke Young,WR,145.0,SEA,0.0103,3.0,8.0,0.85,233.0
arian smith,Arian Smith,WR,146.0,NYJ,0.059,16.0,13.0,1.04,110.0
mitch tinsley,Mitch Tinsley,WR,,,,,,,
kaleb johnson,Kaleb Johnson,RB,95.0,PIT,0.0793,28.0,10.0,0.88,83.0
rasheen ali,Rasheen Ali,RB,78.0,BAL,0.0179,7.0,15.0,1.61,165.0
will levis,Will Levis,QB,64.0,,,,,,
mac jones,Mac Jones,QB,65.0,SF,0.5143,36.0,11.0,11.82,15.0
braxton berrios,Braxton Berrios,WR,147.0,HOU,0.0231,8.0,4.0,2.43,210.0
justin watson,Justin Watson,WR,148.0,HOU,0.0116,4.0,3.0,2.0,144.0
jameis winston,Jameis Winston,QB,40.0,NYG,0.0631,7.0,3.0,14.43,1.0
britain covey,Britain Covey,WR,149.0,PHI,0.0137,4.0,6.0,0.67,
tyrell shavers,Tyrell Shavers,WR,150.0,BUF,0.0852,23.0,11.0,4.14,
andrew beck,Andrew Beck,RB,96.0,,,,,,
joe flacco,Joe Flacco,QB,66.0,CIN,0.3947,15.0,13.0,11.28,18.0
jacob cowing,Jacob Cowing,WR,151.0,,,,,,
lajohntay wester,LaJohntay Wester,WR,152.0,BAL,0.0,0.0,14.0,0.0,203.0
mason rudolph,Mason Rudolph,QB,67.0,PIT,0.25,7.0,5.0,3.0,76.0
jimmy horn,Jimmy Horn,WR,153.0,CAR,0.0519,15.0,10.0,2.87,208.0
spencer rattler,Spencer Rattler,QB,41.0,NO,0.4079,31.0,9.0,11.02,150.0
nick mullens,Nick Mullens,QB,68.0,JAX,0.1277,12.0,4.0,-0.01,
deejay dallas,DeeJay Dallas,RB,79.0,JAX,0.0054,2.0,5.0,0.42,144.0
davis mills,Davis Mills,QB,69.0,HOU,0.2131,13.0,6.0,11.43,67.0
gardner minshew,Gardner Minshew,QB,42.0,KC,0.0789,6.0,4.0,-0.08,178.0
jonathan mingo,Jonathan Mingo,WR,154.0,DAL,0.0129,5.0,5.0,0.7,39.0
andy dalton,Andy Dalton,QB,70.0,CAR,0.0847,5.0,4.0,2.38,35.0
jacob saylors,Jacob Saylors,RB,80.0,DET,0.0049,2.0,11.0,0.1,
efton chism,Efton Chism,WR,82.0,NE,0.0106,3.0,8.0,2.06,
mason kinsey,Mason Kinsey,WR,155.0,TEN,0.0135,4.0,6.0,1.13,
juju smith schuster,JuJu Smith-Schuster,WR,83.0,KC,0.1442,45.0,17.0,4.32,62.0
kenny pickett,Kenny Pickett,QB,71.0,LV,0.1064,5.0,6.0,1.29,20.0
brycen tremayne,Brycen Tremayne,WR,156.0,CAR,0.0623,18.0,15.0,2.0,
reggie gilliam,Reggie Gilliam,RB,81.0,BUF,0.0048,2.0,11.0,0.44,
zavier scott,Zavier Scott,RB,82.0,MIN,0.0928,32.0,11.0,3.56,
trey lance,Trey Lance,QB,72.0,LAC,0.17,17.0,4.0,3.38,3.0
tyler huntley,Tyler Huntley,QB,43.0,BAL,0.2526,24.0,5.0,8.03,
mitchell trubisky,Mitchell Trubisky,QB,73.0,BUF,0.0744,9.0,4.0,7.78,2.0
aidan o connell,Aidan O'Connell,QB,74.0,LV,0.0213,1.0,1.0,4.78,135.0
tyrod taylor,Tyrod Taylor,QB,75.0,NYJ,0.2432,27.0,6.0,9.91,180.0
drew lock,Drew Lock,QB,76.0,SEA,0.1364,6.0,3.0,0.03,42.0
british brooks,British Brooks,RB,83.0,HOU,0.0426,17.0,8.0,0.98,
