overall_rank,rank_ecr,rank_composite,full_name,pos_label,total_points,vols,adp_rank,ecr_rank,value_gap,market,risk_tier,availability,floor,ceiling,p_elite,p_startable,p_bust,P_pos1
1,1,1,Bijan Robinson,RB1,443.9180392886759,217.2731356681323,2.0,2.0,1.0,fair,Safe,0.944,355.52440521428383,545.3230782071447,0.41885,0.93935,0.06065,0.8566
2,2,2,Jahmyr Gibbs,RB2,442.4195607092528,215.7746570887092,1.0,4.0,-1.0,fair,Balanced,0.9204705882352942,344.4985309972047,545.1845308378811,0.3987,0.9372,0.0628,0.8336
3,3,3,Puka Nacua,WR1,397.7100388709701,189.8472062819811,4.0,3.0,1.0,fair,Balanced,0.8856470588235295,302.9555071503841,495.07317591882094,0.4216,0.9259,0.0741,0.7889
5,4,4,Ja'Marr Chase,WR2,379.0934284001766,171.2305958111876,3.0,1.0,-2.0,fair,Balanced,0.9444705882352942,296.1087135840459,468.8653109436096,0.35125,0.93185,0.06815,0.76565
6,6,5,Jaxon Smith-Njigba,WR3,375.2488624281247,167.38602983913572,5.0,5.0,-1.0,fair,Balanced,0.968,299.10977038611753,462.350738192373,0.3372,0.935,0.065,0.77475
8,7,6,Amon-Ra St. Brown,WR4,356.5074259512935,148.6445933623045,7.0,6.0,-1.0,fair,Balanced,0.9562352941176472,280.66990680151525,440.21115813601057,0.2649,0.9275,0.0725,0.70515
7,8,7,Jonathan Taylor,RB4,380.93159282954286,154.2866892089993,8.0,10.0,1.0,fair,Injury Risk,0.8013529411764706,254.65658268985848,491.2246410105156,0.23955,0.87935,0.12065,0.62075
9,9,8,De'Von Achane,RB5,374.98365294297105,148.33874932242747,16.0,13.0,7.0,fair,Safe,0.8616470588235294,278.21968307371696,468.75035833928973,0.19485,0.91095,0.08905,0.65075
4,5,9,Christian McCaffrey,RB3,410.3353746342213,183.69047101367772,6.0,8.0,2.0,fair,Injury Risk,0.6792941176470588,200.330468216667,579.6298351409289,0.36135,0.79405,0.20595,0.6025
10,11,10,Ashton Jeanty,RB6,342.1509385065154,115.5060348859718,9.0,14.0,-1.0,fair,Boom/Bust,0.9066666666666666,258.6401657069508,429.64263634361777,0.11865,0.9048,0.0952,0.54155
11,10,11,Drake London,WR5,320.26759258169415,112.40475999270517,18.0,11.0,7.0,fair,Balanced,0.8974117647058824,240.50002340883444,398.8390966656373,0.15375,0.88065,0.11935,0.5311
12,13,12,Trey McBride,TE1,298.0529216913558,111.4318682159554,22.0,17.0,10.0,fair,Balanced,0.952235294117647,237.0015721746734,367.0858165006651,0.5982,0.9096,0.0904,0.9096
13,14,13,Chase Brown,RB7,334.74271388259086,108.09781026204728,15.0,21.0,2.0,fair,Balanced,0.8734117647058823,251.84095726640004,416.4105219675503,0.09975,0.8925,0.1075,0.51135
16,16,14,James Cook,RB10,331.08732534788146,104.44242172733787,11.0,19.0,-5.0,fair,Balanced,0.932235294117647,260.2912952283828,409.8928018623323,0.08475,0.9118,0.0882,0.5079
14,17,15,Saquon Barkley,RB8,333.38118905487687,106.7362854343333,13.0,26.0,-1.0,fair,Injury Risk,0.8101764705882353,225.58221896369065,428.8196152491074,0.1245,0.8409,0.1591,0.48585
17,12,16,CeeDee Lamb,WR6,306.31221704905937,98.44938446007038,12.0,7.0,-5.0,fair,Safe,0.8974117647058824,236.30016039366615,376.6230435285145,0.10415,0.8774,0.1226,0.4776
20,15,17,Justin Jefferson,WR8,301.8728107210985,94.00997813210952,10.0,9.0,-10.0,fair,Balanced,0.8856470588235295,226.9044013605317,374.1718082271934,0.1031,0.85665,0.14335,0.45395
15,21,18,Derrick Henry,RB9,331.2360856469025,104.59118202635892,21.0,37.0,6.0,fair,Injury Risk,0.7939999999999999,217.44062461235296,427.10502451888385,0.1257,0.82705,0.17295,0.4757
19,19,19,Omarion Hampton,RB11,322.9272896115635,96.28238599101992,14.0,24.0,-5.0,fair,Balanced,,236.19665646944048,405.5024411916478,0.087,0.8708,0.1292,0.45675
22,20,20,Brock Bowers,TE2,273.4139454833094,86.79289200790905,19.0,20.0,-3.0,fair,Balanced,0.8814705882352941,202.66928253581617,341.8266877711547,0.43975,0.8337,0.1663,0.8337
21,30,21,Josh Jacobs,RB12,314.05690992716575,87.41200630662217,42.0,45.0,21.0,VALUE,Injury Risk,0.8234117647058823,222.00075039842065,399.2709731552783,0.0775,0.8382,0.1618,0.4223
23,29,22,Breece Hall,RB13,312.506127641889,85.86122402134544,30.0,40.0,7.0,fair,Balanced,0.9204705882352942,240.64255239873225,388.7986782307485,0.0607,0.88485,0.11515,0.41465
25,25,23,Josh Allen,QB1,448.24219255838295,81.32635172066637,27.0,23.0,2.0,fair,Balanced,0.952470588235294,356.7553056201279,549.1896576111675,0.3243,0.75915,0.24085,0.75915
28,22,24,A.J. Brown,WR10,285.88986814118147,78.02703555219247,20.0,15.0,-8.0,fair,Balanced,0.8974117647058824,217.6808139021285,357.4333299277353,0.076,0.83675,0.16325,0.3858
24,28,25,Jeremiyah Love,RB14,310.60373416906026,83.95883054851669,25.0,36.0,1.0,fair,unknown,,200.01800329029973,449.4127241762056,0.16845,0.7899,0.2101,0.44135
27,24,26,Chris Olave,WR9,286.97691912514404,79.11408653615504,29.0,18.0,2.0,fair,Injury Risk,0.8385882352941177,202.16125784593203,363.5673973806743,0.0946,0.78825,0.21175,0.38625
26,27,27,Kenneth Walker,RB15,307.1491204486732,80.50421682812964,17.0,30.0,-9.0,fair,Injury Risk,0.8498823529411764,220.42053642593368,388.1428766723837,0.0643,0.83655,0.16345,0.3938
29,26,28,George Pickens,WR11,281.1978099264834,73.3349773374944,24.0,16.0,-5.0,fair,Balanced,0.932705882352941,215.65740945795315,348.5898424774361,0.0638,0.8332,0.1668,0.34945
30,23,29,Nico Collins,WR12,278.3051869777051,70.4423543887161,23.0,12.0,-7.0,fair,Safe,0.8621176470588235,207.82192061431897,346.32920718330536,0.061,0.80395,0.19605,0.3495
18,18,30,Rashee Rice,WR7,304.92922080379884,97.06638821480983,26.0,22.0,8.0,fair,Injury Risk,0.6974117647058824,157.3209383158132,424.9435804761269,0.20665,0.6993,0.3007,0.4575
32,31,31,Garrett Wilson,WR13,275.366188014726,67.503355425737,36.0,28.0,4.0,fair,Balanced,0.8503529411764706,200.5638875487785,346.97019657184927,0.067,0.7824,0.2176,0.33895
33,33,32,Zay Flowers,WR14,273.5233791429153,65.66054655392631,32.0,34.0,-1.0,fair,Balanced,0.9562352941176472,216.32222189188676,339.68386566386374,0.05255,0.8365,0.1635,0.3272
34,35,33,Kyren Williams,RB17,291.2105782642772,64.56567464373364,31.0,42.0,-3.0,fair,Safe,0.8734117647058823,221.9364150519707,359.8216552549479,0.0326,0.84745,0.15255,0.31555
31,39,34,Cam Skattebo,RB16,296.72283517615057,70.077931555607,45.0,55.0,14.0,VALUE,Balanced,,215.9453263289331,373.4120485361521,0.05045,0.8289,0.1711,0.34495
36,32,35,DeVonta Smith,WR15,264.4296190065409,56.56678641755192,28.0,27.0,-8.0,fair,Boom/Bust,0.9091764705882353,200.0266212641625,329.2721622949532,0.04185,0.77665,0.22335,0.2778
35,38,36,Travis Etienne,RB18,289.1060865292644,62.46118290872084,33.0,47.0,-2.0,fair,Balanced,0.8954705882352941,218.2339620776281,357.7418690637341,0.0341,0.8383,0.1617,0.3052
38,41,37,Javonte Williams,RB20,278.9621702778593,52.31726665731571,34.0,48.0,-4.0,fair,Balanced,0.9204705882352942,216.132896449955,347.07011351350616,0.0226,0.8364,0.1636,0.26635
40,34,38,Tetairoa McMillan,WR16,251.9993440475811,44.13651145859211,40.0,25.0,0.0,fair,Balanced,0.9466666666666668,194.68093560592237,312.4173779802525,0.02445,0.7488,0.2512,0.2207
39,37,39,Colston Loveland,TE3,232.7943027925607,46.17324931716033,41.0,38.0,2.0,fair,Boom/Bust,0.9203921568627452,169.36127705394145,295.03646110141506,0.2476,0.70155,0.29845,0.70155
37,44,40,Bucky Irving,RB19,282.3260873162565,55.681183695712946,59.0,56.0,22.0,VALUE,Injury Risk,0.8270588235294117,197.2239254493017,358.77750197603103,0.0355,0.77455,0.22545,0.29315
41,50,41,D'Andre Swift,RB21,270.7615382762058,44.11663465566221,50.0,62.0,9.0,fair,Balanced,0.8954705882352941,207.18042485981053,335.6470195094206,0.01875,0.80525,0.19475,0.22965
44,47,42,Tyler Warren,TE4,226.86588188708316,40.24482841168279,64.0,53.0,20.0,VALUE,Safe,0.94,179.76827551572654,278.7639918872089,0.18855,0.73615,0.26385,0.73615
42,49,43,Quinshon Judkins,RB22,269.1451271149405,42.50022349439695,54.0,60.0,12.0,VALUE,Injury Risk,0.8478431372549019,194.07394859377015,340.0323355242558,0.02375,0.757,0.243,0.2342
45,40,44,Tee Higgins,WR18,244.89892916306832,37.03609657407932,38.0,31.0,-7.0,fair,Injury Risk,0.8268235294117646,169.49894615637672,313.1717735090742,0.03535,0.6579,0.3421,0.2181
46,46,45,Davante Adams,WR19,244.281850038211,36.419017449222,47.0,49.0,1.0,fair,Injury Risk,0.8374117647058823,174.185435274811,308.4032112247751,0.02675,0.6648,0.3352,0.20505
48,51,46,Jameson Williams,WR20,242.75659820664933,34.893765617660335,51.0,51.0,3.0,fair,Boom/Bust,0.8856470588235295,181.21469444991484,305.0796895669017,0.0236,0.6849,0.3151,0.19085
43,36,47,Malik Nabers,WR17,250.29178187422625,42.42894928523725,37.0,29.0,-6.0,fair,Injury Risk,0.7394117647058824,144.81229308374458,337.1923794153205,0.0661,0.61715,0.38285,0.27655
47,42,48,Lamar Jackson,QB2,402.2236275775853,35.30778673986873,49.0,32.0,2.0,fair,Safe,0.9171764705882351,315.44223289597767,492.8049846611688,0.17785,0.61255,0.38745,0.61255
52,45,49,Ladd McConkey,WR22,237.6575876239401,29.794755034951095,35.0,35.0,-17.0,REACH,Balanced,0.9305882352941176,184.1848879731458,294.2340075581931,0.01435,0.68625,0.31375,0.1558
51,48,50,Terry McLaurin,WR21,238.96464176720244,31.101809178213443,44.0,41.0,-7.0,fair,Balanced,0.8706470588235294,178.82162197680887,298.9981220933711,0.02035,0.6711,0.3289,0.17215
49,43,51,Drake Maye,QB3,400.2530494031291,33.33720856541254,61.0,33.0,12.0,VALUE,Safe,0.9111764705882353,313.7495362121915,493.68576361012583,0.1795,0.607,0.393,0.607
50,62,52,Kyle Pitts,TE5,219.70547013598085,33.08441666058047,91.0,80.0,41.0,VALUE,Boom/Bust,0.964,162.1234597943733,279.1281963311963,0.19065,0.6477,0.3523,0.6477
54,58,53,Harold Fannin,TE6,214.83336094773583,28.212307472335453,97.0,67.0,43.0,VALUE,Balanced,0.9203921568627452,167.17420555676807,264.4490142414791,0.13975,0.6559,0.3441,0.6559
57,52,54,Emeka Egbuka,WR23,233.71463679725815,25.85180420826916,39.0,43.0,-18.0,REACH,Boom/Bust,0.9466666666666668,177.4608427700459,292.7240678418697,0.01575,0.6522,0.3478,0.1533
53,60,55,Bhayshul Tuten,RB23,255.54712230470804,28.902218684164467,57.0,74.0,4.0,fair,Boom/Bust,0.867450980392157,180.49267056503277,324.6407300414944,0.0211,0.6998,0.3002,0.1906
58,55,56,Jalen Hurts,QB5,392.005882150467,25.09004131275043,73.0,54.0,15.0,VALUE,Safe,0.9407058823529412,313.55134067523477,478.60433897388975,0.14895,0.5898,0.4102,0.5898
59,53,57,Luther Burden,WR24,231.7283823451345,23.865549756145494,43.0,46.0,-16.0,REACH,Boom/Bust,0.907450980392157,166.03150946693918,294.85620426909435,0.0249,0.59795,0.40205,0.1614
60,59,58,TreVeyon Henderson,RB24,250.3189157524859,23.674012131942337,52.0,59.0,-8.0,fair,Boom/Bust,0.9066666666666666,183.34597274155792,317.25928008912035,0.01515,0.70305,0.29695,0.1694
61,64,59,Alec Pierce,WR25,230.7494790851449,22.88664649615592,81.0,71.0,20.0,VALUE,Boom/Bust,0.932705882352941,172.7306373548373,290.10648639149457,0.0167,0.62705,0.37295,0.1457
62,63,60,Rome Odunze,WR26,230.64097119562769,22.77813860663869,60.0,61.0,-2.0,fair,Boom/Bust,0.8864705882352941,166.68128736303308,293.0154314428437,0.02065,0.6093,0.3907,0.154
65,61,61,DJ Moore,WR27,228.8597693646072,20.996936775618195,55.0,52.0,-10.0,fair,Boom/Bust,0.968,176.8249145226542,285.66052030188763,0.0116,0.63985,0.36015,0.12965
55,54,62,Jayden Daniels,QB4,394.15139993866626,27.235559100949672,65.0,58.0,10.0,fair,Injury Risk,0.8229411764705883,277.4711758457988,504.6184625263998,0.19925,0.5488,0.4512,0.5488
67,56,63,Jaylen Waddle,WR28,227.67028928587385,19.807456696884856,46.0,39.0,-21.0,REACH,Boom/Bust,0.8974117647058824,169.50084730244723,284.30556807497743,0.01375,0.60515,0.39485,0.1305
56,94,64,Brandon Aubrey,K1,177.93507565337,26.30563961485558,,193.0,,,Balanced,0.988,141.43592613532513,220.34057576106807,0.2789,0.70335,0.29665,0.70335
69,66,65,Courtland Sutton,WR29,226.4960482254436,18.63321563645459,77.0,72.0,8.0,fair,Balanced,0.9294705882352942,178.32730370910227,280.5395699917788,0.0067,0.6322,0.3678,0.1118
64,71,66,Travis Kelce,TE7,208.77068137873917,22.149627903338796,119.0,101.0,55.0,VALUE,Injury Risk,0.8237058823529412,144.7291969979406,267.08929615233734,0.15515,0.56995,0.43005,0.56995
70,72,67,Sam LaPorta,TE8,205.11688390127827,18.495830425877894,98.0,90.0,28.0,VALUE,Balanced,0.8581176470588237,151.57170719495983,258.92182843852925,0.12525,0.5728,0.4272,0.5728
63,101,68,Jason Myers,K2,174.21554332874828,22.586107290233855,,204.0,,,Balanced,0.978,138.08718765086172,214.5115173960709,0.2462,0.67555,0.32445,0.67555
66,57,69,Joe Burrow,QB6,387.3241562721002,20.40831543438361,58.0,44.0,-8.0,fair,Injury Risk,0.7877647058823529,256.6361885483021,501.6694966272663,0.19475,0.51415,0.48585,0.51415
72,73,70,Tony Pollard,RB25,239.14776641917467,12.5028627986311,76.0,89.0,4.0,fair,Balanced,0.8572352941176471,176.4979291663618,300.9000556042978,0.00635,0.6661,0.3339,0.12195
74,69,71,Marvin Harrison,WR30,218.8037687120577,10.940936123068695,68.0,70.0,-6.0,fair,Boom/Bust,0.8864705882352941,161.9809636019803,274.4977845380125,0.0104,0.55745,0.44255,0.1079
76,67,72,Jaylen Warren,RB27,236.5399035439628,9.89499992341922,70.0,64.0,-6.0,fair,Balanced,0.883705882352941,179.01295334449262,295.08311293261124,0.00535,0.6699,0.3301,0.1083
79,70,73,DK Metcalf,WR32,216.72023928907336,8.857406700084368,72.0,73.0,-7.0,fair,Balanced,0.9091764705882353,168.12458913326,269.477151800292,0.005,0.56805,0.43195,0.08245
68,106,74,Ka'imi Fairbairn,K3,170.75804676753782,19.128610729023393,,203.0,,,Balanced,0.9056470588235296,130.96707818997305,211.85604668102596,0.2266,0.6283,0.3717,0.6283
75,68,75,David Montgomery,RB26,236.6396417542304,9.994738133686838,48.0,66.0,-27.0,REACH,Injury Risk,0.7984117647058824,156.88308061263615,306.99267778919796,0.0126,0.61055,0.38945,0.14655
78,65,76,Mike Evans,WR31,217.54183513099812,9.67900254200913,53.0,50.0,-25.0,REACH,Injury Risk,0.7818235294117646,138.5388156851455,285.34800102751325,0.0209,0.52015,0.47985,0.14005
80,76,77,Michael Pittman,WR33,216.2930156726128,8.430183083623803,88.0,84.0,8.0,fair,Boom/Bust,0.9444705882352942,166.35589055802046,268.4316478550309,0.0061,0.56315,0.43685,0.08585
77,75,78,Dak Prescott,QB7,376.7933015733553,9.877460735638692,79.0,83.0,2.0,fair,Balanced,0.8701176470588236,281.7807609213451,473.0967413305748,0.14035,0.5039,0.4961,0.5039
71,110,79,Cameron Dicker,K4,169.5155433287483,17.886107290233866,,202.0,,,Balanced,0.988,135.88573694798097,207.88382185953716,0.21115,0.64975,0.35025,0.64975
73,84,80,Dallas Goedert,TE9,198.73135509430008,12.110301618899712,133.0,120.0,60.0,VALUE,Injury Risk,0.7928235294117647,129.22980377167383,258.0677056591108,0.1322,0.5028,0.4972,0.5028
81,80,81,Wan'Dale Robinson,WR34,213.83440728830908,5.971574699320087,111.0,86.0,30.0,VALUE,Balanced,0.932705882352941,166.66632799719585,264.31428687028705,0.00455,0.54205,0.45795,0.07805
85,77,82,Jadarian Price,RB28,230.2658319666691,3.620928346125538,66.0,78.0,-19.0,REACH,unknown,,143.9302779775639,320.86806823958915,0.0407,0.55715,0.44285,0.18145
83,79,83,Jaxson Dart,QB8,371.98303323036697,5.067192392650384,89.0,82.0,6.0,fair,Balanced,0.9011764705882352,280.341683376368,463.5340595849582,0.1234,0.48065,0.51935,0.48065
92,78,84,Caleb Williams,QB10,369.2715621146317,2.3557212769151192,69.0,65.0,-23.0,REACH,Balanced,0.97,293.69644574080235,455.975162975928,0.10405,0.4998,0.5002,0.4998
87,86,85,Jake Ferguson,TE10,189.7611834384526,3.1401299630522317,124.0,104.0,37.0,VALUE,Boom/Bust,0.9287058823529412,144.57945263047566,236.21902673962072,0.0709,0.4676,0.5324,0.4676
88,81,86,Chuba Hubbard,RB29,229.7588685481264,3.1139649275828276,75.0,76.0,-13.0,REACH,Boom/Bust,0.8719411764705881,167.4472096974137,291.28374416949424,0.0064,0.6121,0.3879,0.10655
84,83,87,Brock Purdy,QB9,370.79313520986926,3.877294372152676,94.0,94.0,10.0,fair,Injury Risk,0.8465882352941175,269.022435009358,466.3888452494898,0.13855,0.4725,0.5275,0.4725
90,74,88,Christian Watson,WR35,210.42003619409388,2.5572036051048883,56.0,57.0,-34.0,REACH,Injury Risk,0.7562352941176471,123.24377722141078,282.1503920510476,0.0216,0.4757,0.5243,0.13845
98,89,89,Jakobi Meyers,WR36,207.862832588989,0.0,106.0,91.0,8.0,fair,Safe,0.9209411764705882,163.69300092929592,255.02952715042588,0.00295,0.5058,0.4942,0.0527
97,82,90,Tucker Kraft,TE11,187.02003598945055,0.398982514050175,83.0,68.0,-14.0,REACH,Injury Risk,0.8228235294117647,126.58396932901827,240.5199337096636,0.0898,0.4365,0.5635,0.4365
86,120,91,Eddy Pineiro,K6,154.81100412654746,3.181568088033032,,213.0,,,Boom/Bust,0.9291764705882354,118.75097051146112,192.6998952494905,0.1348,0.4882,0.5118,0.4882
98,85,92,Trevor Lawrence,QB12,366.9158408377166,0.0,80.0,75.0,-18.0,REACH,Balanced,0.8818823529411765,277.10676548888506,457.78698783985703,0.1165,0.4702,0.5298,0.4702
96,91,93,Matthew Stafford,QB11,368.4334930067937,1.5176521690771096,93.0,103.0,-3.0,fair,Balanced,0.880705882352941,277.30964956667896,458.4596408455997,0.11435,0.4746,0.5254,0.4746
82,134,94,Harrison Mevis,K5,156.80646492434664,5.177028885832215,,249.0,,,Balanced,,124.27149816860371,192.46439027805025,0.1263,0.52225,0.47775,0.52225
98,88,95,Rico Dowdle,RB30,226.64490362054357,0.0,90.0,88.0,-8.0,fair,Boom/Bust,0.8704705882352941,165.65136180347957,285.58788119864545,0.00495,0.59885,0.40115,0.0915
106,87,96,Justin Herbert,QB13,365.1840516252567,-1.731789212459887,74.0,69.0,-32.0,REACH,Safe,0.9171764705882351,286.8136023636068,449.86832732736406,0.0979,0.47135,0.52865,0.47135
98,95,97,George Kittle,TE12,186.62105347540037,0.0,120.0,115.0,22.0,VALUE,Injury Risk,0.8131176470588236,127.7333047847588,239.4191728681461,0.08,0.4449,0.5551,0.4449
114,90,98,Carnell Tate,WR38,202.13205594426327,-5.730776644725722,62.0,63.0,-52.0,REACH,unknown,,134.99293636659877,292.8140328737735,0.0445,0.4845,0.5155,0.16935
89,131,99,Chase McLaughlin,K7,154.2305364511692,2.601100412654773,,235.0,,,Balanced,0.988,121.4884037269826,190.55109495281437,0.1195,0.4956,0.5044,0.4956
108,96,100,Patrick Mahomes,QB14,364.18246500353087,-2.733375834185722,96.0,99.0,-12.0,REACH,Safe,0.9171764705882351,287.7083381881709,448.6907649832702,0.0977,0.46775,0.53225,0.46775
94,129,101,Cairo Santos,K10,153.47193947730398,1.8425034387895496,,224.0,,,Boom/Bust,0.964470588235294,119.8518126343764,191.0877220654964,0.1248,0.48985,0.51015,0.48985
109,97,102,Bo Nix,QB15,363.48140010721846,-3.4344407304981246,107.0,102.0,-2.0,fair,Safe,0.97,290.78446784718955,445.4604157556457,0.0855,0.47155,0.52845,0.47155
91,135,103,Jake Bates,K8,154.1455295735901,2.516093535075669,,234.0,,,Safe,0.985,124.9709090476924,188.37800576829216,0.11155,0.5029,0.4971,0.5029
105,100,104,Isaiah Likely,TE13,185.40672777363517,-1.2143257017652047,126.0,122.0,21.0,VALUE,Injury Risk,0.8463529411764708,126.216826930314,238.26769250528247,0.0884,0.4193,0.5807,0.4193
98,128,105,Tyler Loop,K12,151.62943603851443,0.0,,214.0,,,Balanced,0.98,120.79299845143576,186.22616664611033,0.10205,0.47235,0.52765,0.47235
107,92,106,Rhamondre Stevenson,RB31,224.20964811072645,-2.435255509817125,78.0,87.0,-29.0,REACH,Injury Risk,0.7763529411764706,139.06062225003464,295.1374248068198,0.0113,0.5405,0.4595,0.1216
95,140,107,Harrison Butker,K11,153.1627235213205,1.5332874828060596,,245.0,,,Balanced,0.9409411764705884,119.78195343312224,188.88679532541195,0.1144,0.47975,0.52025,0.47975
104,130,108,Cam Little,K14,150.46506189821184,-1.1643741403025842,,206.0,,,Boom/Bust,0.985,118.00535570607468,186.69562551452077,0.10915,0.4614,0.5386,0.4614
93,156,109,Will Reichard,K9,153.7270976616231,2.097661623108678,,293.0,,,Balanced,0.9261764705882352,120.0971557811528,189.0827941097151,0.1181,0.4872,0.5128,0.4872
112,114,110,Mark Andrews,TE14,182.2777213997137,-4.343332075686675,132.0,133.0,20.0,VALUE,Boom/Bust,0.8666470588235294,130.4616983764197,231.46368684567156,0.06715,0.4082,0.5918,0.4082
113,93,111,Chris Godwin,WR37,203.4889724668415,-4.373860122147505,87.0,77.0,-26.0,REACH,Injury Risk,0.7412352941176471,115.26732792100351,274.49633563696307,0.01695,0.43985,0.56015,0.12155
119,108,112,Jared Goff,QB16,356.5506701910763,-10.365170646640308,104.0,110.0,-15.0,REACH,Balanced,0.976,286.1632497261571,439.6873015360716,0.08175,0.44015,0.55985,0.44015
116,99,113,Parker Washington,WR39,198.61176324440532,-9.25106934458367,67.0,95.0,-49.0,REACH,Injury Risk,0.8150588235294117,130.30884955033244,259.39387804576467,0.01225,0.41885,0.58115,0.0886
118,103,113,J.K. Dobbins,RB32,216.78937858859095,-9.855525031952624,110.0,107.0,-8.0,fair,Safe,,162.2342582878216,271.84471677073805,0.00135,0.5562,0.4438,0.0573
117,104,115,Dalton Kincaid,TE15,177.04127439730476,-9.579779078095612,118.0,109.0,1.0,fair,Injury Risk,0.8463529411764708,126.7733389447428,225.72539390416904,0.0533,0.3809,0.6191,0.3809
123,98,116,RJ Harvey,RB33,214.29426494946256,-12.350638671081017,82.0,79.0,-41.0,REACH,Boom/Bust,0.9066666666666666,161.6578432192077,267.17472540993367,0.00235,0.5472,0.4528,0.05925
121,113,117,Khalil Shakir,WR41,197.11248606542577,-10.750346523563223,123.0,114.0,2.0,fair,Balanced,0.9209411764705882,154.06910353680655,243.60839125244644,0.00165,0.4266,0.5734,0.0399
111,141,118,Evan McPherson,K16,147.642090784044,-3.9873452544704264,,219.0,,,Boom/Bust,0.9291764705882354,110.79663293684818,184.85764295484137,0.1084,0.41945,0.58055,0.41945
120,111,119,Jayden Reed,WR40,197.44538145477185,-10.417451134217146,95.0,112.0,-25.0,REACH,Injury Risk,0.8150588235294117,131.482463762164,254.9589989772248,0.00725,0.4158,0.5842,0.0753
133,109,120,Jordyn Tyson,WR45,192.45591167095876,-15.406920918030238,71.0,85.0,-62.0,REACH,unknown,,128.89191901723905,278.9908490370752,0.03175,0.44005,0.55995,0.13725
127,105,121,Brian Thomas,WR43,194.38870127624247,-13.474131312746522,63.0,92.0,-64.0,REACH,Balanced,0.9158823529411764,149.87698118211517,241.4724031407748,0.00225,0.40755,0.59245,0.0386
125,107,122,Josh Downs,WR42,194.60359101278095,-13.25924157620804,100.0,98.0,-25.0,REACH,Balanced,0.9209411764705882,149.06002570818987,240.967858767623,0.00205,0.39865,0.60135,0.0384
130,102,123,Michael Wilson,WR44,193.85668895658617,-14.006143632402823,92.0,81.0,-38.0,REACH,Boom/Bust,0.9091764705882353,142.06931634846708,246.42130969157452,0.0046,0.4006,0.5994,0.05735
110,162,124,Wil Lutz,K15,148.03287482806053,-3.596561210453899,,281.0,,,Balanced,0.988,115.82012150185162,183.017260706508,0.09475,0.43455,0.56545,0.43455
126,116,125,Jake Moody,K19,138.3581843191197,-13.27125171939474,,,,,Boom/Bust,0.8585882352941177,97.81056220381608,176.51899452413235,0.08575,0.34085,0.65915,0.34085
124,112,126,Aaron Jones,RB34,213.68428787491695,-12.960615745626626,121.0,105.0,-3.0,fair,Injury Risk,0.6895882352941177,108.07845924316727,299.190145288061,0.0128,0.48935,0.51065,0.1343
103,191,127,Nick Folk,K13,150.87193947730398,-0.757496561210445,,371.0,,,Boom/Bust,0.8709411764705883,109.64969339803297,190.94738320541936,0.13065,0.44705,0.55295,0.44705
129,121,128,Juwan Johnson,TE16,173.0354882508931,-13.585565224507263,146.0,137.0,17.0,VALUE,Balanced,0.8934117647058823,131.77058346294817,214.3309421137729,0.03175,0.3446,0.6554,0.3446
143,115,129,Makai Lemon,WR49,185.65146610594303,-22.211366483045964,86.0,93.0,-57.0,REACH,unknown,,118.3923203692085,256.5604602669024,0.0223,0.3731,0.6269,0.0977
128,153,130,Andy Borregales,K20,138.09958734525446,-13.529848693259964,,225.0,,,Balanced,0.98,110.28349176983777,169.94218640687043,0.04775,0.3307,0.6693,0.3307
134,133,131,Hunter Henry,TE17,170.80803165963135,-15.81302181576902,156.0,152.0,22.0,VALUE,Boom/Bust,0.8751764705882353,124.7775646785118,215.77227725831912,0.0381,0.33175,0.66825,0.33175
140,119,132,Quentin Johnston,WR47,188.24507341284828,-19.61775917614071,84.0,111.0,-56.0,REACH,Boom/Bust,0.8974117647058824,140.96338447973218,236.33087981076685,0.00225,0.365,0.635,0.03875
139,122,133,Xavier Worthy,WR46,188.28004558683324,-19.58278700215575,108.0,123.0,-31.0,REACH,Boom/Bust,0.9011764705882352,141.20883176265696,235.38142423077952,0.00135,0.3585,0.6415,0.0364
142,118,134,Jordan Addison,WR48,186.33465718223377,-21.528175406755224,103.0,106.0,-39.0,REACH,Boom/Bust,0.9091764705882353,138.05491727552803,234.29859700170545,0.00245,0.35025,0.64975,0.03745
137,132,135,Brenton Strange,TE18,169.43583782808594,-17.185215647314436,149.0,146.0,12.0,VALUE,Injury Risk,0.7522352941176471,100.13778190759122,226.25189796531853,0.06825,0.3414,0.6586,0.3414
138,138,136,Dalton Schultz,TE19,168.33520819867044,-18.28584527672993,171.0,161.0,33.0,VALUE,Balanced,0.940470588235294,130.1672754108845,209.3301684332344,0.02485,0.30935,0.69065,0.30935
144,124,137,Rachaad White,RB35,204.27934799176853,-22.36555562877504,109.0,116.0,-35.0,REACH,Boom/Bust,0.8954705882352941,153.21136314631778,256.66695103669997,0.00115,0.47335,0.52665,0.04075
145,117,138,Ricky Pearsall,WR50,184.45839024635865,-23.404442342630347,102.0,100.0,-43.0,REACH,Boom/Bust,,132.73788623781724,234.33418046458203,0.0038,0.335,0.665,0.0438
146,126,139,Tyler Shough,QB17,342.79863553363,-24.11720530408661,115.0,121.0,-31.0,REACH,Balanced,,269.46791955586576,422.6558007456519,0.0637,0.3732,0.6268,0.3732
148,127,140,Baker Mayfield,QB18,342.00024190952405,-24.915598928192537,114.0,119.0,-34.0,REACH,Safe,0.976,276.7467596369337,418.96806291300027,0.05225,0.37315,0.62685,0.37315
131,169,141,Chris Boswell,K21,137.3777166437414,-14.251719394773032,,253.0,,,Boom/Bust,0.978,107.64234155970152,170.52775604076413,0.0579,0.32395,0.67605,0.32395
122,205,142,Tyler Bass,K18,140.08005502063276,-11.549381017881672,,383.0,,,Safe,0.985,113.12298326814847,171.32029556141313,0.0535,0.3497,0.6503,0.3497
153,122,143,Kenny Gainwell,RB36,198.71620175729387,-27.9287018632497,85.0,97.0,-68.0,REACH,Boom/Bust,0.907235294117647,139.58095061368587,255.66405428884855,0.00425,0.4209,0.5791,0.054
150,136,144,Romeo Doubs,WR52,181.8130001701071,-26.04983241888189,117.0,127.0,-33.0,REACH,Boom/Bust,0.9091764705882353,136.72531204489283,227.33740794843533,0.0014,0.31415,0.68585,0.02685
156,125,145,Kyle Monangai,RB37,193.05412877560417,-33.5907748449394,99.0,96.0,-57.0,REACH,Boom/Bust,0.9066666666666666,142.3764563284632,242.52413272750013,0.0011,0.39295,0.60705,0.03195
154,144,146,Matt Gay,K28,122.94786795048142,-28.681568088033004,,,,,Balanced,0.9174117647058824,95.30075233679202,151.3940725945222,0.0207,0.18215,0.81785,0.18215
115,221,147,Trey Smack,K17,143.89724896836313,-7.732187070151298,,432.0,,,unknown,,83.98843909991973,177.19777649544025,0.11305,0.30675,0.69325,0.30675
151,152,148,T.J. Hockenson,TE20,159.07977913327414,-27.54127434212623,165.0,175.0,14.0,VALUE,Injury Risk,0.8345882352941176,112.44230152166554,202.88173795599457,0.0243,0.2586,0.7414,0.2586
155,147,149,Andre Szmyt,K29,119.04099037138928,-32.58844566712514,,,,,Balanced,0.98,94.2077402945799,146.49553137418178,0.0134,0.147,0.853,0.147
136,210,150,Zane Gonzalez,K24,134.84552957359008,-16.783906464924343,,365.0,,,Balanced,,107.47809638097492,165.8968913514043,0.04025,0.2948,0.7052,0.2948
135,215,151,Jake Elliott,K23,135.71568088033013,-15.9137551581843,,374.0,,,Boom/Bust,0.988,105.87383301473731,167.4908826641126,0.0518,0.29985,0.70015,0.29985
157,143,152,Matthew Golden,WR53,174.03265445800955,-33.83017813097945,116.0,139.0,-41.0,REACH,Boom/Bust,0.8878431372549019,123.47855422125376,221.62521046378785,0.0019,0.27215,0.72785,0.0298
163,139,153,Jordan Love,QB20,327.5655622109813,-39.3502786267353,113.0,117.0,-50.0,REACH,Balanced,0.9289411764705882,256.14732724548037,402.9513524071495,0.0437,0.3059,0.6941,0.3059
160,142,154,Jalen Coker,WR54,171.33738852733947,-36.52544406164952,129.0,131.0,-31.0,REACH,Boom/Bust,,127.07509809991944,216.10652740901264,0.00135,0.2494,0.7506,0.0194
165,146,155,Sam Darnold,QB21,326.6191856948558,-40.2966551428608,140.0,136.0,-25.0,REACH,Balanced,0.8936470588235295,248.08951626375767,405.984576160359,0.04905,0.30625,0.69375,0.30625
132,245,156,Jason Sanders,K22,137.08115543328748,-14.54828060522695,,488.0,,,Balanced,0.985,108.93218311189868,168.6916745170452,0.05035,0.31725,0.68275,0.31725
141,226,157,Joey Slye,K25,130.99037138927096,-20.639064649243466,,402.0,,,Boom/Bust,0.976235294117647,100.23151525184238,164.224737646913,0.044,0.26445,0.73555,0.26445
169,147,158,Malik Willis,QB22,323.0559722647807,-43.85986857293591,128.0,129.0,-41.0,REACH,Boom/Bust,,228.3827022137129,414.2855585707237,0.0752,0.30605,0.69395,0.30605
170,145,159,KC Concepcion,WR56,163.31545786743084,-44.54737472155816,127.0,126.0,-43.0,REACH,unknown,,104.58001499249538,226.11290539336784,0.0112,0.26865,0.73135,0.0574
159,180,160,Pat Freiermuth,TE21,150.63393594365536,-35.987117531745014,196.0,237.0,37.0,,Boom/Bust,0.8698823529411766,109.2185701684056,191.1178750641006,0.01625,0.19605,0.80395,0.19605
168,158,161,Chig Okonkwo,TE26,143.40437161419834,-43.216681861202034,142.0,163.0,-26.0,REACH,Boom/Bust,0.952235294117647,110.77439111972105,178.40020676263674,0.006,0.13695,0.86305,0.13695
162,161,162,Calvin Ridley,WR55,169.04597360643078,-38.816858982558216,191.0,184.0,29.0,,Injury Risk,0.8203529411764706,113.73378130350883,218.5485134620368,0.00145,0.25455,0.74545,0.0254
147,231,163,Chad Ryland,K26,127.4191196698762,-24.21031636863823,,403.0,,,Balanced,0.9409411764705884,98.67274755098154,157.4691456834089,0.02795,0.22225,0.77775,0.22225
161,182,164,Cade Otton,TE22,148.66766867581217,-37.95338479958821,195.0,240.0,34.0,,Boom/Bust,0.9051764705882354,109.28746351131824,189.02218262439283,0.01375,0.1877,0.8123,0.1877
171,155,165,Jerry Jeudy,WR57,163.12420531233968,-44.73862727664931,176.0,148.0,5.0,fair,Boom/Bust,0.9562352941176472,122.9425234830594,205.44000209038813,0.00075,0.19805,0.80195,0.01135
166,168,166,Kenyon Sadiq,TE24,146.04411305857133,-40.576940416829046,157.0,187.0,-9.0,fair,unknown,,93.49890868026668,201.48688965108923,0.05125,0.23475,0.76525,0.23475
167,170,167,AJ Barner,TE25,145.2912854663989,-41.32976800900147,183.0,188.0,16.0,,Boom/Bust,0.9255882352941176,106.59968675818646,183.93659863841023,0.0121,0.16565,0.83435,0.16565
158,137,168,Kyler Murray,QB19,331.2004078620872,-35.71543297562937,112.0,113.0,-46.0,REACH,Injury Risk,0.7289411764705882,186.41225638455472,448.3961547245429,0.11275,0.36215,0.63785,0.36215
149,218,169,John Metchie,WR51,182.60658623105687,-25.256246357932127,,361.0,,,Injury Risk,0.8032941176470588,113.70694146096272,239.0710675893364,0.00715,0.32765,0.67235,0.0603
152,229,170,Ryan Fitzgerald,K27,123.9961485557084,-27.633287482806026,,385.0,,,Boom/Bust,0.98,93.70860439103424,156.0134531390478,0.03355,0.21105,0.78895,0.21105
175,149,171,Jacory Croskey-Merritt,RB38,178.70037361665442,-47.94453000388915,130.0,125.0,-45.0,REACH,Boom/Bust,0.9066666666666666,127.67690753333824,227.73508708908537,0.0006,0.3038,0.6962,0.025
177,154,172,C.J. Stroud,QB23,317.5880028656317,-49.327837972084865,136.0,135.0,-41.0,REACH,Safe,0.9171764705882351,249.19861373352063,391.7409541958461,0.0319,0.26415,0.73585,0.26415
172,157,173,Rashid Shaheed,WR58,162.70322311060448,-45.15960947838451,143.0,149.0,-29.0,REACH,Injury Risk,0.8268235294117646,109.98289677482788,209.451642982861,0.0009,0.2155,0.7845,0.01825
179,150,174,Jayden Higgins,WR62,154.11450659777145,-53.74832599121754,125.0,118.0,-54.0,REACH,Boom/Bust,0.9466666666666668,116.99050699783372,193.01255081311484,0.00015,0.14405,0.85595,0.00485
178,159,175,Oronde Gadsden,TE27,136.26977881782096,-50.35127465757941,139.0,147.0,-39.0,REACH,Boom/Bust,0.9007843137254902,98.60352229008993,173.1364827251209,0.0087,0.12255,0.87745,0.12255
173,167,176,Theo Wease,WR59,162.3574056269058,-45.50542696208319,,,,,unknown,,100.78612545222347,216.07663071198132,0.00775,0.23375,0.76625,0.04745
174,166,177,Tre Tucker,WR60,160.75065907874688,-47.112173510242116,150.0,169.0,-24.0,REACH,Boom/Bust,0.9209411764705882,115.88328031964367,204.7267959933583,0.0006,0.1964,0.8036,0.01485
164,206,178,Greg Dulcich,TE23,147.21661661669737,-39.40443685870301,184.0,306.0,20.0,,Boom/Bust,,108.97789157977915,186.4100297087548,0.013,0.17395,0.82605,0.17395
181,163,179,Jauan Jennings,WR63,149.14595406272863,-58.71687852626036,152.0,150.0,-29.0,,Boom/Bust,0.8738823529411764,107.8926720017808,188.97647235960923,0.00015,0.12635,0.87365,0.00625
187,151,180,Blake Corum,RB40,164.4708702536838,-62.17403336685976,105.0,108.0,-82.0,,Boom/Bust,0.9005882352941177,110.05301619895958,213.64573769140637,0.00095,0.23365,0.76635,0.01955
176,188,181,Tank Dell,WR61,158.86277460333787,-49.000057985651125,200.0,230.0,24.0,,Injury Risk,0.8129411764705883,107.27365227780196,206.92500619337375,0.0006,0.20435,0.79565,0.01485
182,171,182,Jalen McMillan,WR64,148.7932829558578,-59.0695496331312,144.0,165.0,-38.0,,Boom/Bust,,108.5176743310607,188.62528763722975,0.00035,0.12935,0.87065,0.00755
189,160,183,Jordan Mason,RB42,163.625355854746,-63.01954776579757,122.0,128.0,-67.0,,Injury Risk,0.8366470588235294,112.4970093905658,211.54044919651943,0.00045,0.22645,0.77355,0.0114
188,165,184,Tyjae Spears,RB41,164.10554589834095,-62.539357722202624,155.0,138.0,-33.0,,Injury Risk,0.8381176470588235,113.28886414247414,210.43202020903587,0.0004,0.2224,0.7776,0.0129
185,164,185,Jonathon Brooks,RB39,166.0856960964956,-60.55920752404796,101.0,143.0,-84.0,,unknown,,99.95991437524005,220.43951428201072,0.0049,0.2495,0.7505,0.04105
180,197,186,Evan Engram,TE28,132.44400464064208,-54.177048834758295,255.0,252.0,75.0,,Injury Risk,0.8281176470588236,92.48041818180324,169.62603591374366,0.0057,0.10875,0.89125,0.10875
184,186,187,Gunnar Helm,TE30,126.10610239564888,-60.5149510797515,185.0,205.0,1.0,,Boom/Bust,0.9203921568627452,95.11826992701498,157.8798267884038,0.00205,0.0663,0.9337,0.0663
190,183,188,Spencer Shrader,K30,88.26409903713892,-63.36533700137551,,,,,Boom/Bust,,68.6300388249301,109.6144335011817,0.0008,0.01585,0.98415,0.01585
191,173,189,Daniel Jones,QB24,301.66753831292664,-65.24830252478995,145.0,153.0,-46.0,,Balanced,,236.9557020919262,370.3401051793335,0.01955,0.1995,0.8005,0.1995
194,175,190,Denzel Boston,WR66,141.63795759581654,-66.22487499317245,158.0,151.0,-36.0,,unknown,,88.04060641276881,189.17174958711132,0.003,0.1486,0.8514,0.02365
186,195,191,Rashod Bateman,WR65,146.4482449688229,-61.41458762016609,267.0,236.0,81.0,,Boom/Bust,0.8856470588235295,103.2867559024753,185.69998608075613,0.00045,0.12415,0.87585,0.0063
195,189,192,Riley Patterson,K32,85.40316368638238,-66.22627235213204,,,,,Injury Risk,0.8232941176470587,59.63636869562866,109.28983383215756,0.0016,0.0204,0.9796,0.0204
199,178,193,Bryce Young,QB25,297.98794359040375,-68.92789724731284,153.0,154.0,-46.0,,Boom/Bust,0.9171764705882351,227.606641622352,372.0502386389032,0.0254,0.2036,0.7964,0.2036
200,172,194,Woody Marks,RB43,154.3671273069702,-72.27777631357338,141.0,132.0,-59.0,,Boom/Bust,0.8870588235294118,111.57133104165447,194.73343543496264,5e-05,0.1559,0.8441,0.005
201,179,195,Omar Cooper,WR70,135.40873645833804,-72.45409613065095,159.0,155.0,-42.0,,unknown,,87.00966323110222,187.0693855788183,0.0028,0.1416,0.8584,0.02095
183,220,196,Mike Gesicki,TE29,126.96866981220114,-59.65238366319923,240.0,305.0,57.0,,Boom/Bust,0.8548823529411765,86.72086975113726,163.36282028548368,0.0061,0.0905,0.9095,0.0905
193,202,197,Terrance Ferguson,TE31,120.62065340865848,-66.00040006674189,209.0,241.0,16.0,,Boom/Bust,,82.03692246667865,156.89346727145178,0.0064,0.0796,0.9204,0.0796
205,176,198,Zach Charbonnet,RB45,150.05890558576303,-76.58599803478054,160.0,134.0,-45.0,,Boom/Bust,0.9204705882352942,112.03659842960316,187.61305355894376,0.0,0.12655,0.87345,0.0032
196,192,199,Antonio Williams,WR67,140.8352549254076,-67.02757766358138,173.0,210.0,-23.0,,unknown,,84.20900083641465,182.7136010933923,0.00305,0.1289,0.8711,0.01715
197,200,200,Cooper Kupp,WR68,140.18880930608526,-67.67402328290373,214.0,226.0,17.0,,Injury Risk,0.7785882352941178,86.27741175066015,185.9019791835267,0.0005,0.1298,0.8702,0.00925
198,193,201,Jalen Nailor,WR69,138.94446887335877,-68.91836371563022,154.0,212.0,-44.0,,Injury Risk,0.7797647058823529,82.94101473676548,184.30012769426375,0.00115,0.12955,0.87045,0.0127
208,174,202,Tyrone Tracy,RB46,144.1401763118417,-82.50472730870186,131.0,124.0,-77.0,,Boom/Bust,0.9005882352941177,107.71626804251336,181.2426220242076,0.0,0.10005,0.89995,0.0015
207,184,203,Adonai Mitchell,WR72,128.81985519136458,-79.04297739762441,180.0,160.0,-27.0,,Boom/Bust,0.9452941176470588,86.0681531756538,168.08038458200113,0.0003,0.07885,0.92115,0.00595
202,177,204,Alvin Kamara,RB44,152.20912511221138,-74.43577850833219,172.0,141.0,-30.0,,Injury Risk,0.6910588235294117,75.7964869071476,213.0503231400592,0.00035,0.22695,0.77305,0.01615
192,246,205,Blake Grupe,K31,86.3583218707015,-65.27111416781293,,377.0,,,Boom/Bust,0.976235294117647,65.81004381298848,107.71292797001198,0.00035,0.0146,0.9854,0.0146
209,185,206,Travis Hunter,WR73,125.26399945564272,-82.59883313334628,163.0,157.0,-46.0,,unknown,,77.7733861068049,166.2351933431778,0.00115,0.08675,0.91325,0.009
206,206,207,David Njoku,TE33,109.63582871292888,-76.98522476247149,205.0,228.0,-1.0,,Injury Risk,0.8110588235294118,73.03332927231594,142.65597665143022,0.0011,0.03655,0.96345,0.03655
203,213,208,Mason Taylor,TE32,111.0694886932441,-75.55156478215628,317.0,244.0,114.0,,Boom/Bust,,82.28678615014947,140.14861839889386,0.0005,0.0284,0.9716,0.0284
204,212,209,Germie Bernard,WR71,132.0584651412676,-75.8043674477214,231.0,239.0,27.0,,unknown,,81.44444854203435,175.84077564268827,0.0017,0.1126,0.8874,0.015
210,181,210,Isiah Pacheco,RB47,144.0421111886116,-82.60279243193196,147.0,144.0,-63.0,,Injury Risk,0.719,78.5057544920822,197.67722007038032,0.0002,0.17105,0.82895,0.0085
214,204,211,Malik Washington,WR74,122.1531650361598,-85.70966755282919,179.0,209.0,-35.0,,Boom/Bust,0.9158823529411764,91.4496192333968,152.91050809653987,0.0,0.0286,0.9714,0.00055
215,199,212,Darnell Mooney,WR75,119.10828080136896,-88.75455178762003,197.0,192.0,-18.0,,Boom/Bust,0.8974117647058824,85.36725596623558,151.36208096647357,0.0,0.03095,0.96905,0.00075
211,217,213,Colby Parkinson,TE34,102.36608471984565,-84.25496875555473,216.0,243.0,5.0,,Boom/Bust,0.8934117647058823,71.82885280631018,130.92428545476255,0.00095,0.02145,0.97855,0.02145
218,187,214,Cam Ward,QB28,277.4485955426795,-89.46724529503706,137.0,142.0,-81.0,,Balanced,0.96,219.9674813447226,341.9440802637897,0.008,0.1213,0.8787,0.1213
216,209,215,Bub Means,WR76,118.62555402966728,-89.23727855932171,,,,,unknown,,73.81464831206851,158.08863648328358,0.00065,0.0726,0.9274,0.00645
213,211,216,Geno Smith,QB26,281.2365147573024,-85.67932608041417,178.0,222.0,-35.0,,Balanced,0.9289411764705882,217.96348707415245,347.28464956403025,0.01175,0.1386,0.8614,0.1386
225,190,217,Dylan Sampson,RB49,130.2511745154983,-96.39372910504528,151.0,140.0,-74.0,,Boom/Bust,0.867450980392157,89.05653604638594,167.89109591424383,0.0001,0.075,0.925,0.00235
228,201,218,Troy Franklin,WR82,108.1175806427654,-99.7452519462236,212.0,171.0,-16.0,,Boom/Bust,0.9452941176470588,78.53672905371553,137.2246332005104,0.0,0.0156,0.9844,0.00015
212,253,219,Michael Mayer,TE35,102.0658878455968,-84.55516562980357,272.0,356.0,60.0,,Boom/Bust,,70.32725754088257,131.82601911456908,0.001,0.02855,0.97145,0.02855
226,198,220,Kayshon Boutte,WR81,110.4540508768811,-97.4087817121079,210.0,168.0,-16.0,,Injury Risk,0.7444705882352942,62.802677069159635,149.83293791746016,0.0001,0.0448,0.9552,0.0017
221,228,221,Christian Kirk,WR78,116.81940137665508,-91.04343121233391,202.0,255.0,-19.0,,Boom/Bust,,85.07121027335351,147.43769714695551,0.0,0.02475,0.97525,0.00065
219,223,222,Justice Hill,RB48,136.6626561371904,-89.98224748335318,235.0,248.0,16.0,,Injury Risk,0.7763529411764706,81.92950599077658,180.93841656085615,0.0002,0.11945,0.88055,0.0063
220,227,223,Chris Bell,WR77,117.66100652773405,-90.20182606125496,247.0,256.0,27.0,,unknown,,70.87031456116172,152.0575274136882,0.00065,0.0597,0.9403,0.00585
223,224,224,Jack Bech,WR80,112.31460592021612,-95.54822666877288,334.0,246.0,111.0,,Boom/Bust,0.8878431372549019,76.4766873007595,146.0433795481364,0.0,0.03245,0.96755,0.00115
222,233,225,Darius Slayton,WR79,114.2207563106491,-93.6420762783399,309.0,273.0,87.0,,Boom/Bust,0.9209411764705882,84.3268649427789,144.47843807111994,0.0,0.0195,0.9805,0.00035
243,194,226,Tyler Allgeier,RB51,118.19346503734798,-108.4514385831956,148.0,130.0,-95.0,,Boom/Bust,0.944,89.51930458920368,148.43709024116595,0.0,0.0237,0.9763,0.00015
230,232,227,Theo Johnson,TE37,85.20514098536147,-101.4159124900389,292.0,250.0,62.0,,Injury Risk,0.8373529411764706,59.04295194960564,109.09676695162284,5e-05,0.00365,0.99635,0.00365
240,208,228,Tre' Harris,WR91,100.21058577084476,-107.65224681814423,162.0,167.0,-78.0,,Boom/Bust,0.9270588235294118,76.11375563014984,125.69635802120962,0.0,0.00385,0.99615,5e-05
217,196,229,Jacoby Brissett,QB27,277.6740300541292,-89.24181078358737,175.0,181.0,-42.0,,Injury Risk,0.6465882352941177,120.7872712048684,405.3994590773943,0.0785,0.2575,0.7425,0.2575
234,237,230,Tory Horton,WR86,104.54680985903876,-103.31602272995023,270.0,262.0,36.0,,Boom/Bust,,71.69719519709369,134.9543516963764,0.0,0.01825,0.98175,0.0007
245,203,231,Chris Rodriguez,RB52,117.82359762114535,-108.82130599939822,135.0,145.0,-110.0,,Boom/Bust,,81.45610904139555,150.48607068489216,5e-05,0.0353,0.9647,0.0004
238,213,232,Ryan Flournoy,WR90,100.71620446329364,-107.14662812569536,166.0,179.0,-72.0,,Injury Risk,0.8129411764705883,61.1863494215369,133.7214962528142,0.0,0.02525,0.97475,0.0014
233,242,233,Devaughn Vele,WR85,104.82423800729526,-103.03859458169372,307.0,288.0,74.0,,Boom/Bust,,78.18535572334686,131.77334384664465,0.0,0.00795,0.99205,0.0001
227,262,234,Dawson Knox,TE36,87.62315142690724,-98.99790204849312,286.0,359.0,59.0,,Injury Risk,0.8345882352941176,59.84048406813744,112.99121461405385,0.00015,0.00655,0.99345,0.00655
237,225,235,De'Zhaun Stribling,WR89,101.00223176845984,-106.86060082052916,201.0,221.0,-36.0,,unknown,,62.58849905356969,134.10440761049173,0.00035,0.0315,0.9685,0.00275
229,249,236,Ja'Kobi Lane,WR83,106.62763617985698,-101.23519640913202,294.0,317.0,65.0,,unknown,,64.30656449419692,136.66607184709085,0.00045,0.03395,0.96605,0.00295
232,257,237,Darnell Washington,TE38,83.6702627861519,-102.95079068924848,273.0,332.0,41.0,,Boom/Bust,,63.31527088852054,105.2245478791399,0.0,0.0013,0.9987,0.0013
236,244,238,Tyquan Thornton,WR88,101.64175930076512,-106.22107328822388,257.0,287.0,21.0,,Boom/Bust,,71.77441217698134,130.9219550806675,0.0,0.01285,0.98715,0.0002
244,238,239,Cade York,K33,43.06877579092159,-108.56066024759284,,,,,unknown,,27.20586779496349,57.01670292796853,0.0,0.0009,0.9991,0.0009
250,216,240,Brian Robinson,RB54,115.38242591816731,-111.26247770237626,169.0,166.0,-81.0,,Boom/Bust,0.8601764705882352,80.09784575970745,147.75154457630669,0.0,0.0306,0.9694,0.0004
231,273,241,Nick Westbrook-Ikhine,WR84,105.88477420629852,-101.97805838269048,380.0,390.0,149.0,,Injury Risk,0.8385882352941177,68.24463495488388,139.11026424402257,5e-05,0.02885,0.97115,0.001
224,222,242,Aaron Rodgers,QB29,270.97172510615434,-95.94411573156223,164.0,231.0,-60.0,,Injury Risk,0.636,113.43866020832697,399.50544467175473,0.0702,0.2471,0.7529,0.2471
235,263,243,Caleb Douglas,WR87,102.55139365708877,-105.31143893190024,313.0,347.0,78.0,,unknown,,61.7591508559327,132.55264168254422,0.00025,0.0312,0.9688,0.0023
246,247,244,Samaje Perine,RB53,117.7541863337894,-108.89071728675415,248.0,279.0,2.0,,Injury Risk,0.8204705882352942,79.30253617219883,152.16395140738916,0.0,0.039,0.961,0.00055
242,252,245,Marquise Brown,WR92,99.56396587730978,-108.2988667116792,321.0,300.0,79.0,,Injury Risk,0.7327058823529411,56.38073035556011,134.87159616035942,0.0,0.01655,0.98345,0.00015
258,230,246,Isaac TeSlaa,WR97,93.27874039281691,-114.58409219617208,170.0,190.0,-88.0,,Boom/Bust,0.8878431372549019,63.27937135061888,120.92800003366663,0.0,0.00755,0.99245,0.0003
247,259,247,Andrei Iosivas,WR93,98.74140420118418,-109.1214283878048,268.0,318.0,21.0,,Boom/Bust,0.8738823529411764,70.61481141345288,124.89111190764916,0.0,0.0066,0.9934,0.0001
239,261,248,Tyler Higbee,TE39,79.18521502762535,-107.43583844777504,393.0,336.0,154.0,,Injury Risk,0.6334117647058823,31.145522288262796,117.97186262528948,0.0004,0.01945,0.98055,0.01945
256,219,249,Braelon Allen,RB56,112.6034582210052,-114.04144539953838,187.0,164.0,-69.0,,Injury Risk,0.7388235294117647,61.8665390347819,153.50930857230105,0.0,0.0559,0.9441,0.00175
248,272,250,Ja'Tavion Sanders,TE40,76.32231043279837,-110.298743042602,278.0,355.0,30.0,,Boom/Bust,0.8520588235294118,51.715594940654405,98.65661783899662,5e-05,0.00225,0.99775,0.00225
249,268,251,Olamide Zaccheaus,WR94,97.0222218825971,-110.8406107063919,395.0,338.0,146.0,,Boom/Bust,0.8503529411764706,65.7575269238578,126.15974395346532,0.0,0.0115,0.9885,0.0002
252,254,252,Jordan James,RB55,114.75814392382476,-111.8867596967188,204.0,284.0,-48.0,,unknown,,68.8068815639281,154.5520530997899,0.00045,0.0651,0.9349,0.0045
264,234,253,Chimere Dike,WR100,84.89387209429275,-122.96896049469623,325.0,198.0,61.0,,Boom/Bust,0.9466666666666668,62.43405263202072,107.80048273891327,0.0,0.0016,0.9984,5e-05
253,276,254,Cole Kmet,TE42,73.83236002926171,-112.78869344613868,404.0,362.0,151.0,,Boom/Bust,0.9287058823529412,52.18538673574212,94.10210970153396,0.0,0.00115,0.99885,0.00115
251,284,255,Noah Fant,TE41,74.99697639998791,-111.62407707541246,302.0,380.0,51.0,,Boom/Bust,0.8581176470588237,53.94206793700443,94.72849861309058,0.0,0.00065,0.99935,0.00065
261,250,256,Will Kacmarek,TE44,69.87859921334838,-116.742454262052,,,,,unknown,,41.544051781849944,90.69152414997365,0.00045,0.0055,0.9945,0.0055
260,240,257,Ted Hurst,WR98,92.38164808423788,-115.48118450475113,239.0,233.0,-21.0,,unknown,,54.998043077498785,119.51688386179065,5e-05,0.0162,0.9838,0.00115
263,236,258,Dontayvion Wicks,WR99,85.99781003146441,-121.86502255752458,208.0,207.0,-55.0,,Boom/Bust,0.8974117647058824,58.156214693603445,111.59643123624372,0.0,0.00465,0.99535,5e-05
257,248,259,Ty Johnson,RB57,112.37916247005174,-114.26574115049183,261.0,261.0,4.0,,Injury Risk,0.7998823529411764,70.98431239670879,147.02508234850052,0.0,0.03885,0.96115,0.00075
267,240,260,Elic Ayomanor,WR102,83.14386553901298,-124.71896704997602,275.0,220.0,8.0,,Balanced,0.9270588235294118,64.164355656347,103.26744115813696,0.0,0.0002,0.9998,0.0
255,271,261,Jahan Dotson,WR96,94.31148222262692,-113.55135036636209,311.0,337.0,56.0,,Boom/Bust,0.9091764705882353,61.82689021393676,122.0492937867108,0.0,0.0118,0.9882,0.0006
271,235,262,Pat Bryant,WR104,81.27639859477276,-126.58643399421624,242.0,189.0,-29.0,,Boom/Bust,,60.63685244261265,102.28172296967536,0.0,0.00055,0.99945,0.0
266,255,263,Van Jefferson,WR101,83.43650477455786,-124.42632781443112,,,,,Boom/Bust,0.8738823529411764,60.18231786223525,106.25590501495664,0.0,0.0009,0.9991,0.0
254,300,264,Dyami Brown,WR95,94.5441891310663,-113.31864345792268,285.0,427.0,31.0,,Boom/Bust,0.8621176470588235,64.80436008022298,121.93733110792569,0.0,0.0074,0.9926,0.00025
259,290,265,Tommy Tremble,TE43,71.56384617528559,-115.05720730011478,,391.0,,,Injury Risk,0.8345882352941176,48.06254677444859,92.43038602449208,0.0,0.0011,0.9989,0.0011
269,256,266,Eli Stowers,TE47,60.69016273413198,-125.9308907412684,229.0,263.0,-40.0,,unknown,,37.465516260508075,80.89224996869164,5e-05,0.00185,0.99815,0.00185
241,297,267,AJ Dillon,RB50,118.9110771325,-107.73382648804358,,448.0,,,Injury Risk,0.6888235294117646,51.4851213061229,168.62138157823898,0.00195,0.1117,0.8883,0.01625
262,312,268,Erick All,TE45,66.19815442964067,-120.4228990457597,,436.0,,,Balanced,,50.87378842149199,82.07552550354279,0.0,0.0,1.0,0.0
274,265,269,Xavier Legette,WR106,79.5918508296766,-128.2709817593124,329.0,276.0,55.0,,Boom/Bust,0.9011764705882352,57.480866596118744,100.7275256322836,0.0,0.0009,0.9991,0.0
270,269,270,Emari Demercado,RB58,100.7004335363594,-125.94447008418418,271.0,303.0,1.0,,Boom/Bust,,67.85993705028622,130.56253692027562,0.0,0.0154,0.9846,0.0002
265,301,271,Austin Hooper,TE46,62.42632921932798,-124.1947242560724,,408.0,,,Boom/Bust,0.8751764705882353,45.49968481149386,78.65468359309965,0.0,5e-05,0.99995,5e-05
273,295,272,Luke Musgrave,TE48,59.20529482492756,-127.4157586504728,349.0,387.0,76.0,,Boom/Bust,,43.23142515828349,75.19328861978255,0.0,5e-05,0.99995,5e-05
272,287,273,Xavier Hutchinson,WR105,80.84406983861311,-127.01876275037588,353.0,349.0,81.0,,Boom/Bust,0.8621176470588235,52.45292297883066,106.3841678948837,0.0,0.00395,0.99605,5e-05
277,285,274,Noah Gray,TE51,57.24795842424231,-129.37309505115806,405.0,335.0,128.0,,Boom/Bust,0.9051764705882354,39.37049786327134,73.98155661778662,0.0,0.0001,0.9999,0.0001
284,267,275,Marvin Mims,WR109,75.92877313504714,-131.93405945394187,323.0,264.0,39.0,,Boom/Bust,0.932705882352941,52.42216061558232,98.25879300774524,0.0,0.0011,0.9989,0.0
280,243,276,Mike Washington,RB59,96.51752056685731,-130.12738305368626,193.0,201.0,-87.0,,unknown,,53.54060169238717,119.9731354646114,5e-05,0.0182,0.9818,0.0007
283,270,277,Ben Sims,TE54,54.89399768164218,-131.72705579375818,,,,,unknown,,33.77827963601009,73.26649443345539,5e-05,0.00115,0.99885,0.00115
268,308,278,Ashton Dulin,WR103,82.96453100061288,-124.89830158837611,293.0,418.0,25.0,,Boom/Bust,,44.94896814797882,114.89394088395812,0.00035,0.0222,0.9778,0.00235
285,278,279,Jake Tonges,TE55,54.30620772464087,-132.3148457507595,226.0,307.0,-59.0,,Boom/Bust,,39.12592657418041,69.20401890571236,0.0,5e-05,0.99995,5e-05
276,302,280,Daniel Bellinger,TE50,57.880901215582526,-128.74015225981785,351.0,392.0,75.0,,Injury Risk,0.8228235294117647,34.88976976193607,77.09941887916891,0.0,0.0011,0.9989,0.0011
281,289,281,Joshua Palmer,WR108,77.37392963548973,-130.48890295349926,357.0,344.0,76.0,,Injury Risk,0.8032941176470588,51.54430152512301,100.74648283540868,0.0,0.0007,0.9993,0.0
278,307,282,Savion Williams,WR107,77.98120097088139,-129.8816316181076,365.0,399.0,87.0,,Boom/Bust,,53.302722761178245,101.4841871651864,0.0,0.00195,0.99805,0.0
275,319,283,Josh Oliver,TE49,57.90770136944393,-128.71335210595646,,425.0,,,Boom/Bust,,40.33545556396282,74.51244399984893,0.0,0.0001,0.9999,0.0001
301,239,284,Keaton Mitchell,RB62,87.7823195996385,-138.86258402090508,138.0,156.0,-163.0,,Boom/Bust,,60.14132494409977,113.08034268991612,0.0,0.00395,0.99605,0.0
287,291,285,Elijah Arroyo,TE56,54.163021997982014,-132.45803147741836,406.0,346.0,119.0,,Boom/Bust,,35.91886426863026,70.94777489483448,5e-05,0.00025,0.99975,0.00025
289,293,286,Jalen Tolbert,WR110,74.31022977642328,-133.5526028125657,301.0,343.0,12.0,,Boom/Bust,0.8738823529411764,52.41138095752617,94.30123589230789,0.0,0.0005,0.9995,0.0
286,282,287,Kaelon Black,RB60,94.29573043728944,-132.34917318325415,218.0,314.0,-68.0,,unknown,,54.200873270800365,122.53087429570948,0.0,0.0214,0.9786,0.00095
291,306,288,Kalif Raymond,WR111,73.06615095611676,-134.79668163287224,335.0,372.0,44.0,,Boom/Bust,0.8556470588235294,47.753649238914825,95.65816340420992,0.0,0.0013,0.9987,5e-05
296,283,289,Davis Allen,TE62,49.22705447786836,-137.393998997532,,,,,Injury Risk,0.7051764705882353,24.488993209171245,68.7574071226475,0.0,0.0003,0.9997,0.0003
300,279,290,Malik Davis,RB61,87.85072866028173,-138.79417496026184,290.0,280.0,-10.0,,Boom/Bust,,56.38473469071904,116.01254970142128,5e-05,0.00855,0.99145,5e-05
293,310,291,KaVontae Turpin,WR112,72.57859783394767,-135.28423475504133,287.0,373.0,-6.0,,Boom/Bust,0.932705882352941,53.092650707585555,91.47737598112944,0.0,0.0003,0.9997,0.0
299,288,292,Jeremy Ruckert,TE63,47.94648064565694,-138.67457282974345,,,,,Injury Risk,0.8110588235294118,31.712224141047763,62.46093494236557,0.0,0.0,1.0,0.0
297,264,293,Fernando Mendoza,QB30,229.0179548491013,-137.8978859886153,174.0,232.0,-123.0,,unknown,,154.76805226450827,329.96164584602445,0.03165,0.13025,0.86975,0.13025
279,352,294,Brock Wright,TE52,56.6312478968272,-129.98980557857317,,477.0,,,Boom/Bust,,40.036567039274445,72.5485965693844,0.0,0.0001,0.9999,0.0001
309,251,295,Tank Bigsby,RB63,83.1788298430932,-143.4660737774504,168.0,174.0,-141.0,,Boom/Bust,0.8616470588235294,53.88983627899303,109.23199120648852,0.0,0.00685,0.99315,0.0
290,309,296,Eli Raridon,TE58,52.01861649045573,-134.60243698494463,373.0,378.0,83.0,,unknown,,30.95225314856864,67.03811585131159,0.0,0.00045,0.99955,0.00045
311,258,297,Jaylin Noel,WR121,63.56098045262918,-144.3018521363598,244.0,186.0,-67.0,,Boom/Bust,0.9466666666666668,42.6674678702778,83.07667025151704,0.0,0.0009,0.9991,0.0
308,274,298,Keon Coleman,WR120,65.64510578357648,-142.2177268054125,241.0,251.0,-67.0,,Boom/Bust,,49.77087042076763,82.19986221329917,0.0,0.0,1.0,0.0
302,294,299,Cedric Tillman,WR114,68.92093853807404,-138.94189405091495,310.0,326.0,8.0,,Boom/Bust,,46.71717616502294,90.08365110651307,0.0,0.0008,0.9992,0.0
298,303,300,DeMario Douglas,WR113,69.40517597312231,-138.45765661586668,368.0,352.0,70.0,,Boom/Bust,0.9091764705882353,51.63488021314347,87.25568173420179,0.0,0.0,1.0,0.0
282,355,301,Charlie Kolar,TE53,55.30185123230325,-131.31920224309712,328.0,476.0,46.0,,Boom/Bust,,34.9980412342096,73.03100745969893,0.0,0.0004,0.9996,0.0004
305,296,302,Calvin Austin,WR117,68.12914294899551,-139.7336896399935,376.0,328.0,71.0,,Boom/Bust,0.9209411764705882,49.247207899742385,86.75104705022683,0.0,0.00015,0.99985,0.0
304,286,303,Chris Brazzell,WR116,68.19577683022834,-139.66705575876065,263.0,289.0,-41.0,,unknown,,41.21506624405564,88.03759905496689,0.0,0.00245,0.99755,5e-05
295,320,304,John Bates,TE61,49.83903010338375,-136.78202337201662,,388.0,,,Injury Risk,0.8110588235294118,30.931496100940585,65.87041067818957,0.0,0.0001,0.9999,0.0001
292,342,305,Elijah Higgins,TE59,51.55658213999114,-135.06447133540922,,440.0,,,Boom/Bust,0.8698823529411766,35.3096308573959,66.8895804972023,0.0,0.0001,0.9999,0.0001
307,279,306,Elijah Sarratt,WR119,65.71038093847328,-142.15245165051573,251.0,267.0,-56.0,,unknown,,38.114488174226466,82.09430882797247,0.0,0.0012,0.9988,0.0
303,315,307,Jaylin Lane,WR115,68.49158586865994,-139.37124672032903,,370.0,,,Boom/Bust,0.907450980392157,47.49651344070927,88.37387528028026,0.0,0.0006,0.9994,0.0
294,336,308,Marlin Klein,TE60,50.38575840015831,-136.23529507524205,,424.0,,,unknown,,31.038552393760725,66.97138674196495,0.0,0.00035,0.99965,0.00035
288,361,309,Adam Trautman,TE57,53.66498060704168,-132.9560728683587,,471.0,,,Boom/Bust,0.8581176470588237,33.82859319464521,70.7279959453194,0.0,0.0004,0.9996,0.0004
310,281,310,Chris Brooks,RB64,82.90268894505985,-143.74221467548372,319.0,265.0,9.0,,Injury Risk,0.7087058823529411,42.087596899706455,114.62921142063406,0.0,0.0099,0.9901,0.00015
315,277,311,Zachariah Branch,WR122,60.07413032396222,-147.78870226502676,186.0,247.0,-129.0,,unknown,,36.320240358163595,78.07177128352845,0.0,0.0007,0.9993,0.0001
314,299,312,Connor Heyward,TE66,40.68540244228756,-145.9356510331128,,,,,Injury Risk,0.8345882352941176,21.52765066554386,55.9687888261002,0.0,0.0005,0.9995,0.0005
318,304,313,Drew Sample,TE67,38.31276715883007,-148.3082863165703,,,,,Injury Risk,0.7842941176470587,23.141642355359124,51.23058186809395,0.0,0.0,1.0,0.0
330,266,314,Kimani Vidal,RB66,74.98832110156853,-151.65658251897503,190.0,178.0,-140.0,,Boom/Bust,,49.35522516847987,97.71312018129676,0.0,0.00185,0.99815,0.0
319,305,315,Cade Stover,TE68,37.880044163752494,-148.74100931164787,,,,,Injury Risk,0.7491176470588236,20.857876222350587,51.05868990518648,0.0,0.0,1.0,0.0
322,311,316,Nick Vannett,TE69,36.86827550353342,-149.75277797186695,,,,,Boom/Bust,,25.94611356686111,47.32379631438333,0.0,0.0,1.0,0.0
333,260,317,James Conner,RB67,73.46577680752152,-153.17912681302204,217.0,159.0,-116.0,,Injury Risk,0.5954705882352942,25.39360049536861,113.63052661566792,0.0,0.0052,0.9948,0.0
316,298,318,Adam Randall,RB65,78.71999912207144,-147.92490449847213,331.0,309.0,15.0,,unknown,,43.43056912937313,98.03823334323482,0.0,0.00605,0.99395,0.00025
323,313,319,Grant Calcaterra,TE70,36.60323652368321,-150.01781695171718,,,,,Injury Risk,0.6816470588235294,16.880152262003378,52.096878808059465,0.0,0.0,1.0,0.0
317,332,320,Tutu Atwell,WR123,59.76379324022826,-148.09903934876073,387.0,375.0,70.0,,Injury Risk,0.8032941176470588,38.25450216317058,78.83833767945113,0.0,0.0001,0.9999,0.0
306,369,321,Jahdae Walker,WR118,66.48183706523855,-141.38099552375044,337.0,462.0,31.0,,unknown,,41.09465889680611,88.21654309102588,0.0,0.0023,0.9977,5e-05
328,321,322,Charlie Woerner,TE74,35.13961124274013,-151.48144223266024,,,,,Boom/Bust,,23.46033502327235,45.91614886735796,0.0,0.0,1.0,0.0
329,322,323,Lucas Havrisik,K34,0.0,-151.62943603851443,,,,,unknown,,0.0,0.0,0.0,0.0,1.0,0.0
327,316,324,Nate Adkins,TE73,35.23247515830529,-151.3885783170951,,,,,Injury Risk,0.6698823529411765,15.48223684561304,50.52501107017662,0.0,0.0,1.0,0.0
312,372,325,Mitchell Evans,TE64,42.242864885099,-144.37818859030136,,456.0,,,Boom/Bust,0.8811764705882353,29.151701912824365,54.27028093301548,0.0,0.0,1.0,0.0
313,377,326,Nate Boerkircher,TE65,41.937180847750376,-144.68387262765,,466.0,,,unknown,,25.81351194563848,56.15177547069028,0.0,5e-05,0.99995,5e-05
324,329,327,Kendrick Bourne,WR126,57.19531151077923,-150.66752107820977,303.0,360.0,-21.0,,Injury Risk,0.753,32.33810238869184,77.05749715519475,0.0,0.0004,0.9996,0.0
334,326,327,Tanner Hudson,TE77,33.22510557937089,-153.3959478960295,,,,,Boom/Bust,,23.92135140564591,42.18744522378042,0.0,0.0,1.0,0.0
335,327,329,Will Mallory,TE78,32.974861551004885,-153.64619192439548,,,,,Boom/Bust,,23.861932685602643,42.10740829561587,0.0,0.0,1.0,0.0
325,354,330,Ben Sinnott,TE71,35.54256240122421,-151.07849107417616,355.0,394.0,30.0,,Boom/Bust,,24.759694237995504,45.80117301709128,0.0,0.0,1.0,0.0
336,328,331,Cam Grandy,TE79,32.93398705113656,-153.6870664242638,,,,,unknown,,20.08747760154352,43.91430846994175,0.0,0.0,1.0,0.0
321,350,332,Kevin Coleman,WR125,58.33743580106448,-149.5253967879245,360.0,397.0,39.0,,unknown,,33.70938094024661,72.14753305524785,0.0,0.0002,0.9998,0.0
320,367,333,Demarcus Robinson,WR124,58.72908080269516,-149.13375178629383,,428.0,,,Injury Risk,0.7968235294117646,35.72094415900326,77.67870272948792,0.0,0.0003,0.9997,0.0
355,275,334,Emanuel Wilson,RB68,64.23188934015164,-162.41301428039193,198.0,170.0,-157.0,,Injury Risk,0.7778235294117646,37.42721757204907,86.3704038139402,0.0,0.0011,0.9989,0.0
337,331,335,Dallen Bentley,TE80,32.18451947540332,-154.43653399999704,,,,,unknown,,18.324511656235085,39.85114327318104,0.0,0.0,1.0,0.0
340,337,336,Foster Moreau,TE83,30.61325246486166,-156.0078010105387,,,,,Injury Risk,0.7875294117647058,18.66077900922961,40.19036399431783,0.0,0.0,1.0,0.0
339,335,337,Bauer Sharp,TE82,31.640359853181387,-154.98069362221898,,,,,unknown,,18.168022892966643,39.36398616078858,0.0,0.0,1.0,0.0
343,330,338,Jalen Royals,WR127,51.59495958206971,-156.26787300691927,350.0,325.0,7.0,,unknown,,32.06162583505759,68.47673883796544,0.0,0.00015,0.99985,0.0
342,340,339,Tanner Conner,TE85,30.48027637042553,-156.14077710497486,,,,,Boom/Bust,,21.826516530447115,38.757248475905264,0.0,0.0,1.0,0.0
357,291,340,Jaylen Wright,RB69,63.74241347332309,-162.90249014722048,236.0,216.0,-121.0,,Boom/Bust,,41.377644923159714,83.68173392416753,0.0,0.00055,0.99945,0.0
337,347,341,Justin Joly,TE80,32.18451947540332,-154.43653399999704,374.0,364.0,37.0,,unknown,,18.348095618084105,39.49222756622956,0.0,0.0,1.0,0.0
344,343,342,Jared Wiley,TE86,29.895242248335272,-156.7258112270651,,,,,unknown,,18.362433689420573,40.20453717888365,0.0,0.0,1.0,0.0
326,392,343,Jack Endries,TE72,35.2950285165166,-151.32602495888378,,478.0,,,unknown,,20.256032709926092,44.209282288875734,0.0,0.0,1.0,0.0
345,346,344,Jaheim Bell,TE87,28.94046671909072,-157.68058675630965,,,,,unknown,,17.907854213511712,38.81646254037347,0.0,0.0,1.0,0.0
331,395,345,Luke Schoonmaker,TE75,34.743285166098524,-151.87776830930184,,472.0,,,Injury Risk,0.8110588235294118,20.969429248816287,45.73447415033698,0.0,0.0,1.0,0.0
332,400,346,Jackson Hawes,TE76,33.883852485549895,-152.73720098985046,,485.0,,,Boom/Bust,,25.518408472389595,42.38153176518782,0.0,0.0,1.0,0.0
351,344,347,Luke McCaffrey,WR130,47.09258829736449,-160.7702442916245,283.0,333.0,-68.0,,Boom/Bust,,32.9199339185006,61.153735346394086,0.0,0.0,1.0,0.0
347,349,348,Seydou Traore,TE88,26.651189492022674,-159.9698639833777,,,,,unknown,,15.3025136541396,33.2096903837827,0.0,0.0,1.0,0.0
346,366,349,Treylon Burks,WR128,49.97678673343111,-157.88604585555788,282.0,376.0,-64.0,,Boom/Bust,,35.18763929573649,64.38421371968545,0.0,0.0,1.0,0.0
350,333,350,Skyler Bell,WR129,47.26633074421652,-160.5965018447725,280.0,315.0,-70.0,,unknown,,27.492136116195805,58.495611278928706,0.0,5e-05,0.99995,0.0
348,351,351,Josh Whyle,TE89,26.395281058127058,-160.2257724172733,,,,,Injury Risk,0.7169411764705883,13.440032449257544,36.77094902547842,0.0,0.0,1.0,0.0
354,364,352,Devin Culp,TE91,24.520465297651015,-162.10058817774936,,,,,unknown,,15.067787977316726,32.64731458847547,0.0,0.0,1.0,0.0
358,353,353,Max Klare,TE92,22.326851107698413,-164.29420236770196,379.0,331.0,21.0,,unknown,,13.793581012107742,29.81130650823921,0.0,0.0,1.0,0.0
341,407,354,Mo Alie-Cox,TE84,30.48836447321768,-156.1326890021827,,482.0,,,Injury Risk,0.7542941176470587,16.21316396579701,41.70896797231934,0.0,0.0,1.0,0.0
356,362,355,Dont'e Thornton,WR133,45.27839966722617,-162.5844329217628,,345.0,,,Boom/Bust,,31.38175733298517,58.25608447508005,0.0,0.0,1.0,0.0
364,323,356,Tua Tagovailoa,QB31,199.338511338707,-167.57732949900958,192.0,272.0,-172.0,,Balanced,0.8701176470588236,146.67215580178544,249.94667351383967,0.0003,0.01135,0.98865,0.01135
352,363,357,Bryce Lance,WR131,46.90880394889823,-160.95402864009077,327.0,353.0,-25.0,,unknown,,27.08610353530023,58.122669266912105,0.0,0.0,1.0,0.0
353,379,358,Jordan Whittington,WR132,45.90417368876221,-161.9586589002268,,395.0,,,Boom/Bust,0.8864705882352941,28.627793413955445,61.51430626256063,0.0,0.00015,0.99985,0.0
369,325,359,Malachi Fields,WR136,38.263837966296805,-169.5989946226922,260.0,268.0,-109.0,,unknown,,22.87676428129508,49.70735589656934,0.0,5e-05,0.99995,0.0
371,324,360,MarShawn Lloyd,RB72,53.00681896844672,-173.63808465209684,211.0,260.0,-160.0,,unknown,,31.65883060263333,71.37826680234694,0.0,0.00065,0.99935,0.0
359,370,361,Jawhar Jordan,RB70,61.608598977505366,-165.0363046430382,277.0,367.0,-82.0,,unknown,,36.859037413524355,82.35169655365634,0.0,0.00185,0.99815,0.0
349,406,362,Durham Smythe,TE90,26.21166799726491,-160.40938547813545,,467.0,,,Injury Risk,0.749,14.932405654037208,35.36497956724986,0.0,0.0,1.0,0.0
360,368,363,Odell Beckham,WR134,42.58970182712464,-165.27313076186437,338.0,,-22.0,,Injury Risk,0.723529411764706,22.202237749375325,58.80040423762103,0.0,0.00015,0.99985,0.0
362,371,364,Payne Durham,TE94,19.88972678377139,-166.731326691629,,,,,Boom/Bust,,11.3085131160254,27.139867324522783,0.0,0.0,1.0,0.0
370,338,365,LeQuint Allen,RB71,53.27343713378055,-173.37146648676304,265.0,285.0,-105.0,,Boom/Bust,0.8870588235294118,39.09654767094201,66.74491040622465,0.0,0.0,1.0,0.0
365,375,366,Ian Thomas,TE96,18.81897107295732,-167.80208240244306,,,,,Boom/Bust,,13.284753847033365,24.174089875993783,0.0,0.0,1.0,0.0
367,378,367,Hunter Long,TE97,17.098648464831182,-169.5224050105692,,,,,Boom/Bust,,11.292402208756725,22.220749084788093,0.0,0.0,1.0,0.0
379,339,368,Mack Hollins,WR138,31.359481658544077,-176.50335093044492,396.0,269.0,17.0,,Injury Risk,0.8288823529411764,21.36308120173171,40.37024032326084,0.0,0.0,1.0,0.0
368,380,369,Blake Whiteheart,TE98,17.092433304071395,-169.52862017132898,,,,,Boom/Bust,,8.471301457330698,23.92070186937273,0.0,0.0,1.0,0.0
380,341,370,Kendre Miller,RB73,50.01634984346478,-176.6285537770788,339.0,274.0,-41.0,,Boom/Bust,,35.86403698561278,63.49838244649478,0.0,0.0,1.0,0.0
372,365,371,Konata Mumpfield,WR137,32.78760851854146,-175.07522407044752,,323.0,,,Boom/Bust,,22.13023203832176,42.62892792329543,0.0,0.0,1.0,0.0
361,412,372,Tanner Koziol,TE93,20.115500153922923,-166.50555332147746,,468.0,,,unknown,,11.530187513081344,24.946398317999613,0.0,0.0,1.0,0.0
363,413,373,Sam Roush,TE95,19.616583117807053,-167.00447035759333,295.0,465.0,-68.0,,unknown,,11.72288163380006,25.36688863665161,0.0,0.0,1.0,0.0
396,318,374,Ray Davis,RB79,43.73553119282128,-182.9093724277223,189.0,200.0,-207.0,,Boom/Bust,0.93,28.557480550518743,57.182786357864046,0.0,0.0,1.0,0.0
381,356,375,Oscar Delp,TE105,9.922146724060564,-176.69890675133982,394.0,295.0,13.0,,unknown,,5.90459345357622,12.76766138255407,0.0,0.0,1.0,0.0
373,382,376,Luke Farrell,TE99,11.524172678726543,-175.09688079667382,,,,,Boom/Bust,,7.404788147030679,15.178545859222725,0.0,0.0,1.0,0.0
366,404,377,Devontez Walker,WR135,38.957078424203694,-168.9057541647853,276.0,430.0,-90.0,,Boom/Bust,,24.423795628797464,51.62729088648727,0.0,0.0,1.0,0.0
374,384,378,CJ Dippre,TE100,10.62957014565724,-175.99148332974312,,,,,unknown,,6.556939921881122,14.174168560363922,0.0,0.0,1.0,0.0
382,358,379,George Holani,RB74,49.742041096468846,-176.90286252407472,223.0,294.0,-159.0,,Boom/Bust,,25.21214400186485,69.28641881794398,0.0,0.00195,0.99805,0.0001
375,385,380,Brevyn Spann-Ford,TE101,10.572404640311996,-176.0486488350884,,,,,Boom/Bust,0.8520588235294118,6.095038626023025,14.1964756266204,0.0,0.0,1.0,0.0
391,345,380,Isaiah Davis,RB76,45.07035028753863,-181.57455333300493,398.0,259.0,7.0,,Boom/Bust,0.8564705882352941,28.521365633960784,59.33078521807978,0.0,0.0,1.0,0.0
376,386,382,Tyler Conklin,TE102,10.429905257339785,-176.1911482180606,291.0,,-85.0,,Injury Risk,0.8078235294117647,6.638164675801094,13.628451380684316,0.0,0.0,1.0,0.0
377,389,383,Lucas Krull,TE103,10.428689072854077,-176.1923644025463,,,,,Boom/Bust,,7.857483719647102,13.02287586621584,0.0,0.0,1.0,0.0
398,314,384,Emmett Johnson,RB80,42.59414153035518,-184.0507620901884,177.0,185.0,-221.0,,unknown,,23.42796376522819,52.932010180012576,0.0,0.0,1.0,0.0
378,390,385,Drew Ogletree,TE104,10.152739520099516,-176.46831395530086,,,,,Boom/Bust,,6.176957341325896,13.624898032277718,0.0,0.0,1.0,0.0
394,357,386,Jaydon Blue,RB77,43.76135753808494,-182.88354608245865,207.0,271.0,-187.0,,unknown,,26.100770698807015,58.64546031321717,0.0,5e-05,0.99995,0.0
395,359,387,DJ Giddens,RB78,43.74694517276095,-182.89795844778263,296.0,270.0,-99.0,,unknown,,26.117390693350657,58.45082388760689,0.0,0.0001,0.9999,0.0
393,360,388,Kyle Williams,WR141,25.255747290102963,-182.60708529888603,408.0,275.0,15.0,,Boom/Bust,0.8878431372549019,15.37901785570866,33.73041462080144,0.0,0.0,1.0,0.0
384,397,389,Eric Saubert,TE107,9.69466636634267,-176.9263871090577,,,,,Boom/Bust,,5.913782953504696,13.001972499957176,0.0,0.0,1.0,0.0
383,396,390,Josh Cuevas,TE106,9.717946704816852,-176.90310677058352,,,,,unknown,,5.608491546454261,12.109431629574896,0.0,0.0,1.0,0.0
386,401,391,Tip Reiman,TE109,9.590565024598105,-177.03048845080227,,,,,Boom/Bust,,6.898354354312515,12.236941340267732,0.0,0.0,1.0,0.0
403,348,392,Ollie Gordon,RB83,40.27228826449454,-186.37261535604904,333.0,242.0,-70.0,,Boom/Bust,0.9066666666666666,25.411408014111256,53.38672080554496,0.0,0.0,1.0,0.0
389,393,393,Brenen Thompson,WR139,30.676349853734195,-177.1864827352548,299.0,363.0,-90.0,,unknown,,18.44092372317048,39.72821813079706,0.0,0.0,1.0,0.0
385,399,394,Riley Nowakowski,TE108,9.657336882197766,-176.9637165932026,,,,,unknown,,5.51222760247338,12.121049797600296,0.0,0.0,1.0,0.0
387,402,395,Joe Royer,TE110,9.498176445518016,-177.12287702988235,,,,,unknown,,5.417692489143724,11.72032801465278,0.0,0.0,1.0,0.0
390,405,396,KeAndre Lambert-Smith,WR140,29.933066614220607,-177.92976597476837,,,,,Boom/Bust,,16.90960641955286,40.687048953221144,0.0,0.0,1.0,0.0
397,381,397,Tez Johnson,WR142,24.13735875777183,-183.72547383121716,402.0,321.0,5.0,,Boom/Bust,0.907450980392157,16.51665611013918,31.227567354537104,0.0,0.0,1.0,0.0
392,408,398,Chris Manhertz,TE111,4.569541316107558,-182.05151215929283,,,,,Boom/Bust,,2.491086079784258,6.280274583755219,0.0,0.0,1.0,0.0
409,373,399,Brashard Smith,RB84,39.46557230186522,-187.17933131867835,407.0,283.0,-2.0,,Boom/Bust,0.9066666666666666,27.163557424160405,51.17964524965188,0.0,0.0,1.0,0.0
418,316,400,Jonah Coleman,RB89,32.86708740456863,-193.77781621597495,161.0,158.0,-257.0,,unknown,,18.25570515491123,41.10080769996993,0.0,0.0,1.0,0.0
388,424,401,Ty Chandler,RB75,49.50995074244144,-177.13495287810213,,437.0,,,Injury Risk,0.682235294117647,22.06022193547849,70.66983941174075,0.0,0.00065,0.99935,5e-05
417,334,402,Sean Tucker,RB88,33.073519453568494,-193.57138416697504,181.0,191.0,-236.0,,Injury Risk,0.7792941176470588,16.476392816259636,45.87681799907737,0.0,5e-05,0.99995,0.0
410,387,403,Isaiah Bond,WR145,20.605272998471396,-187.2575595905176,315.0,313.0,-95.0,,Boom/Bust,0.907450980392157,14.736910660504044,26.31845740774221,0.0,0.0,1.0,0.0
399,414,404,Frank Gore,RB81,42.17255677059819,-184.47234684994535,,,,,unknown,,25.356866618027375,56.78735581047422,0.0,0.00015,0.99985,0.0
400,425,405,Xavier Smith,WR143,22.43581151410784,-185.42702107488117,,426.0,,,Boom/Bust,0.9011764705882352,12.830863723522786,30.239105930138837,0.0,0.0,1.0,0.0
404,419,406,Jelani Woods,TE112,0.0,-186.62105347540037,,,,,unknown,,0.0,0.0,0.0,0.0,1.0,0.0
404,419,406,Quintin Morris,TE112,0.0,-186.62105347540037,,,,,Boom/Bust,,0.0,0.0,0.0,0.0,1.0,0.0
404,419,406,Julian Hill,TE112,0.0,-186.62105347540037,,,,,Injury Risk,0.7757647058823529,0.0,0.0,0.0,0.0,1.0,0.0
404,419,406,Jack Stoll,TE112,0.0,-186.62105347540037,,,,,Boom/Bust,,0.0,0.0,0.0,0.0,1.0,0.0
404,419,406,Johnny Mundt,TE112,0.0,-186.62105347540037,,,,,Injury Risk,0.7575294117647058,0.0,0.0,0.0,0.0,1.0,0.0
415,383,411,Devin Singletary,RB86,34.273381984893305,-192.37152163565025,400.0,296.0,-15.0,,Boom/Bust,0.8704705882352941,23.684302183736275,44.15792563962163,0.0,0.0,1.0,0.0
413,388,412,Trevor Etienne,RB85,36.2542190349314,-190.39068458561215,324.0,310.0,-89.0,,Boom/Bust,0.9066666666666666,21.84459149724002,48.67232454910124,0.0,0.0,1.0,0.0
402,429,413,Mitch Tinsley,WR144,21.73048864156852,-186.13234394742048,,433.0,,,Boom/Bust,,15.255535085763832,27.832076356465056,0.0,0.0,1.0,0.0
401,432,414,Roschon Johnson,RB82,40.69929658382675,-185.9456070367168,,447.0,,,Injury Risk,0.744,21.848924801056643,55.89125767501076,0.0,0.0,1.0,0.0
412,428,415,Anthony Gould,WR147,18.14225341010212,-189.72057917888688,,,,,Boom/Bust,,8.530967356084426,25.345569611245157,0.0,0.0,1.0,0.0
414,426,416,Greg Dortch,WR148,16.536603407824707,-191.32622918116428,318.0,404.0,-96.0,,Boom/Bust,0.8974117647058824,11.580250061674493,21.347299648274145,0.0,0.0,1.0,0.0
411,441,417,Cyrus Allen,WR146,19.18954288926005,-188.67328969972897,,452.0,,,unknown,,10.993346214812355,23.68671761728108,0.0,0.0,1.0,0.0
419,403,418,Will Shipley,RB90,32.379232651010035,-194.26567096953357,332.0,330.0,-87.0,,Injury Risk,0.8270588235294117,16.719312488757303,44.270887251313695,0.0,0.00015,0.99985,0.0
416,431,419,Phil Mafah,RB87,33.953173279607476,-192.6917303409361,366.0,419.0,-50.0,,unknown,,20.02460458356423,45.13551564316521,0.0,0.0,1.0,0.0
422,436,420,Mason Tipton,WR149,13.37034757227502,-194.49248501671397,,,,,Boom/Bust,,8.874526000819285,17.507033584797526,0.0,0.0,1.0,0.0
420,433,421,Elijah Mitchell,RB91,32.35009364148672,-194.29480997905685,,,,,unknown,,19.396793184756405,43.44389414626544,0.0,0.0,1.0,0.0
423,437,422,Ben Skowronek,WR150,13.29750693622991,-194.56532565275907,,,,,Injury Risk,0.8150588235294117,6.713726864004482,18.4026646560709,0.0,0.0,1.0,0.0
432,409,423,Audric Estime,RB94,29.263752589333254,-197.38115103121032,369.0,319.0,-63.0,,Boom/Bust,,20.1582994495449,37.69151263478332,0.0,0.0,1.0,0.0
424,439,424,Bo Melton,WR151,13.159058967311356,-194.70377362167764,,,,,Boom/Bust,,8.23751559299936,17.548976452365746,0.0,0.0,1.0,0.0
433,391,425,Demond Claiborne,RB95,29.259254458624454,-197.3856491619191,215.0,278.0,-218.0,,unknown,,16.209734695549365,36.518661883166054,0.0,0.0,1.0,0.0
444,373,426,Kaytron Allen,RB100,26.317723200080525,-200.32718042046304,182.0,218.0,-262.0,,unknown,,14.419203209009382,32.5896786793017,0.0,0.0,1.0,0.0
426,444,427,Tyrell Shavers,WR152,12.360259470899567,-195.50257311808943,,,,,Boom/Bust,,8.350051994818886,16.109096732982586,0.0,0.0,1.0,0.0
434,410,428,Jarquez Hunter,RB96,28.76263827620542,-197.88226534433815,322.0,316.0,-112.0,,unknown,,17.159892805312527,38.69960160618943,0.0,0.0,1.0,0.0
427,445,429,Derius Davis,WR153,12.025779649742704,-195.8370529392463,,,,,Boom/Bust,0.8738823529411764,6.644438753874336,16.284814612452504,0.0,0.0,1.0,0.0
421,438,430,Jam Miller,RB92,32.26105342542938,-194.38385019511415,342.0,429.0,-79.0,,unknown,,17.917775249776135,40.22975130513043,0.0,0.0,1.0,0.0
454,416,431,Deshaun Watson,QB32,161.7769391965764,-205.1389016411402,219.0,301.0,-235.0,,unknown,,100.99601239016174,215.63045059078365,0.00145,0.01575,0.98425,0.01575
447,376,432,Nicholas Singleton,RB101,24.76510749908031,-201.87979612146327,194.0,217.0,-253.0,,unknown,,13.830324215014317,31.093419861128027,0.0,0.0,1.0,0.0
428,446,433,Isaiah Williams,WR154,11.151602527651631,-196.71123006133735,,,,,Injury Risk,0.7982352941176472,5.976073569507119,15.220310144030677,0.0,0.0,1.0,0.0
442,398,434,Seth McGowan,RB99,28.102042066775937,-198.54286155376764,386.0,277.0,-56.0,,unknown,,15.640552618109853,35.19969214006138,0.0,0.0,1.0,0.0
430,448,435,Colbie Young,WR156,10.730133624710993,-197.132698964278,359.0,,-71.0,,unknown,,6.213377206161368,13.338592275271308,0.0,0.0,1.0,0.0
431,443,436,CJ Daniels,WR157,10.562798288057582,-197.3000343009314,,416.0,,,unknown,,6.057855059710672,13.09786517153588,0.0,0.0,1.0,0.0
429,447,437,David Moore,WR155,10.867559084264649,-196.9952735047243,,,,,Injury Risk,0.6203529411764706,4.091342031341664,16.159881792034103,0.0,0.0,1.0,0.0
425,449,438,Tyler Badie,RB93,31.231341023385852,-195.41356259715772,,443.0,,,Injury Risk,0.7094117647058824,16.393388799893902,43.349902595145984,0.0,0.0,1.0,0.0
448,394,439,Devin Neal,RB102,23.567437630239173,-203.0774659903044,403.0,254.0,-45.0,,Boom/Bust,,16.34401684525899,30.02155738849229,0.0,0.0,1.0,0.0
435,451,440,Darius Cooper,WR158,9.90272386297703,-197.96010872601195,,,,,unknown,,6.114086210075431,13.195367579205966,0.0,0.0,1.0,0.0
439,441,441,Zavion Thomas,WR161,9.670707166425858,-198.19212542256312,305.0,400.0,-134.0,,unknown,,5.7930778272858126,12.490314720880487,0.0,0.0,1.0,0.0
440,434,442,Dameon Pierce,RB98,28.38884170982007,-198.2560619107235,,384.0,,,Injury Risk,0.6851764705882353,10.351842269418128,40.697512235731075,0.0,0.00045,0.99955,0.0
438,453,443,Jonathan Mingo,WR160,9.715856207114951,-198.14697638187403,,,,,Injury Risk,0.768,5.376605363337544,13.166743265327872,0.0,0.0,1.0,0.0
437,456,444,Tai Felton,WR159,9.720926220536091,-198.1419063684529,,451.0,,,Boom/Bust,,5.354585365232436,13.283525700612964,0.0,0.0,1.0,0.0
449,411,445,Jerome Ford,RB103,23.328865848300783,-203.3160377722428,382.0,291.0,-67.0,,Boom/Bust,0.8616470588235294,15.771145932952011,30.04081242495105,0.0,0.0,1.0,0.0
436,452,446,Donovan Edwards,RB97,28.51278762188572,-198.13211599865787,,,,,unknown,,16.705951309444263,38.09865254970702,0.0,0.0,1.0,0.0
441,455,447,Justin Watson,WR162,9.420609543674512,-198.44222304531448,,,,,Injury Risk,0.7412352941176471,5.22882770631769,12.786849712624468,0.0,0.0,1.0,0.0
451,418,448,Tahj Brooks,RB104,23.07148259102707,-203.5734210295165,392.0,312.0,-59.0,,Boom/Bust,,12.901892140322415,31.297240019706617,0.0,0.0,1.0,0.0
443,458,449,Reggie Virgil,WR163,8.952908889028485,-198.9099236999605,,,,,unknown,,5.203493385926151,11.114041936406478,0.0,0.0,1.0,0.0
445,459,450,Kaden Wetjen,WR164,6.69950751336471,-201.16332507562427,,,,,unknown,,3.84875760177225,8.28747564873349,0.0,0.0,1.0,0.0
446,461,451,Malachi Corley,WR165,6.506202425116716,-201.35663016387227,,,,,Boom/Bust,,4.8217365993274575,8.196600003064368,0.0,0.0,1.0,0.0
450,463,452,Arian Smith,WR166,4.313708033057918,-203.5491245559311,,,,,Boom/Bust,,3.004386882170671,5.554467019842909,0.0,0.0,1.0,0.0
452,465,453,Jimmy Horn,WR167,3.766869500850799,-204.0959630881382,,,,,Boom/Bust,,2.890587771204921,4.705754062126817,0.0,0.0,1.0,0.0
455,466,454,Kameron Johnson,WR169,2.1897754581100703,-205.67305713087893,,,,,Injury Risk,0.7688235294117647,0.8949189131986443,3.073911236678214,0.0,0.0,1.0,0.0
456,467,455,Braxton Berrios,WR170,0.0,-207.862832588989,,,,,Injury Risk,0.6588823529411764,0.0,0.0,0.0,0.0,1.0,0.0
456,467,455,Josh Cameron,WR170,0.0,-207.862832588989,,,,,unknown,,0.0,0.0,0.0,0.0,1.0,0.0
456,467,455,Brycen Tremayne,WR170,0.0,-207.862832588989,,,,,Injury Risk,0.71,0.0,0.0,0.0,0.0,1.0,0.0
456,467,455,Mason Kinsey,WR170,0.0,-207.862832588989,,,,,Boom/Bust,,0.0,0.0,0.0,0.0,1.0,0.0
456,467,455,Jalen Brooks,WR170,0.0,-207.862832588989,,,,,Boom/Bust,,0.0,0.0,0.0,0.0,1.0,0.0
456,467,455,Skyy Moore,WR170,0.0,-207.862832588989,,,,,Injury Risk,0.7562352941176471,0.0,0.0,0.0,0.0,1.0,0.0
456,467,455,Charlie Jones,WR170,0.0,-207.862832588989,,,,,Injury Risk,0.7444705882352942,0.0,0.0,0.0,0.0,1.0,0.0
456,467,455,Nikko Remigio,WR170,0.0,-207.862832588989,,,,,Injury Risk,0.7394117647058824,0.0,0.0,0.0,0.0,1.0,0.0
456,467,455,Gage Larvadain,WR170,0.0,-207.862832588989,,,,,Boom/Bust,,0.0,0.0,0.0,0.0,1.0,0.0
456,467,455,Myles Price,WR170,0.0,-207.862832588989,,,,,unknown,0.9270588235294118,0.0,0.0,0.0,0.0,1.0,0.0
456,467,455,Britain Covey,WR170,0.0,-207.862832588989,,,,,Injury Risk,0.6738823529411764,0.0,0.0,0.0,0.0,1.0,0.0
456,467,455,Michael Bandy,WR170,0.0,-207.862832588989,,,,,unknown,,0.0,0.0,0.0,0.0,1.0,0.0
456,467,455,Dareke Young,WR170,0.0,-207.862832588989,,,,,Boom/Bust,,0.0,0.0,0.0,0.0,1.0,0.0
456,467,455,Devin Duvernay,WR170,0.0,-207.862832588989,,,,,Boom/Bust,0.8738823529411764,0.0,0.0,0.0,0.0,1.0,0.0
456,467,455,Jacob Cowing,WR170,0.0,-207.862832588989,304.0,,-152.0,,Boom/Bust,0.907450980392157,0.0,0.0,0.0,0.0,1.0,0.0
456,467,455,Efton Chism,WR170,0.0,-207.862832588989,298.0,,-158.0,,Boom/Bust,,0.0,0.0,0.0,0.0,1.0,0.0
456,467,455,Barion Brown,WR170,0.0,-207.862832588989,,,,,unknown,,0.0,0.0,0.0,0.0,1.0,0.0
456,467,455,LaJohntay Wester,WR170,0.0,-207.862832588989,,,,,unknown,0.8878431372549019,0.0,0.0,0.0,0.0,1.0,0.0
453,485,473,JuJu Smith-Schuster,WR168,3.6597169352303385,-204.20311565375863,,469.0,,,Injury Risk,0.8268235294117646,2.327943767170085,4.804016875112402,0.0,0.0,1.0,0.0
474,430,474,Isaac Guerendo,RB105,18.12140637743986,-208.52349724310372,341.0,311.0,-133.0,,Injury Risk,0.7682352941176471,8.773592207225251,25.21293146750524,0.0,0.0,1.0,0.0
477,415,475,Kaleb Johnson,RB108,6.1561955351657875,-220.4887080853778,399.0,257.0,-78.0,,Boom/Bust,,4.0775243554858935,7.965932214878249,0.0,0.0,1.0,0.0
479,417,476,Trey Benson,RB110,0.0,-226.64490362054357,391.0,258.0,-88.0,,Boom/Bust,,0.0,0.0,0.0,0.0,1.0,0.0
488,435,477,Shedeur Sanders,QB33,129.39646537449775,-237.51937546321884,221.0,298.0,-267.0,,Boom/Bust,,92.46632044545376,164.5993500244395,0.0,0.0003,0.9997,0.0003
489,427,478,Michael Penix,QB34,100.1007049662446,-266.81513587147197,224.0,266.0,-265.0,,Boom/Bust,,75.2774337652256,125.09558284020312,0.0,0.0,1.0,0.0
475,494,479,Andrew Beck,RB106,16.348179665011138,-210.29672395553243,,,,,Boom/Bust,,9.684148815085852,21.86081902072394,0.0,0.0,1.0,0.0
490,440,480,Kirk Cousins,QB35,56.94815537873663,-309.96768545898,234.0,302.0,-256.0,,Injury Risk,0.7124705882352941,29.71670487714132,78.56395642272778,0.0,0.0,1.0,0.0
476,489,481,Reggie Gilliam,RB107,9.486912571699987,-217.1579910488436,,449.0,,,Boom/Bust,,4.284519671556816,13.299079962964946,0.0,0.0,1.0,0.0
479,487,482,Dylan Laube,RB110,0.0,-226.64490362054357,,434.0,,,Injury Risk,0.7682352941176471,0.0,0.0,0.0,0.0,1.0,0.0
479,488,483,Rasheen Ali,RB110,0.0,-226.64490362054357,289.0,438.0,-190.0,,Injury Risk,0.7241176470588235,0.0,0.0,0.0,0.0,1.0,0.0
479,492,484,Zavier Scott,RB110,0.0,-226.64490362054357,,457.0,,,Boom/Bust,,0.0,0.0,0.0,0.0,1.0,0.0
478,495,485,British Brooks,RB109,3.075366999773929,-223.56953662076964,,,,,Boom/Bust,,1.3984636202244547,4.320535833871586,0.0,0.0,1.0,0.0
494,450,486,J.J. McCarthy,QB39,28.31313940582383,-338.60270143189274,266.0,320.0,-228.0,,Boom/Bust,,21.504381732401004,35.19603852578659,0.0,0.0,1.0,0.0
492,454,487,Ty Simpson,QB37,29.154833913158377,-337.7610069245582,384.0,339.0,-108.0,,unknown,,19.658451390937127,41.747785066806394,0.0,0.0,1.0,0.0
479,496,488,Josh Williams,RB110,0.0,-226.64490362054357,,,,,unknown,,0.0,0.0,0.0,0.0,1.0,0.0
479,496,488,Jacob Saylors,RB110,0.0,-226.64490362054357,,,,,Boom/Bust,,0.0,0.0,0.0,0.0,1.0,0.0
479,496,488,Chris Collier,RB110,0.0,-226.64490362054357,,,,,unknown,,0.0,0.0,0.0,0.0,1.0,0.0
479,496,488,DeeJay Dallas,RB110,0.0,-226.64490362054357,,,,,Injury Risk,0.7660588235294117,0.0,0.0,0.0,0.0,1.0,0.0
479,496,488,Kene Nwangwu,RB110,0.0,-226.64490362054357,,,,,Boom/Bust,,0.0,0.0,0.0,0.0,1.0,0.0
493,457,493,Carson Beck,QB38,28.320557963746037,-338.5952828739706,284.0,350.0,-209.0,,unknown,,17.15950156113737,36.62717415558124,0.0,0.0,1.0,0.0
495,460,494,Anthony Richardson,QB40,26.40033294881992,-340.51550788889665,381.0,354.0,-114.0,,Boom/Bust,,20.077027929994728,33.052582181308914,0.0,0.0,1.0,0.0
500,462,495,Justin Fields,QB45,14.72574769583153,-352.1900931418851,288.0,351.0,-212.0,,Boom/Bust,,11.087571426387129,18.565688087257424,0.0,0.0,1.0,0.0
491,493,496,Riley Leonard,QB36,56.23301999029148,-310.6828208474251,300.0,441.0,-191.0,,unknown,,35.2296295798422,74.15442913835749,0.0,0.0,1.0,0.0
496,486,497,Marcus Mariota,QB41,22.273937432443567,-344.641903405273,388.0,398.0,-108.0,,Boom/Bust,,17.006408010118214,27.9021542076146,0.0,0.0,1.0,0.0
499,490,498,Joe Milton,QB44,14.995061681751135,-351.9207791559655,340.0,413.0,-159.0,,unknown,,9.332656610301862,19.935280916234895,0.0,0.0,1.0,0.0
497,505,499,Davis Mills,QB42,15.687274617524334,-351.22856622019225,367.0,,-130.0,,Boom/Bust,,10.635758021663806,20.372534310798788,0.0,0.0,1.0,0.0
513,464,500,Mac Jones,QB58,12.898686477922794,-354.0171543597938,397.0,334.0,-116.0,,Boom/Bust,,9.62355049054872,16.23798055390365,0.0,0.0,1.0,0.0
498,506,501,Shane Buechele,QB43,15.071718028830784,-351.8441228088858,,,,,unknown,,9.45949776714073,20.050524571938453,0.0,0.0,1.0,0.0
505,491,502,Jameis Winston,QB50,13.890090855458483,-353.0257499822581,383.0,407.0,-122.0,,Boom/Bust,,9.839519693922156,17.84141490151077,0.0,0.0,1.0,0.0
501,507,503,Will Levis,QB46,14.551154820995777,-352.36468601672084,,,,,Boom/Bust,,11.125443696993033,18.184399630486823,0.0,0.0,1.0,0.0
504,503,504,Quinn Ewers,QB49,14.121662024222593,-352.794178813494,346.0,479.0,-158.0,,unknown,,8.853712565365388,18.9255827516886,0.0,0.0,1.0,0.0
503,509,505,Jarrett Stidham,QB48,14.219533699147313,-352.6963071385693,362.0,,-141.0,,unknown,,8.906973086997708,19.01245816088222,0.0,0.0,1.0,0.0
502,508,506,Kenny Pickett,QB47,14.371083676362534,-352.544757161354,,,,,Boom/Bust,,8.208057406694111,19.46780376143386,0.0,0.0,1.0,0.0
506,510,507,Tyson Bagent,QB51,13.845674332678373,-353.07016650503823,372.0,,-134.0,,unknown,,8.676980892949826,18.52595536026697,0.0,0.0,1.0,0.0
512,501,508,Joe Flacco,QB57,12.930970874804988,-353.9848699629116,401.0,420.0,-111.0,,Boom/Bust,,9.672784145105137,16.22853439473944,0.0,0.0,1.0,0.0
510,502,509,Tanner McKee,QB55,13.060939891046305,-353.8549009466703,,453.0,,,unknown,,8.205489853373392,17.40058244181169,0.0,0.0,1.0,0.0
507,512,510,Teddy Bridgewater,QB52,13.317304557224352,-353.5985362804922,344.0,,-163.0,,unknown,,8.294665538970698,17.750517670428994,0.0,0.0,1.0,0.0
508,513,511,Tommy DeVito,QB53,13.278564574760196,-353.6372762629564,330.0,,-178.0,,unknown,,8.347660342473748,17.71714362119079,0.0,0.0,1.0,0.0
509,514,512,Andy Dalton,QB54,13.064233102686094,-353.8516077350305,312.0,,-197.0,,Boom/Bust,,8.818531196547168,17.15537718632226,0.0,0.0,1.0,0.0
511,515,513,Jake Browning,QB56,12.952302805646871,-353.9635380320697,348.0,,-163.0,,unknown,,8.087620778355248,17.239254059756252,0.0,0.0,1.0,0.0
515,518,514,Tyler Huntley,QB60,12.602665099107451,-354.3131757386091,385.0,,-130.0,,Boom/Bust,,9.627964713284412,15.739812771722905,0.0,0.0,1.0,0.0
514,517,515,Chris Oladokun,QB59,12.767460096022475,-354.1483807416941,,,,,unknown,,8.063135712271055,17.077945274519347,0.0,0.0,1.0,0.0
517,520,516,Mason Rudolph,QB62,12.497081497017913,-354.41875934069867,281.0,,-236.0,,Boom/Bust,,9.26442421648266,15.726369444725576,0.0,0.0,1.0,0.0
519,522,517,Trey Lance,QB64,12.39575111231898,-354.5200897253976,314.0,,-205.0,,Boom/Bust,,7.807734490122281,16.452489659813757,0.0,0.0,1.0,0.0
518,521,517,Nick Mullens,QB63,12.415906926004771,-354.4999339117118,364.0,,-154.0,,Boom/Bust,,5.8626089353982005,17.520613430406954,0.0,0.0,1.0,0.0
520,523,519,Tyrod Taylor,QB65,12.320689840270298,-354.5951509974463,326.0,,-194.0,,Boom/Bust,,9.289160301924388,15.495086803348515,0.0,0.0,1.0,0.0
516,519,519,Behren Morton,QB61,12.534636741985985,-354.3812040957306,,,,,unknown,,7.296346014184495,15.449582766502092,0.0,0.0,1.0,0.0
527,504,521,Gardner Minshew,QB72,11.686432144088332,-355.2294086936283,336.0,439.0,-191.0,,Injury Risk,0.7289411764705882,6.250209147348703,16.118253659311538,0.0,0.0,1.0,0.0
521,524,522,Adrian Martinez,QB66,12.057033965500322,-354.8588068722163,,,,,unknown,,7.517115375206505,16.13144038691852,0.0,0.0,1.0,0.0
522,525,523,Jalen Milroe,QB67,12.048490811757508,-354.86735002595907,274.0,,-248.0,,unknown,,7.534877281245288,16.00754127491221,0.0,0.0,1.0,0.0
523,526,523,Spencer Rattler,QB68,11.937087018430889,-354.9787538192857,347.0,,-176.0,,Balanced,,9.420348658874255,14.782588712564053,0.0,0.0,1.0,0.0
526,529,525,Drew Lock,QB71,11.707893763507403,-355.2079470742092,345.0,,-181.0,,Boom/Bust,,7.425455157233586,15.495336488917404,0.0,0.0,1.0,0.0
524,527,526,Garrett Nussmeier,QB69,11.903496257383052,-355.01234458033355,,,,,unknown,,6.9181137372693815,14.775564155956816,0.0,0.0,1.0,0.0
530,516,527,Cade Klubnik,QB75,10.970962859906596,-355.94487797781,,483.0,,,unknown,,6.367342802051974,13.605094758826132,0.0,0.0,1.0,0.0
532,511,528,Will Howard,QB77,8.413465991279436,-358.50237484643714,361.0,460.0,-171.0,,unknown,,5.250387821604336,11.139545482340584,0.0,0.0,1.0,0.0
525,528,529,Cole Payton,QB70,11.861409915171995,-355.0544309225446,,,,,unknown,,6.923179043110571,14.701137413601083,0.0,0.0,1.0,0.0
528,530,530,Drew Allar,QB73,11.48272949062431,-355.4331113470923,,,,,unknown,,6.992649176571958,14.834447598502184,0.0,0.0,1.0,0.0
529,531,531,Kyle Allen,QB74,11.19357501904478,-355.7222658186718,,,,,unknown,,7.028741311158184,15.020045648763542,0.0,0.0,1.0,0.0
531,532,532,Mitchell Trubisky,QB76,10.576229731374012,-356.3396111063426,,,,,Boom/Bust,,5.2421070401709375,14.724743444702796,0.0,0.0,1.0,0.0
533,533,533,Brady Cook,QB78,5.948266493669703,-360.9675743440469,,,,,unknown,,3.738024988871759,7.976548931736818,0.0,0.0,1.0,0.0
534,534,534,Josh Johnson,QB79,0.0,-366.9158408377166,,,,,unknown,,0.0,0.0,0.0,0.0,1.0,0.0
534,534,534,Aidan O'Connell,QB79,0.0,-366.9158408377166,,,,,Boom/Bust,,0.0,0.0,0.0,0.0,1.0,0.0
