norm,position,adp,fin_rank,season
arian foster,RB,1.4,3.0,2012
ray rice,RB,1.9,4.0,2012
aaron rodgers,QB,3.4,2.0,2012
calvin johnson,WR,4.8,1.0,2012
lesean mccoy,RB,4.8,16.0,2012
tom brady,QB,6.1,3.0,2012
darren mcfadden,RB,6.4,25.0,2012
chris johnson,RB,8.1,12.0,2012
matt forte,RB,10.2,11.0,2012
demarco murray,RB,11.2,26.0,2012
drew brees,QB,12.3,1.0,2012
julio jones,WR,14.3,11.0,2012
maurice jones drew,RB,14.4,50.0,2012
jamaal charles,RB,16.1,9.0,2012
rob gronkowski,TE,16.5,5.0,2012
fred jackson,RB,18.6,33.0,2012
ryan mathews,RB,19.9,30.0,2012
larry fitzgerald,WR,20.8,33.0,2012
steven jackson,RB,21.1,17.0,2012
brandon marshall,WR,22.3,2.0,2012
matthew stafford,QB,22.7,11.0,2012
doug martin,RB,22.9,2.0,2012
darren sproles,RB,24.5,13.0,2012
trent richardson,RB,26.1,8.0,2012
a j green,WR,26.2,3.0,2012
cam newton,QB,27.0,6.0,2012
andre johnson,WR,27.1,6.0,2012
roddy white,WR,30.2,10.0,2012
greg jennings,WR,30.8,76.0,2012
wes welker,WR,31.8,7.0,2012
victor cruz,WR,33.8,14.0,2012
ahmad bradshaw,RB,34.4,20.0,2012
jordy nelson,WR,38.9,38.0,2012
hakeem nicks,WR,40.9,53.0,2012
reggie bush,RB,41.7,14.0,2012
benjarvus green ellis,RB,42.7,21.0,2012
percy harvin,WR,44.2,40.0,2012
dez bryant,WR,44.4,4.0,2012
matt ryan,QB,46.4,5.0,2012
antonio brown,WR,47.4,32.0,2012
marques colston,WR,49.6,12.0,2012
eric decker,WR,53.5,9.0,2012
steve smith,WR,54.2,16.0,2012
peyton hillis,RB,54.7,66.0,2012
donald brown,RB,54.9,57.0,2012
michael vick,QB,55.2,,2012
eli manning,QB,57.3,14.0,2012
brandon lloyd,WR,58.0,26.0,2012
shonn greene,RB,59.6,19.0,2012
mike wallace,WR,60.1,23.0,2012
desean jackson,WR,64.8,61.0,2012
kevin smith,RB,65.5,72.0,2012
demaryius thomas,WR,65.7,5.0,2012
peyton manning,QB,67.5,4.0,2012
torrey smith,WR,68.1,28.0,2012
jeremy maclin,WR,71.6,22.0,2012
dwayne bowe,WR,71.7,42.0,2012
ryan williams,RB,72.0,90.0,2012
tony romo,QB,72.9,8.0,2012
jason witten,TE,74.9,3.0,2012
steve johnson,WR,75.4,19.0,2012
vincent jackson,WR,78.6,13.0,2012
michael bush,RB,79.7,43.0,2012
fred davis,TE,81.7,41.0,2012
miles austin,WR,82.6,23.0,2012
philip rivers,QB,82.7,18.0,2012
c j spiller,RB,84.8,6.0,2012
reggie wayne,WR,85.6,8.0,2012
jonathan stewart,RB,85.7,48.0,2012
pierre garcon,WR,86.5,56.0,2012
tony gonzalez,TE,87.6,2.0,2012
kenny britt,WR,89.6,60.0,2012
jay cutler,QB,90.3,23.0,2012
jacquizz rodgers,RB,91.7,29.0,2012
toby gerhart,RB,96.8,60.0,2012
rashard mendenhall,RB,101.3,77.0,2012
robert griffin,QB,101.8,7.0,2012
greg olsen,TE,102.0,7.0,2012
jacob tamme,TE,105.9,22.0,2012
nate washington,WR,110.8,51.0,2012
lance moore,WR,113.2,21.0,2012
danny amendola,WR,117.7,47.0,2012
jonathan dwyer,RB,118.9,38.0,2012
jermaine gresham,TE,119.9,10.0,2012
evan royster,RB,120.4,69.0,2012
robert turbin,RB,124.4,53.0,2012
brandon lafell,WR,132.4,54.0,2012
kyle rudolph,TE,132.8,11.0,2012
josh freeman,QB,141.1,13.0,2012
greg little,WR,145.0,52.0,2012
brent celek,TE,152.0,17.0,2012
shane vereen,RB,152.8,55.0,2012
adrian peterson,RB,1.2,10.0,2013
jamaal charles,RB,3.2,1.0,2013
doug martin,RB,3.6,53.0,2013
arian foster,RB,3.8,45.0,2013
calvin johnson,WR,5.6,5.0,2013
c j spiller,RB,6.3,27.0,2013
ray rice,RB,7.4,22.0,2013
marshawn lynch,RB,7.6,5.0,2013
lesean mccoy,RB,8.2,3.0,2013
trent richardson,RB,8.3,33.0,2013
alfred morris,RB,12.5,20.0,2013
matt forte,RB,12.7,2.0,2013
dez bryant,WR,13.7,7.0,2013
jimmy graham,TE,14.3,1.0,2013
chris johnson,RB,15.5,9.0,2013
steven jackson,RB,16.0,31.0,2013
a j green,WR,17.2,4.0,2013
reggie bush,RB,17.5,7.0,2013
brandon marshall,WR,19.3,6.0,2013
stevan ridley,RB,19.4,36.0,2013
maurice jones drew,RB,19.7,19.0,2013
julio jones,WR,22.0,65.0,2013
david wilson,RB,25.1,94.0,2013
demaryius thomas,WR,25.5,1.0,2013
frank gore,RB,26.2,18.0,2013
demarco murray,RB,26.6,6.0,2013
larry fitzgerald,WR,27.9,17.0,2013
darren sproles,RB,28.0,23.0,2013
lamar miller,RB,28.9,38.0,2013
randall cobb,WR,30.5,67.0,2013
drew brees,QB,30.7,2.0,2013
aaron rodgers,QB,31.8,24.0,2013
darren mcfadden,RB,32.6,47.0,2013
rob gronkowski,TE,33.7,19.0,2013
andre johnson,WR,34.2,10.0,2013
roddy white,WR,34.4,44.0,2013
eddie lacy,RB,37.3,8.0,2013
victor cruz,WR,38.8,28.0,2013
vincent jackson,WR,41.0,16.0,2013
peyton manning,QB,42.2,1.0,2013
dwayne bowe,WR,43.4,43.0,2013
montee ball,RB,43.9,42.0,2013
jason witten,TE,44.8,6.0,2013
vernon davis,TE,45.3,4.0,2013
danny amendola,WR,45.7,54.0,2013
ryan mathews,RB,45.7,17.0,2013
marques colston,WR,47.2,25.0,2013
wes welker,WR,47.4,21.0,2013
giovani bernard,RB,48.1,13.0,2013
reggie wayne,WR,50.5,72.0,2013
chris ivory,RB,52.5,46.0,2013
ahmad bradshaw,RB,52.6,73.0,2013
daryl richardson,RB,54.2,69.0,2013
shane vereen,RB,54.4,37.0,2013
tony gonzalez,TE,56.0,2.0,2013
pierre garcon,WR,56.1,11.0,2013
hakeem nicks,WR,57.3,46.0,2013
tom brady,QB,57.4,15.0,2013
cam newton,QB,58.3,5.0,2013
jordy nelson,WR,59.9,13.0,2013
matt ryan,QB,61.1,13.0,2013
antonio brown,WR,62.8,3.0,2013
torrey smith,WR,63.7,23.0,2013
rashard mendenhall,RB,64.5,32.0,2013
deangelo williams,RB,65.9,25.0,2013
eric decker,WR,66.6,9.0,2013
matthew stafford,QB,70.4,6.0,2013
desean jackson,WR,71.7,12.0,2013
colin kaepernick,QB,72.1,11.0,2013
mike wallace,WR,73.0,25.0,2013
kyle rudolph,TE,73.2,35.0,2013
mark ingram,RB,75.5,62.0,2013
steve smith,WR,75.6,37.0,2013
benjarvus green ellis,RB,75.9,40.0,2013
jermichael finley,TE,78.1,37.0,2013
james jones,WR,78.5,41.0,2013
ben tate,RB,78.6,30.0,2013
andrew luck,QB,78.8,7.0,2013
ronnie hillman,RB,78.8,66.0,2013
robert griffin,QB,79.3,18.0,2013
antonio gates,TE,80.2,9.0,2013
tavon austin,WR,80.6,56.0,2013
tony romo,QB,81.9,10.0,2013
t y hilton,WR,83.3,19.0,2013
cecil shorts,WR,83.9,38.0,2013
anquan boldin,WR,85.7,15.0,2013
fred jackson,RB,88.8,11.0,2013
bryce brown,RB,88.9,59.0,2013
russell wilson,QB,89.9,8.0,2013
miles austin,WR,90.6,115.0,2013
bernard pierce,RB,91.6,51.0,2013
danny woodhead,RB,91.6,12.0,2013
greg jennings,WR,91.8,34.0,2013
jared cook,TE,92.8,12.0,2013
greg olsen,TE,95.0,7.0,2013
steve johnson,WR,95.3,53.0,2013
vick ballard,RB,96.4,111.0,2013
josh gordon,WR,98.1,2.0,2013
mike williams,WR,99.5,108.0,2013
pierre thomas,RB,102.4,16.0,2013
kenny britt,WR,103.1,138.0,2013
eli manning,QB,103.7,21.0,2013
michael vick,QB,106.0,,2013
golden tate,WR,106.3,30.0,2013
brandon myers,TE,111.4,18.0,2013
jacquizz rodgers,RB,112.2,34.0,2013
lance moore,WR,112.3,76.0,2013
mikel leshoure,RB,113.8,131.0,2013
isaiah pead,RB,115.0,95.0,2013
deandre hopkins,WR,115.0,48.0,2013
owen daniels,TE,116.0,42.0,2013
andy dalton,QB,116.6,3.0,2013
michael bush,RB,116.9,65.0,2013
kenbrell thompkins,WR,122.5,68.0,2013
vincent brown,WR,123.5,79.0,2013
emmanuel sanders,WR,123.5,32.0,2013
lamichael james,RB,123.7,105.0,2013
joseph randle,RB,124.3,72.0,2013
jordan cameron,TE,124.5,5.0,2013
ben roethlisberger,QB,124.7,9.0,2013
chris givens,WR,125.7,81.0,2013
martellus bennett,TE,126.2,10.0,2013
jay cutler,QB,126.4,22.0,2013
carson palmer,QB,128.0,17.0,2013
michael floyd,WR,130.8,27.0,2013
fred davis,TE,132.4,61.0,2013
knowshon moreno,RB,132.7,4.0,2013
aaron dobson,WR,133.3,62.0,2013
shonn greene,RB,134.3,57.0,2013
bilal powell,RB,134.6,35.0,2013
sidney rice,WR,135.0,107.0,2013
marcel reece,RB,136.1,,2013
matt schaub,QB,136.4,33.0,2013
joique bell,RB,137.2,14.0,2013
joe flacco,QB,137.4,19.0,2013
isaac redman,RB,138.5,113.0,2013
alshon jeffery,WR,138.7,8.0,2013
justin blackmon,WR,138.7,94.0,2013
tyler eifert,TE,142.0,26.0,2013
sam bradford,QB,142.7,29.0,2013
zach sudfeld,TE,144.8,78.0,2013
christine michael,RB,146.5,110.0,2013
ryan broyles,WR,147.5,147.0,2013
josh freeman,QB,147.9,44.0,2013
brandon pettigrew,TE,148.9,27.0,2013
roy helu,RB,149.0,44.0,2013
denarius moore,WR,149.1,47.0,2013
legarrette blount,RB,149.2,39.0,2013
rueben randle,WR,150.0,51.0,2013
daniel thomas,RB,151.0,48.0,2013
darrius heyward bey,WR,151.1,98.0,2013
denard robinson,RB,151.6,112.0,2013
kendall hunter,RB,152.2,63.0,2013
heath miller,TE,152.2,17.0,2013
alex smith,QB,153.0,14.0,2013
cordarrelle patterson,WR,153.0,,2013
coby fleener,TE,155.2,14.0,2013
brian hartline,WR,155.8,24.0,2013
ryan tannehill,QB,155.8,16.0,2013
percy harvin,WR,156.5,177.0,2013
philip rivers,QB,157.6,4.0,2013
ej manuel,QB,161.6,28.0,2013
lesean mccoy,RB,2.0,12.0,2014
jamaal charles,RB,2.5,7.0,2014
calvin johnson,WR,4.1,16.0,2014
matt forte,RB,4.2,3.0,2014
adrian peterson,RB,5.3,114.0,2014
eddie lacy,RB,6.2,6.0,2014
demaryius thomas,WR,6.7,2.0,2014
jimmy graham,TE,7.8,2.0,2014
dez bryant,WR,9.1,4.0,2014
montee ball,RB,10.4,85.0,2014
peyton manning,QB,10.4,3.0,2014
a j green,WR,11.5,24.0,2014
julio jones,WR,13.3,6.0,2014
brandon marshall,WR,13.9,33.0,2014
demarco murray,RB,14.2,2.0,2014
marshawn lynch,RB,15.9,4.0,2014
giovani bernard,RB,16.7,16.0,2014
jordy nelson,WR,17.8,3.0,2014
antonio brown,WR,18.4,1.0,2014
drew brees,QB,19.1,4.0,2014
doug martin,RB,20.9,53.0,2014
alshon jeffery,WR,21.9,10.0,2014
aaron rodgers,QB,22.2,2.0,2014
andre ellington,RB,22.5,19.0,2014
randall cobb,WR,25.0,8.0,2014
arian foster,RB,25.8,5.0,2014
julius thomas,TE,26.2,11.0,2014
keenan allen,WR,28.0,34.0,2014
shane vereen,RB,28.5,20.0,2014
rob gronkowski,TE,29.7,1.0,2014
leveon bell,RB,30.4,,2014
zac stacy,RB,32.5,66.0,2014
roddy white,WR,33.1,21.0,2014
reggie bush,RB,33.3,42.0,2014
alfred morris,RB,34.2,16.0,2014
vincent jackson,WR,34.7,32.0,2014
cordarrelle patterson,WR,36.2,,2014
andre johnson,WR,36.4,27.0,2014
rashad jennings,RB,38.4,29.0,2014
pierre garcon,WR,40.4,46.0,2014
emmanuel sanders,WR,40.5,5.0,2014
larry fitzgerald,WR,42.0,50.0,2014
c j spiller,RB,42.1,69.0,2014
toby gerhart,RB,42.8,52.0,2014
victor cruz,WR,43.8,96.0,2014
percy harvin,WR,44.2,57.0,2014
joique bell,RB,45.9,13.0,2014
michael floyd,WR,46.3,43.0,2014
julian edelman,WR,48.3,17.0,2014
matthew stafford,QB,48.4,15.0,2014
michael crabtree,WR,49.8,45.0,2014
ryan mathews,RB,50.8,70.0,2014
jordan cameron,TE,51.0,28.0,2014
ray rice,RB,52.6,,2014
pierre thomas,RB,55.0,34.0,2014
t y hilton,WR,55.2,11.0,2014
andrew luck,QB,55.2,1.0,2014
frank gore,RB,56.3,21.0,2014
torrey smith,WR,56.4,28.0,2014
ben tate,RB,58.3,60.0,2014
chris johnson,RB,60.0,39.0,2014
tom brady,QB,61.4,7.0,2014
desean jackson,WR,61.7,23.0,2014
kendall wright,WR,61.8,40.0,2014
vernon davis,TE,62.8,36.0,2014
jeremy maclin,WR,64.3,9.0,2014
marques colston,WR,65.4,36.0,2014
bishop sankey,RB,66.1,44.0,2014
jason witten,TE,66.6,10.0,2014
matt ryan,QB,67.6,8.0,2014
wes welker,WR,69.1,70.0,2014
danny woodhead,RB,70.0,113.0,2014
brandin cooks,WR,72.8,55.0,2014
maurice jones drew,RB,73.0,91.0,2014
trent richardson,RB,73.2,36.0,2014
kyle rudolph,TE,73.2,39.0,2014
golden tate,WR,73.4,12.0,2014
nick foles,QB,73.9,29.0,2014
mike wallace,WR,76.1,20.0,2014
darren sproles,RB,77.6,25.0,2014
reggie wayne,WR,79.9,49.0,2014
fred jackson,RB,80.9,18.0,2014
jordan reed,TE,81.4,22.0,2014
jay cutler,QB,81.8,14.0,2014
eric decker,WR,83.3,25.0,2014
kelvin benjamin,WR,83.7,15.0,2014
tony romo,QB,85.5,9.0,2014
knowshon moreno,RB,85.7,97.0,2014
terrance williams,WR,86.4,51.0,2014
steven jackson,RB,86.9,28.0,2014
lamar miller,RB,87.7,9.0,2014
greg olsen,TE,88.2,4.0,2014
dennis pitta,TE,91.4,57.0,2014
carlos hyde,RB,91.5,60.0,2014
bernard pierce,RB,94.5,79.0,2014
cam newton,QB,94.5,17.0,2014
justin hunter,WR,95.0,79.0,2014
jeremy hill,RB,96.2,10.0,2014
zach ertz,TE,97.5,14.0,2014
mike evans,WR,99.4,13.0,2014
mark ingram,RB,99.5,14.0,2014
rueben randle,WR,100.9,31.0,2014
riley cooper,WR,100.9,59.0,2014
stevan ridley,RB,101.6,78.0,2014
philip rivers,QB,102.3,12.0,2014
devonta freeman,RB,102.9,50.0,2014
colin kaepernick,QB,103.6,16.0,2014
sammy watkins,WR,104.9,26.0,2014
russell wilson,QB,106.1,6.0,2014
dwayne bowe,WR,108.2,56.0,2014
deandre hopkins,WR,109.0,14.0,2014
robert griffin,QB,109.9,36.0,2014
terrance west,RB,110.0,41.0,2014
danny amendola,WR,113.0,103.0,2014
andre williams,RB,113.4,27.0,2014
hakeem nicks,WR,115.0,73.0,2014
anquan boldin,WR,115.3,19.0,2014
deangelo williams,RB,116.4,88.0,2014
martellus bennett,TE,117.4,5.0,2014
darren mcfadden,RB,118.8,35.0,2014
markus wheaton,WR,119.0,58.0,2014
steve smith,WR,121.0,18.0,2014
jordan matthews,WR,121.4,,2014
andy dalton,QB,122.6,18.0,2014
cecil shorts,WR,124.2,61.0,2014
ahmad bradshaw,RB,124.8,22.0,2014
jarrett boykin,WR,127.0,169.0,2014
ben roethlisberger,QB,128.4,5.0,2014
khiry robinson,RB,129.4,66.0,2014
charles clay,TE,130.1,16.0,2014
kenny britt,WR,132.7,53.0,2014
lance dunbar,RB,133.1,81.0,2014
greg jennings,WR,133.2,41.0,2014
carson palmer,QB,133.7,31.0,2014
brian hartline,WR,136.4,76.0,2014
ladarius green,TE,137.1,53.0,2014
kenny stills,WR,137.5,38.0,2014
andrew hawkins,WR,137.8,47.0,2014
legarrette blount,RB,138.1,45.0,2014
heath miller,TE,138.1,13.0,2014
shonn greene,RB,139.1,77.0,2014
chris ivory,RB,142.4,23.0,2014
jonathan stewart,RB,143.3,24.0,2014
marqise lee,WR,143.6,85.0,2014
tavon austin,WR,145.5,83.0,2014
travis kelce,TE,146.2,7.0,2014
ryan tannehill,QB,147.6,10.0,2014
dexter mccluster,RB,148.8,,2014
christine michael,RB,151.3,103.0,2014
knile davis,RB,151.4,37.0,2014
aaron dobson,WR,151.7,166.0,2014
cody latimer,WR,151.8,171.0,2014
josh mccown,QB,153.4,28.0,2014
antonio gates,TE,154.1,3.0,2014
tim wright,TE,154.7,,2014
benny cunningham,RB,154.9,32.0,2014
james white,RB,154.9,115.0,2014
eric ebron,TE,156.0,41.0,2014
james starks,RB,157.2,58.0,2014
ronnie hillman,RB,157.5,43.0,2014
james jones,WR,158.4,37.0,2014
kenbrell thompkins,WR,158.6,107.0,2014
doug baldwin,WR,160.5,42.0,2014
miles austin,WR,161.5,65.0,2014
joe flacco,QB,161.5,13.0,2014
adrian peterson,RB,1.8,2.0,2015
antonio brown,WR,2.5,1.0,2015
leveon bell,RB,3.1,,2015
eddie lacy,RB,4.0,32.0,2015
jamaal charles,RB,4.5,51.0,2015
julio jones,WR,6.2,2.0,2015
dez bryant,WR,7.6,81.0,2015
marshawn lynch,RB,8.6,60.0,2015
demaryius thomas,WR,9.1,9.0,2015
rob gronkowski,TE,10.3,1.0,2015
cj anderson,RB,10.7,,2015
odell beckham,WR,11.4,5.0,2015
calvin johnson,WR,13.1,12.0,2015
matt forte,RB,13.7,7.0,2015
jeremy hill,RB,14.4,20.0,2015
randall cobb,WR,15.9,25.0,2015
a j green,WR,16.7,8.0,2015
andrew luck,QB,16.9,28.0,2015
demarco murray,RB,17.6,15.0,2015
justin forsett,RB,19.3,41.0,2015
brandin cooks,WR,20.6,14.0,2015
lamar miller,RB,22.3,5.0,2015
t y hilton,WR,22.8,22.0,2015
jordan matthews,WR,24.4,,2015
lesean mccoy,RB,24.4,19.0,2015
alshon jeffery,WR,26.1,41.0,2015
aaron rodgers,QB,27.1,8.0,2015
frank gore,RB,27.7,14.0,2015
deandre hopkins,WR,28.7,4.0,2015
mike evans,WR,30.0,21.0,2015
mark ingram,RB,31.0,12.0,2015
emmanuel sanders,WR,31.9,17.0,2015
latavius murray,RB,33.2,10.0,2015
jimmy graham,TE,33.5,21.0,2015
davante adams,WR,34.6,67.0,2015
jarvis landry,WR,36.6,11.0,2015
arian foster,RB,37.5,62.0,2015
andre johnson,WR,37.7,57.0,2015
doug martin,RB,38.0,4.0,2015
jeremy maclin,WR,38.8,15.0,2015
amari cooper,WR,40.8,20.0,2015
ameer abdullah,RB,41.5,44.0,2015
julian edelman,WR,41.9,34.0,2015
golden tate,WR,43.5,22.0,2015
andre ellington,RB,43.7,64.0,2015
carlos hyde,RB,44.7,58.0,2015
greg olsen,TE,45.1,6.0,2015
chris ivory,RB,47.6,11.0,2015
alfred morris,RB,48.2,52.0,2015
keenan allen,WR,48.7,40.0,2015
brandon marshall,WR,50.5,3.0,2015
travis kelce,TE,50.6,9.0,2015
melvin gordon,RB,51.8,45.0,2015
jonathan stewart,RB,53.0,23.0,2015
allen robinson,WR,53.5,6.0,2015
peyton manning,QB,54.9,35.0,2015
joseph randle,RB,56.6,65.0,2015
nelson agholor,WR,56.6,101.0,2015
drew brees,QB,56.8,6.0,2015
c j spiller,RB,57.9,59.0,2015
todd gurley,RB,60.2,9.0,2015
martellus bennett,TE,60.3,23.0,2015
charles johnson,WR,61.6,,2015
sammy watkins,WR,62.5,19.0,2015
tj yeldon,RB,63.1,,2015
ben roethlisberger,QB,63.8,22.0,2015
john brown,WR,64.3,24.0,2015
tom brady,QB,67.0,2.0,2015
martavis bryant,WR,67.2,38.0,2015
legarrette blount,RB,68.5,40.0,2015
russell wilson,QB,68.7,3.0,2015
danny woodhead,RB,69.0,3.0,2015
vincent jackson,WR,70.1,66.0,2015
steve smith,WR,72.1,52.0,2015
desean jackson,WR,74.0,65.0,2015
giovani bernard,RB,75.5,17.0,2015
jordan cameron,TE,76.9,28.0,2015
shane vereen,RB,77.9,26.0,2015
matt ryan,QB,78.2,19.0,2015
ryan mathews,RB,78.9,36.0,2015
joique bell,RB,80.5,50.0,2015
tony romo,QB,80.8,42.0,2015
rashad jennings,RB,81.7,22.0,2015
sam bradford,QB,82.1,23.0,2015
jason witten,TE,83.7,11.0,2015
larry fitzgerald,WR,84.1,7.0,2015
eddie royal,WR,84.6,93.0,2015
darren mcfadden,RB,84.6,13.0,2015
alfred blue,RB,86.4,47.0,2015
kendall wright,WR,88.0,74.0,2015
tevin coleman,RB,88.9,75.0,2015
ryan tannehill,QB,89.1,16.0,2015
owen daniels,TE,89.7,22.0,2015
mike wallace,WR,89.9,73.0,2015
victor cruz,WR,91.3,,2015
markus wheaton,WR,94.1,46.0,2015
matthew stafford,QB,94.6,9.0,2015
isaiah crowell,RB,95.4,33.0,2015
tyler eifert,TE,95.5,8.0,2015
devin funchess,WR,96.1,63.0,2015
devonta freeman,RB,96.2,1.0,2015
anquan boldin,WR,97.3,39.0,2015
delanie walker,TE,98.0,3.0,2015
bishop sankey,RB,100.2,71.0,2015
steve johnson,WR,101.3,59.0,2015
duke johnson,RB,101.8,24.0,2015
eric decker,WR,105.3,13.0,2015
eli manning,QB,105.9,7.0,2015
darren sproles,RB,106.4,29.0,2015
brian quick,WR,106.8,153.0,2015
tre mason,RB,109.0,73.0,2015
roddy white,WR,109.0,72.0,2015
devante parker,WR,109.5,78.0,2015
kyle rudolph,TE,110.5,16.0,2015
terrance williams,WR,112.4,43.0,2015
philip rivers,QB,113.3,12.0,2015
ronnie hillman,RB,114.0,25.0,2015
david johnson,RB,118.0,8.0,2015
marques colston,WR,118.3,55.0,2015
cam newton,QB,119.1,1.0,2015
pierre garcon,WR,119.3,30.0,2015
knile davis,RB,121.2,110.0,2015
teddy bridgewater,QB,122.5,24.0,2015
brandon coleman,WR,123.6,84.0,2015
matt jones,RB,124.4,41.0,2015
michael floyd,WR,126.2,37.0,2015
zach ertz,TE,126.2,10.0,2015
carson palmer,QB,128.4,5.0,2015
deangelo williams,RB,129.1,6.0,2015
reggie bush,RB,129.5,122.0,2015
ty montgomery,WR,129.5,121.0,2015
david cobb,RB,130.4,105.0,2015
julius thomas,TE,130.5,19.0,2015
torrey smith,WR,130.6,53.0,2015
marvin jones,WR,133.9,35.0,2015
michael crabtree,WR,135.6,16.0,2015
brandon lafell,WR,139.6,80.0,2015
tyler lockett,WR,140.2,42.0,2015
antonio gates,TE,140.4,13.0,2015
roy helu,RB,142.7,98.0,2015
dwayne allen,TE,145.1,59.0,2015
breshad perriman,WR,145.4,,2015
cameron artis payne,RB,145.8,87.0,2015
joe flacco,QB,146.0,26.0,2015
dorial green beckham,WR,147.0,60.0,2015
colin kaepernick,QB,147.5,31.0,2015
rueben randle,WR,147.7,32.0,2015
doug baldwin,WR,148.4,10.0,2015
christine michael,RB,148.8,96.0,2015
fred jackson,RB,149.9,61.0,2015
vernon davis,TE,150.3,34.0,2015
charles sims,RB,150.3,16.0,2015
jonas gray,RB,150.9,91.0,2015
richard rodgers,TE,151.6,12.0,2015
james jones,WR,153.9,29.0,2015
allen hurns,WR,153.9,18.0,2015
phillip dorsett,WR,153.9,110.0,2015
denard robinson,RB,154.2,68.0,2015
tyrod taylor,QB,154.5,15.0,2015
andre williams,RB,154.8,90.0,2015
jay cutler,QB,155.7,20.0,2015
josh hill,TE,156.5,48.0,2015
james starks,RB,156.5,21.0,2015
khiry robinson,RB,156.8,67.0,2015
jordan reed,TE,158.4,2.0,2015
austin seferian jenkins,TE,158.8,33.0,2015
percy harvin,WR,160.6,109.0,2015
cody latimer,WR,161.0,156.0,2015
kenny stills,WR,162.0,82.0,2015
marcus mariota,QB,162.6,21.0,2015
jeff janis,WR,163.1,170.0,2015
derek carr,QB,163.2,13.0,2015
antonio brown,WR,1.2,1.0,2016
julio jones,WR,2.8,6.0,2016
odell beckham,WR,3.4,4.0,2016
david johnson,RB,3.4,1.0,2016
todd gurley,RB,6.3,15.0,2016
a j green,WR,6.4,34.0,2016
deandre hopkins,WR,6.4,27.0,2016
ezekiel elliott,RB,8.3,2.0,2016
allen robinson,WR,9.2,28.0,2016
lamar miller,RB,9.8,19.0,2016
adrian peterson,RB,10.7,112.0,2016
leveon bell,RB,12.3,,2016
brandon marshall,WR,13.0,48.0,2016
keenan allen,WR,13.8,163.0,2016
rob gronkowski,TE,14.2,27.0,2016
mike evans,WR,15.7,3.0,2016
dez bryant,WR,16.4,38.0,2016
jordy nelson,WR,17.3,2.0,2016
devonta freeman,RB,19.2,6.0,2016
jamaal charles,RB,19.4,109.0,2016
amari cooper,WR,20.1,15.0,2016
lesean mccoy,RB,22.0,5.0,2016
alshon jeffery,WR,22.1,54.0,2016
brandin cooks,WR,23.3,10.0,2016
eddie lacy,RB,24.0,73.0,2016
mark ingram,RB,25.5,8.0,2016
jarvis landry,WR,26.9,13.0,2016
sammy watkins,WR,28.3,89.0,2016
t y hilton,WR,29.4,5.0,2016
demaryius thomas,WR,29.7,15.0,2016
doug martin,RB,30.8,55.0,2016
randall cobb,WR,31.5,53.0,2016
cj anderson,RB,33.2,,2016
cam newton,QB,34.5,19.0,2016
jordan reed,TE,35.1,10.0,2016
julian edelman,WR,35.1,14.0,2016
latavius murray,RB,35.8,13.0,2016
jeremy maclin,WR,37.3,70.0,2016
donte moncrief,WR,38.4,75.0,2016
aaron rodgers,QB,38.7,1.0,2016
kelvin benjamin,WR,39.2,25.0,2016
demarco murray,RB,40.3,4.0,2016
thomas rawls,RB,41.0,61.0,2016
matt forte,RB,43.1,21.0,2016
golden tate,WR,43.6,17.0,2016
eric decker,WR,44.9,118.0,2016
carlos hyde,RB,45.7,18.0,2016
jeremy langford,RB,47.1,59.0,2016
greg olsen,TE,48.4,3.0,2016
doug baldwin,WR,48.8,8.0,2016
jeremy hill,RB,49.1,22.0,2016
josh gordon,WR,49.8,,2016
michael floyd,WR,52.3,68.0,2016
russell wilson,QB,53.2,13.0,2016
melvin gordon,RB,53.7,7.0,2016
danny woodhead,RB,53.7,92.0,2016
marvin jones,WR,56.2,43.0,2016
arian foster,RB,57.4,98.0,2016
giovani bernard,RB,57.7,40.0,2016
andrew luck,QB,58.3,4.0,2016
larry fitzgerald,WR,60.2,11.0,2016
ryan mathews,RB,60.4,32.0,2016
drew brees,QB,61.1,3.0,2016
jonathan stewart,RB,62.8,27.0,2016
delanie walker,TE,64.0,5.0,2016
jordan matthews,WR,64.2,,2016
travis kelce,TE,64.3,1.0,2016
allen hurns,WR,65.5,77.0,2016
duke johnson,RB,66.9,31.0,2016
tom brady,QB,68.5,14.0,2016
deangelo williams,RB,69.1,49.0,2016
emmanuel sanders,WR,70.6,20.0,2016
ben roethlisberger,QB,72.0,15.0,2016
coby fleener,TE,72.7,16.0,2016
tyler lockett,WR,73.4,64.0,2016
frank gore,RB,73.8,12.0,2016
rashad jennings,RB,74.9,35.0,2016
john brown,WR,78.3,73.0,2016
matt jones,RB,78.4,57.0,2016
derrick henry,RB,78.5,45.0,2016
michael crabtree,WR,78.6,12.0,2016
gary barnidge,TE,79.6,20.0,2016
desean jackson,WR,81.9,39.0,2016
ameer abdullah,RB,82.1,93.0,2016
carson palmer,QB,83.8,18.0,2016
chris ivory,RB,84.1,48.0,2016
sterling shepard,WR,84.7,37.0,2016
blake bortles,QB,86.1,9.0,2016
charles sims,RB,87.2,63.0,2016
zach ertz,TE,88.2,6.0,2016
justin forsett,RB,90.7,65.0,2016
james white,RB,90.9,26.0,2016
legarrette blount,RB,91.6,9.0,2016
devante parker,WR,91.7,49.0,2016
willie snead,WR,92.1,30.0,2016
eli manning,QB,93.3,20.0,2016
tj yeldon,RB,93.7,,2016
philip rivers,QB,96.8,7.0,2016
kevin white,WR,97.7,120.0,2016
julius thomas,TE,98.0,33.0,2016
devin funchess,WR,98.5,87.0,2016
stefon diggs,WR,99.2,32.0,2016
christine michael,RB,99.6,34.0,2016
theo riddick,RB,99.8,25.0,2016
antonio gates,TE,101.7,13.0,2016
derek carr,QB,103.5,11.0,2016
travis benjamin,WR,104.2,58.0,2016
kamar aiken,WR,105.8,97.0,2016
bilal powell,RB,105.9,17.0,2016
isaiah crowell,RB,106.9,14.0,2016
tyler eifert,TE,108.4,26.0,2016
kirk cousins,QB,109.6,5.0,2016
tavon austin,WR,109.8,50.0,2016
jay ajayi,RB,111.3,11.0,2016
corey coleman,WR,112.2,82.0,2016
tyrod taylor,QB,114.3,16.0,2016
tajae sharpe,WR,115.1,72.0,2016
darren sproles,RB,116.8,24.0,2016
martellus bennett,TE,117.3,11.0,2016
matthew stafford,QB,118.6,8.0,2016
michael thomas,WR,118.7,7.0,2016
tevin coleman,RB,119.5,20.0,2016
vincent jackson,WR,119.9,130.0,2016
markus wheaton,WR,122.3,155.0,2016
jameis winston,QB,123.4,12.0,2016
steve smith,WR,124.6,40.0,2016
spencer ware,RB,125.8,16.0,2016
deandre washington,RB,126.2,56.0,2016
torrey smith,WR,127.3,99.0,2016
dion lewis,RB,130.2,69.0,2016
alfred morris,RB,130.2,76.0,2016
will fuller,WR,130.4,65.0,2016
dwayne allen,TE,131.2,24.0,2016
andy dalton,QB,132.7,17.0,2016
mohamed sanu,WR,134.1,50.0,2016
marcus mariota,QB,136.3,10.0,2016
jared cook,TE,137.0,37.0,2016
tyler boyd,WR,137.6,62.0,2016
rishard matthews,WR,138.3,19.0,2016
devontae booker,RB,140.9,29.0,2016
chris hogan,WR,142.6,60.0,2016
jimmy graham,TE,144.3,4.0,2016
dak prescott,QB,144.8,6.0,2016
matt ryan,QB,146.5,2.0,2016
jerick mckinnon,RB,148.8,30.0,2016
phillip dorsett,WR,148.9,78.0,2016
shane vereen,RB,149.9,74.0,2016
ryan fitzpatrick,QB,151.1,29.0,2016
kenny stills,WR,151.2,45.0,2016
jason witten,TE,151.2,12.0,2016
mike wallace,WR,153.2,24.0,2016
ted ginn,WR,153.5,46.0,2016
james starks,RB,154.9,67.0,2016
chris thompson,RB,155.2,28.0,2016
sammie coates,WR,156.1,92.0,2016
zach miller,TE,157.4,21.0,2016
ryan tannehill,QB,157.4,26.0,2016
terrelle pryor,WR,157.7,21.0,2016
terrance west,RB,158.5,23.0,2016
robert griffin,QB,159.3,35.0,2016
dorial green beckham,WR,159.3,85.0,2016
chris johnson,RB,159.4,106.0,2016
brock osweiler,QB,163.3,28.0,2016
david johnson,RB,1.3,105.0,2017
leveon bell,RB,2.3,,2017
antonio brown,WR,3.7,2.0,2017
julio jones,WR,5.7,7.0,2017
ezekiel elliott,RB,6.2,12.0,2017
odell beckham,WR,6.4,84.0,2017
devonta freeman,RB,7.0,13.0,2017
lesean mccoy,RB,7.8,7.0,2017
mike evans,WR,7.9,17.0,2017
a j green,WR,10.0,10.0,2017
melvin gordon,RB,10.1,5.0,2017
jordy nelson,WR,11.4,46.0,2017
michael thomas,WR,13.3,6.0,2017
jay ajayi,RB,13.8,35.0,2017
demarco murray,RB,15.2,21.0,2017
jordan howard,RB,16.8,14.0,2017
brandin cooks,WR,17.1,15.0,2017
rob gronkowski,TE,18.1,2.0,2017
kareem hunt,RB,18.7,4.0,2017
todd gurley,RB,19.4,1.0,2017
dez bryant,WR,20.5,23.0,2017
amari cooper,WR,21.3,35.0,2017
doug baldwin,WR,22.4,14.0,2017
christian mccaffrey,RB,22.9,9.0,2017
aaron rodgers,QB,23.4,28.0,2017
keenan allen,WR,25.8,3.0,2017
leonard fournette,RB,27.0,10.0,2017
dalvin cook,RB,27.5,71.0,2017
t y hilton,WR,28.8,27.0,2017
tom brady,QB,29.6,2.0,2017
isaiah crowell,RB,29.8,33.0,2017
terrelle pryor,WR,30.2,105.0,2017
deandre hopkins,WR,31.7,1.0,2017
ty montgomery,RB,32.6,,2017
demaryius thomas,WR,34.5,16.0,2017
carlos hyde,RB,35.2,8.0,2017
lamar miller,RB,35.2,16.0,2017
marshawn lynch,RB,36.4,23.0,2017
kelvin benjamin,WR,38.6,48.0,2017
travis kelce,TE,38.9,1.0,2017
alshon jeffery,WR,39.1,22.0,2017
martavis bryant,WR,40.9,50.0,2017
drew brees,QB,41.7,12.0,2017
joe mixon,RB,42.5,31.0,2017
michael crabtree,WR,43.7,31.0,2017
davante adams,WR,44.9,13.0,2017
tyreek hill,WR,45.5,9.0,2017
golden tate,WR,47.8,12.0,2017
larry fitzgerald,WR,48.4,5.0,2017
bilal powell,RB,48.6,30.0,2017
doug martin,RB,49.0,64.0,2017
cj anderson,RB,51.4,,2017
greg olsen,TE,51.5,51.0,2017
devante parker,WR,51.9,51.0,2017
ameer abdullah,RB,53.0,40.0,2017
jordan reed,TE,54.1,36.0,2017
stefon diggs,WR,54.8,19.0,2017
matt ryan,QB,56.4,15.0,2017
allen robinson,WR,57.0,188.0,2017
jimmy graham,TE,57.6,7.0,2017
mark ingram,RB,57.6,6.0,2017
jamison crowder,WR,61.2,32.0,2017
danny woodhead,RB,61.7,75.0,2017
jarvis landry,WR,64.0,4.0,2017
russell wilson,QB,64.3,1.0,2017
brandon marshall,WR,65.2,124.0,2017
mike gillislee,RB,65.3,69.0,2017
pierre garcon,WR,66.4,76.0,2017
rob kelley,RB,67.0,82.0,2017
adrian peterson,RB,69.9,61.0,2017
sammy watkins,WR,70.0,40.0,2017
tyler eifert,TE,70.4,91.0,2017
zach ertz,TE,72.8,3.0,2017
tevin coleman,RB,73.2,22.0,2017
emmanuel sanders,WR,73.9,60.0,2017
derek carr,QB,74.2,18.0,2017
darren mcfadden,RB,75.3,142.0,2017
chris hogan,WR,76.5,63.0,2017
marcus mariota,QB,76.8,21.0,2017
derrick henry,RB,77.9,37.0,2017
delanie walker,TE,79.9,4.0,2017
jameis winston,QB,82.4,19.0,2017
theo riddick,RB,83.0,26.0,2017
paul perkins,RB,83.4,93.0,2017
jeremy maclin,WR,83.4,66.0,2017
kyle rudolph,TE,83.6,8.0,2017
willie snead,WR,83.8,145.0,2017
frank gore,RB,86.1,20.0,2017
kirk cousins,QB,86.3,7.0,2017
terrance west,RB,86.8,89.0,2017
martellus bennett,TE,87.6,39.0,2017
eric decker,WR,88.7,58.0,2017
cam newton,QB,89.9,5.0,2017
desean jackson,WR,90.4,45.0,2017
legarrette blount,RB,91.9,45.0,2017
randall cobb,WR,92.2,36.0,2017
duke johnson,RB,94.2,11.0,2017
tyrell williams,WR,95.0,43.0,2017
thomas rawls,RB,95.7,86.0,2017
jacquizz rodgers,RB,95.9,77.0,2017
corey coleman,WR,96.4,91.0,2017
adam thielen,WR,98.6,8.0,2017
andrew luck,QB,100.3,,2017
ben roethlisberger,QB,101.0,10.0,2017
jonathan stewart,RB,101.4,41.0,2017
james white,RB,102.7,38.0,2017
donte moncrief,WR,105.7,81.0,2017
hunter henry,TE,106.1,14.0,2017
marvin jones,WR,106.3,11.0,2017
eddie lacy,RB,106.6,90.0,2017
john brown,WR,108.6,88.0,2017
philip rivers,QB,108.7,8.0,2017
corey davis,WR,110.9,85.0,2017
dak prescott,QB,112.8,11.0,2017
rex burkhead,RB,113.4,39.0,2017
jamaal williams,RB,114.3,34.0,2017
rishard matthews,WR,116.0,37.0,2017
darren sproles,RB,116.3,95.0,2017
matthew stafford,QB,116.5,6.0,2017
ted ginn,WR,116.9,34.0,2017
jordan matthews,WR,117.5,,2017
cooper kupp,WR,121.3,25.0,2017
zay jones,WR,122.0,86.0,2017
jamaal charles,RB,123.3,68.0,2017
eric ebron,TE,124.0,13.0,2017
mike wallace,WR,125.9,38.0,2017
andy dalton,QB,126.5,16.0,2017
samaje perine,RB,126.8,43.0,2017
kevin white,WR,127.0,189.0,2017
cj prosise,RB,129.4,,2017
danny amendola,WR,132.2,44.0,2017
carson wentz,QB,132.3,4.0,2017
matt forte,RB,132.6,42.0,2017
jack doyle,TE,132.6,6.0,2017
jeremy hill,RB,134.5,99.0,2017
kenny britt,WR,136.2,100.0,2017
cole beasley,WR,136.2,74.0,2017
eli manning,QB,137.1,23.0,2017
alvin kamara,RB,140.0,3.0,2017
marlon mack,RB,141.3,48.0,2017
carson palmer,QB,142.3,32.0,2017
robbie chosen,WR,143.4,18.0,2017
wendell smallwood,RB,146.1,78.0,2017
austin hooper,TE,146.6,17.0,2017
kendall wright,WR,148.4,52.0,2017
chris carson,RB,149.7,84.0,2017
jason witten,TE,150.5,9.0,2017
taylor gabriel,WR,151.4,79.0,2017
kenny golladay,WR,151.6,70.0,2017
coby fleener,TE,152.3,34.0,2017
sterling shepard,WR,152.3,42.0,2017
o j howard,TE,152.7,20.0,2017
latavius murray,RB,154.4,25.0,2017
deandre washington,RB,155.2,58.0,2017
dion lewis,RB,155.9,15.0,2017
jay cutler,QB,155.9,27.0,2017
tyler lockett,WR,156.1,57.0,2017
jonathan williams,RB,156.1,,2017
d onta foreman,RB,157.0,73.0,2017
giovani bernard,RB,159.6,28.0,2017
charcandrick west,RB,160.7,66.0,2017
tyrod taylor,QB,162.4,17.0,2017
mohamed sanu,WR,162.9,28.0,2017
todd gurley,RB,1.5,3.0,2018
david johnson,RB,2.8,9.0,2018
leveon bell,RB,3.0,,2018
antonio brown,WR,4.7,5.0,2018
ezekiel elliott,RB,5.3,5.0,2018
alvin kamara,RB,6.1,4.0,2018
saquon barkley,RB,6.5,2.0,2018
deandre hopkins,WR,8.8,1.0,2018
melvin gordon,RB,9.1,8.0,2018
leonard fournette,RB,9.4,41.0,2018
odell beckham,WR,11.2,15.0,2018
kareem hunt,RB,11.4,12.0,2018
christian mccaffrey,RB,12.7,1.0,2018
julio jones,WR,14.2,2.0,2018
dalvin cook,RB,15.6,30.0,2018
michael thomas,WR,16.0,6.0,2018
keenan allen,WR,17.2,12.0,2018
davante adams,WR,18.2,4.0,2018
devonta freeman,RB,19.1,99.0,2018
jordan howard,RB,20.0,20.0,2018
rob gronkowski,TE,21.0,11.0,2018
a j green,WR,21.3,42.0,2018
joe mixon,RB,23.3,10.0,2018
tyreek hill,WR,23.7,3.0,2018
mike evans,WR,25.5,9.0,2018
stefon diggs,WR,26.0,11.0,2018
t y hilton,WR,27.4,14.0,2018
travis kelce,TE,28.5,1.0,2018
royce freeman,RB,29.0,46.0,2018
lesean mccoy,RB,29.9,39.0,2018
aaron rodgers,QB,31.4,9.0,2018
amari cooper,WR,31.4,18.0,2018
alex collins,RB,31.5,44.0,2018
kenyan drake,RB,32.8,14.0,2018
adam thielen,WR,33.5,7.0,2018
jerick mckinnon,RB,34.3,,2018
larry fitzgerald,WR,34.9,25.0,2018
doug baldwin,WR,37.6,46.0,2018
lamar miller,RB,38.0,23.0,2018
zach ertz,TE,39.1,2.0,2018
jarvis landry,WR,39.4,19.0,2018
juju smith schuster,WR,41.2,8.0,2018
chris hogan,WR,42.1,70.0,2018
derrick henry,RB,42.1,16.0,2018
josh gordon,WR,44.1,48.0,2018
mark ingram,RB,45.9,32.0,2018
deshaun watson,QB,46.5,5.0,2018
jay ajayi,RB,46.6,82.0,2018
golden tate,WR,46.7,30.0,2018
demaryius thomas,WR,47.0,38.0,2018
marquise goodwin,WR,48.9,84.0,2018
jimmy graham,TE,49.3,12.0,2018
tom brady,QB,50.3,11.0,2018
brandin cooks,WR,52.5,13.0,2018
marshawn lynch,RB,52.6,64.0,2018
carlos hyde,RB,53.9,49.0,2018
allen robinson,WR,55.2,39.0,2018
dion lewis,RB,55.5,27.0,2018
greg olsen,TE,57.5,25.0,2018
emmanuel sanders,WR,57.6,23.0,2018
jamaal williams,RB,59.7,45.0,2018
russell wilson,QB,61.0,7.0,2018
corey davis,WR,61.1,29.0,2018
marvin jones,WR,62.3,62.0,2018
kerryon johnson,RB,62.5,33.0,2018
rex burkhead,RB,64.0,78.0,2018
trey burton,TE,64.6,8.0,2018
julian edelman,WR,65.5,21.0,2018
chris carson,RB,66.7,15.0,2018
drew brees,QB,66.9,8.0,2018
peyton barber,RB,69.0,31.0,2018
michael crabtree,WR,70.4,55.0,2018
evan engram,TE,70.5,13.0,2018
cam newton,QB,71.0,14.0,2018
will fuller,WR,73.0,69.0,2018
chris thompson,RB,74.1,55.0,2018
kyle rudolph,TE,76.1,7.0,2018
tevin coleman,RB,76.5,18.0,2018
delanie walker,TE,77.6,97.0,2018
cooper kupp,WR,77.8,51.0,2018
jamison crowder,WR,79.5,86.0,2018
adrian peterson,RB,81.1,19.0,2018
kirk cousins,QB,81.7,10.0,2018
alshon jeffery,WR,82.8,26.0,2018
sony michel,RB,83.5,34.0,2018
carson wentz,QB,84.5,21.0,2018
robbie chosen,WR,84.8,37.0,2018
tarik cohen,RB,85.2,11.0,2018
rashaad penny,RB,87.1,67.0,2018
devin funchess,WR,87.4,59.0,2018
andrew luck,QB,87.6,4.0,2018
jordan reed,TE,88.3,14.0,2018
isaiah crowell,RB,89.6,35.0,2018
randall cobb,WR,90.9,83.0,2018
nelson agholor,WR,92.8,34.0,2018
duke johnson,RB,93.5,38.0,2018
sammy watkins,WR,93.8,63.0,2018
marlon mack,RB,94.3,21.0,2018
jimmy garoppolo,QB,96.7,39.0,2018
aaron jones,RB,97.7,24.0,2018
jordy nelson,WR,98.2,40.0,2018
david njoku,TE,98.4,9.0,2018
james white,RB,99.5,7.0,2018
matthew stafford,QB,100.3,19.0,2018
mike williams,WR,102.7,32.0,2018
robert woods,WR,103.7,10.0,2018
sterling shepard,WR,106.1,31.0,2018
philip rivers,QB,107.3,12.0,2018
matt ryan,QB,108.1,2.0,2018
kenny stills,WR,108.1,52.0,2018
pierre garcon,WR,108.2,111.0,2018
ronald jones,RB,111.4,90.0,2018
kelvin benjamin,WR,113.1,97.0,2018
keelan cole,WR,113.9,80.0,2018
bilal powell,RB,114.3,72.0,2018
ben roethlisberger,QB,114.5,3.0,2018
jack doyle,TE,116.1,34.0,2018
patrick mahomes,QB,118.1,1.0,2018
calvin ridley,WR,119.3,20.0,2018
alfred morris,RB,119.8,68.0,2018
latavius murray,RB,123.1,37.0,2018
cj anderson,RB,123.3,,2018
john brown,WR,123.4,45.0,2018
jared goff,QB,123.9,6.0,2018
matt breida,RB,125.6,26.0,2018
nick chubb,RB,126.4,17.0,2018
allen hurns,WR,127.6,104.0,2018
corey clement,RB,128.4,63.0,2018
michael gallup,WR,129.2,78.0,2018
ty montgomery,RB,129.2,,2018
dj moore,WR,129.8,36.0,2018
tyler lockett,WR,131.1,17.0,2018
kenny golladay,WR,131.9,22.0,2018
george kittle,TE,133.0,3.0,2018
alex smith,QB,134.5,32.0,2018
marcus mariota,QB,136.0,27.0,2018
chris godwin,WR,138.4,27.0,2018
giovani bernard,RB,140.9,52.0,2018
derek carr,QB,141.1,18.0,2018
anthony miller,WR,141.5,60.0,2018
geronimo allison,WR,142.2,101.0,2018
jordan wilkins,RB,143.1,70.0,2018
cameron meredith,WR,145.0,145.0,2018
tyler eifert,TE,147.0,55.0,2018
o j howard,TE,151.3,15.0,2018
jameis winston,QB,151.7,22.0,2018
john ross,WR,152.0,85.0,2018
dede westbrook,WR,152.7,33.0,2018
austin hooper,TE,152.9,6.0,2018
legarrette blount,RB,153.9,59.0,2018
ricky seals jones,TE,154.1,27.0,2018
devante parker,WR,154.8,105.0,2018
devontae booker,RB,155.6,57.0,2018
eric ebron,TE,156.0,4.0,2018
tyrod taylor,QB,156.8,42.0,2018
james conner,RB,157.1,6.0,2018
eli manning,QB,157.2,17.0,2018
danny amendola,WR,157.6,57.0,2018
dak prescott,QB,158.6,13.0,2018
doug martin,RB,158.6,40.0,2018
theo riddick,RB,159.6,43.0,2018
austin ekeler,RB,160.8,25.0,2018
josh doctson,WR,162.3,67.0,2018
courtland sutton,WR,163.1,50.0,2018
spencer ware,RB,164.3,64.0,2018
mitchell trubisky,QB,164.3,15.0,2018
case keenum,QB,165.9,20.0,2018
christian kirk,WR,166.8,58.0,2018
saquon barkley,RB,1.4,10.0,2019
alvin kamara,RB,2.5,9.0,2019
christian mccaffrey,RB,3.2,1.0,2019
ezekiel elliott,RB,3.9,3.0,2019
davante adams,WR,6.4,23.0,2019
deandre hopkins,WR,7.0,5.0,2019
james conner,RB,7.1,34.0,2019
david johnson,RB,7.1,36.0,2019
leveon bell,RB,8.8,,2019
julio jones,WR,10.2,2.0,2019
michael thomas,WR,10.4,1.0,2019
nick chubb,RB,11.7,8.0,2019
juju smith schuster,WR,12.9,63.0,2019
tyreek hill,WR,13.9,33.0,2019
dalvin cook,RB,14.6,6.0,2019
odell beckham,WR,15.1,25.0,2019
todd gurley,RB,16.0,14.0,2019
travis kelce,TE,17.1,1.0,2019
joe mixon,RB,18.4,13.0,2019
patrick mahomes,QB,19.3,6.0,2019
mike evans,WR,20.2,16.0,2019
antonio brown,WR,21.4,152.0,2019
adam thielen,WR,22.9,65.0,2019
leonard fournette,RB,23.2,7.0,2019
keenan allen,WR,25.0,6.0,2019
damien williams,RB,25.5,37.0,2019
chris carson,RB,26.5,12.0,2019
george kittle,TE,28.3,3.0,2019
kerryon johnson,RB,28.5,54.0,2019
aaron jones,RB,29.2,2.0,2019
devonta freeman,RB,30.4,18.0,2019
stefon diggs,WR,30.8,21.0,2019
david montgomery,RB,31.3,24.0,2019
josh jacobs,RB,33.1,21.0,2019
amari cooper,WR,33.1,10.0,2019
zach ertz,TE,33.5,4.0,2019
julian edelman,WR,36.1,7.0,2019
sony michel,RB,37.4,31.0,2019
brandin cooks,WR,39.1,61.0,2019
mark ingram,RB,39.7,11.0,2019
chris godwin,WR,39.9,2.0,2019
melvin gordon,RB,42.0,22.0,2019
robert woods,WR,42.2,14.0,2019
tyler lockett,WR,42.9,13.0,2019
derrick henry,RB,43.8,5.0,2019
cooper kupp,WR,45.2,4.0,2019
marlon mack,RB,46.5,23.0,2019
kenny golladay,WR,47.1,9.0,2019
deshaun watson,QB,47.1,4.0,2019
james white,RB,48.1,19.0,2019
t y hilton,WR,49.0,57.0,2019
tyler boyd,WR,51.5,17.0,2019
duke johnson,RB,51.7,30.0,2019
josh gordon,WR,52.1,90.0,2019
calvin ridley,WR,53.5,27.0,2019
o j howard,TE,54.1,29.0,2019
phillip lindsay,RB,55.6,20.0,2019
aaron rodgers,QB,55.7,8.0,2019
evan engram,TE,57.3,18.0,2019
tevin coleman,RB,57.7,39.0,2019
miles sanders,RB,59.0,15.0,2019
mike williams,WR,60.3,39.0,2019
austin ekeler,RB,61.7,4.0,2019
dede westbrook,WR,62.7,45.0,2019
baker mayfield,QB,63.2,22.0,2019
hunter henry,TE,63.3,9.0,2019
a j green,WR,63.8,,2019
jarvis landry,WR,64.8,12.0,2019
dj moore,WR,67.2,15.0,2019
matt ryan,QB,69.2,10.0,2019
derrius guice,RB,69.8,69.0,2019
jared cook,TE,70.6,7.0,2019
tarik cohen,RB,71.0,27.0,2019
alshon jeffery,WR,71.9,59.0,2019
drew brees,QB,73.9,21.0,2019
carson wentz,QB,74.6,7.0,2019
vance mcdonald,TE,75.1,31.0,2019
robbie chosen,WR,75.9,41.0,2019
latavius murray,RB,76.4,28.0,2019
allen robinson,WR,76.6,8.0,2019
emmanuel sanders,WR,80.6,31.0,2019
jared goff,QB,81.5,14.0,2019
will fuller,WR,81.6,53.0,2019
kenyan drake,RB,82.9,17.0,2019
tony pollard,RB,83.3,53.0,2019
david njoku,TE,83.5,86.0,2019
devin singletary,RB,83.9,33.0,2019
matt breida,RB,84.8,46.0,2019
darwin thompson,RB,86.0,85.0,2019
curtis samuel,WR,88.0,36.0,2019
russell wilson,QB,88.4,3.0,2019
christian kirk,WR,89.9,38.0,2019
lesean mccoy,RB,90.8,40.0,2019
sterling shepard,WR,92.2,49.0,2019
darrell henderson,RB,93.0,95.0,2019
cam newton,QB,94.4,48.0,2019
rashaad penny,RB,95.3,58.0,2019
austin hooper,TE,95.4,6.0,2019
sammy watkins,WR,96.1,50.0,2019
lamar jackson,QB,97.6,1.0,2019
geronimo allison,WR,98.7,88.0,2019
marquez valdes scantling,WR,100.6,84.0,2019
kareem hunt,RB,100.8,48.0,2019
james washington,WR,101.3,52.0,2019
jordan howard,RB,103.7,43.0,2019
jameis winston,QB,105.1,5.0,2019
marvin jones,WR,105.3,28.0,2019
larry fitzgerald,WR,106.5,35.0,2019
ben roethlisberger,QB,106.8,52.0,2019
royce freeman,RB,108.1,38.0,2019
dante pettis,WR,109.8,132.0,2019
corey davis,WR,110.8,64.0,2019
kyler murray,QB,110.9,11.0,2019
kalen ballage,RB,113.5,71.0,2019
michael gallup,WR,113.8,24.0,2019
tom brady,QB,114.6,12.0,2019
delanie walker,TE,115.4,44.0,2019
philip rivers,QB,116.1,17.0,2019
eric ebron,TE,117.5,28.0,2019
jaylen samuels,RB,119.0,45.0,2019
desean jackson,WR,119.4,128.0,2019
donte moncrief,WR,119.8,181.0,2019
justin jackson,RB,119.9,88.0,2019
justice hill,RB,120.7,76.0,2019
golden tate,WR,123.3,44.0,2019
t j hockenson,TE,126.1,32.0,2019
courtland sutton,WR,126.2,19.0,2019
dak prescott,QB,127.2,2.0,2019
alexander mattison,RB,127.3,60.0,2019
jamison crowder,WR,128.8,26.0,2019
kirk cousins,QB,130.7,15.0,2019
peyton barber,RB,131.3,42.0,2019
tyrell williams,WR,131.4,47.0,2019
dk metcalf,WR,131.8,30.0,2019
adrian peterson,RB,133.1,32.0,2019
anthony miller,WR,134.4,56.0,2019
john brown,WR,136.2,20.0,2019
mecole hardman,WR,137.7,61.0,2019
mitchell trubisky,QB,139.2,26.0,2019
mark andrews,TE,142.1,5.0,2019
dion lewis,RB,142.9,63.0,2019
josh allen,QB,145.8,9.0,2019
keke coutee,WR,146.2,105.0,2019
jimmy garoppolo,QB,147.5,13.0,2019
greg olsen,TE,148.9,13.0,2019
damien harris,RB,151.4,129.0,2019
deebo samuel,WR,151.8,32.0,2019
carlos hyde,RB,151.9,28.0,2019
frank gore,RB,152.3,50.0,2019
trey burton,TE,152.4,73.0,2019
n keal harry,WR,152.8,,2019
ito smith,RB,154.2,83.0,2019
kyle rudolph,TE,154.9,16.0,2019
darren waller,TE,155.8,2.0,2019
ty montgomery,RB,157.1,,2019
derek carr,QB,157.4,16.0,2019
malcolm brown,RB,157.6,68.0,2019
dare ogunbowale,RB,157.9,58.0,2019
jordan reed,TE,158.0,,2019
ronald jones,RB,158.1,25.0,2019
nyheim hines,RB,159.2,44.0,2019
cole beasley,WR,159.6,34.0,2019
mohamed sanu,WR,160.7,58.0,2019
matthew stafford,QB,160.8,29.0,2019
demaryius thomas,WR,161.4,83.0,2019
kenny stills,WR,161.5,60.0,2019
tre quan smith,WR,161.6,91.0,2019
marquise goodwin,WR,163.0,125.0,2019
sam darnold,QB,164.2,27.0,2019
adam humphries,WR,166.9,80.0,2019
christian mccaffrey,RB,1.2,54.0,2020
saquon barkley,RB,2.5,116.0,2020
ezekiel elliott,RB,3.4,9.0,2020
alvin kamara,RB,4.9,1.0,2020
michael thomas,WR,5.6,93.0,2020
clyde edwards helaire,RB,6.2,22.0,2020
dalvin cook,RB,6.2,2.0,2020
derrick henry,RB,7.4,3.0,2020
josh jacobs,RB,9.1,8.0,2020
davante adams,WR,10.4,1.0,2020
austin ekeler,RB,11.5,26.0,2020
miles sanders,RB,12.0,23.0,2020
joe mixon,RB,13.1,48.0,2020
julio jones,WR,14.4,53.0,2020
kenyan drake,RB,14.8,15.0,2020
tyreek hill,WR,15.8,2.0,2020
nick chubb,RB,16.3,11.0,2020
aaron jones,RB,17.5,5.0,2020
deandre hopkins,WR,18.5,4.0,2020
patrick mahomes,QB,18.7,3.0,2020
travis kelce,TE,19.9,1.0,2020
chris godwin,WR,21.5,31.0,2020
james conner,RB,22.4,27.0,2020
lamar jackson,QB,22.7,10.0,2020
george kittle,TE,24.4,20.0,2020
kenny golladay,WR,25.8,102.0,2020
chris carson,RB,26.4,20.0,2020
mike evans,WR,27.9,11.0,2020
david johnson,RB,28.5,21.0,2020
todd gurley,RB,29.1,29.0,2020
adam thielen,WR,30.3,10.0,2020
allen robinson,WR,31.8,9.0,2020
jonathan taylor,RB,32.6,6.0,2020
dj moore,WR,32.6,25.0,2020
leveon bell,RB,34.5,,2020
leonard fournette,RB,35.4,35.0,2020
odell beckham,WR,35.7,90.0,2020
juju smith schuster,WR,36.9,16.0,2020
amari cooper,WR,38.1,15.0,2020
melvin gordon,RB,39.4,13.0,2020
cooper kupp,WR,40.3,26.0,2020
calvin ridley,WR,40.9,5.0,2020
mark andrews,TE,42.4,7.0,2020
robert woods,WR,42.4,12.0,2020
mark ingram,RB,42.5,75.0,2020
a j brown,WR,44.4,14.0,2020
dk metcalf,WR,45.3,6.0,2020
devin singletary,RB,46.4,32.0,2020
dj chark,WR,47.5,48.0,2020
raheem mostert,RB,49.4,47.0,2020
tyler lockett,WR,49.9,8.0,2020
zach ertz,TE,50.6,35.0,2020
terry mclaurin,WR,50.8,19.0,2020
cam akers,RB,52.8,45.0,2020
kareem hunt,RB,53.1,10.0,2020
keenan allen,WR,53.5,12.0,2020
dak prescott,QB,54.7,31.0,2020
ronald jones,RB,56.5,19.0,2020
t y hilton,WR,57.5,42.0,2020
courtland sutton,WR,58.1,178.0,2020
david montgomery,RB,59.7,4.0,2020
marquise brown,WR,60.0,37.0,2020
d andre swift,RB,61.4,16.0,2020
darren waller,TE,61.6,2.0,2020
russell wilson,QB,62.0,4.0,2020
kyler murray,QB,62.6,6.0,2020
stefon diggs,WR,65.0,3.0,2020
devante parker,WR,66.7,40.0,2020
j k dobbins,RB,67.0,28.0,2020
deshaun watson,QB,69.3,5.0,2020
a j green,WR,69.8,68.0,2020
rob gronkowski,TE,70.4,9.0,2020
will fuller,WR,70.5,33.0,2020
michael gallup,WR,72.2,39.0,2020
james white,RB,72.7,42.0,2020
marlon mack,RB,74.6,126.0,2020
evan engram,TE,74.8,15.0,2020
julian edelman,WR,77.2,110.0,2020
tyler boyd,WR,78.5,30.0,2020
antonio gibson,RB,79.0,14.0,2020
hayden hurst,TE,79.4,10.0,2020
jordan howard,RB,80.0,91.0,2020
drew brees,QB,80.1,21.0,2020
brandin cooks,WR,81.5,17.0,2020
zack moss,RB,83.7,49.0,2020
phillip lindsay,RB,83.8,65.0,2020
tarik cohen,RB,84.6,108.0,2020
matt ryan,QB,84.8,13.0,2020
jarvis landry,WR,85.5,32.0,2020
tom brady,QB,88.0,7.0,2020
deebo samuel,WR,89.1,95.0,2020
diontae johnson,WR,89.4,21.0,2020
tyler higbee,TE,89.7,19.0,2020
matt breida,RB,90.5,79.0,2020
ceedee lamb,WR,93.2,24.0,2020
aaron rodgers,QB,94.3,1.0,2020
latavius murray,RB,94.9,34.0,2020
marvin jones,WR,95.1,18.0,2020
tevin coleman,RB,96.4,121.0,2020
alexander mattison,RB,96.7,56.0,2020
kerryon johnson,RB,97.2,63.0,2020
hunter henry,TE,98.0,13.0,2020
emmanuel sanders,WR,100.0,41.0,2020
chase edmonds,RB,101.1,25.0,2020
damien harris,RB,101.1,53.0,2020
josh allen,QB,101.5,2.0,2020
jamison crowder,WR,102.6,38.0,2020
henry ruggs,WR,104.5,89.0,2020
mecole hardman,WR,106.1,62.0,2020
sony michel,RB,107.4,61.0,2020
carson wentz,QB,107.9,22.0,2020
jalen reagor,WR,109.5,97.0,2020
matthew stafford,QB,111.3,15.0,2020
aj dillon,RB,111.9,83.0,2020
jerry jeudy,WR,112.3,46.0,2020
darius slayton,WR,113.2,54.0,2020
darrell henderson,RB,114.1,36.0,2020
jared cook,TE,115.2,18.0,2020
christian kirk,WR,116.9,52.0,2020
adrian peterson,RB,118.4,39.0,2020
sterling shepard,WR,118.9,44.0,2020
tony pollard,RB,119.4,41.0,2020
noah fant,TE,119.6,12.0,2020
boston scott,RB,120.1,51.0,2020
cam newton,QB,120.7,19.0,2020
justin jefferson,WR,121.5,7.0,2020
daniel jones,QB,125.4,24.0,2020
bryce love,RB,126.8,,2020
anthony miller,WR,126.9,69.0,2020
desean jackson,WR,127.1,123.0,2020
ben roethlisberger,QB,129.5,14.0,2020
preston williams,WR,130.9,98.0,2020
duke johnson,RB,131.0,55.0,2020
allen lazard,WR,131.0,80.0,2020
ke shawn vaughn,RB,134.4,96.0,2020
ryquell armstead,RB,135.3,,2020
joe burrow,QB,135.7,25.0,2020
brandon aiyuk,WR,135.9,35.0,2020
austin hooper,TE,136.7,22.0,2020
justin jackson,RB,137.6,68.0,2020
nyheim hines,RB,139.9,18.0,2020
sammy watkins,WR,140.5,88.0,2020
t j hockenson,TE,143.1,5.0,2020
baker mayfield,QB,144.7,16.0,2020
golden tate,WR,145.3,91.0,2020
mike gesicki,TE,146.5,8.0,2020
jared goff,QB,147.2,18.0,2020
john brown,WR,149.1,83.0,2020
chris thompson,RB,149.6,81.0,2020
michael pittman,WR,151.7,79.0,2020
darrel williams,RB,152.3,76.0,2020
jerick mckinnon,RB,152.3,38.0,2020
benny snell,RB,152.9,60.0,2020
breshad perriman,WR,153.0,77.0,2020
jonnu smith,TE,153.6,17.0,2020
jack doyle,TE,153.7,41.0,2020
chris herndon,TE,153.9,32.0,2020
blake jarwin,TE,154.4,107.0,2020
joshua kelley,RB,154.5,58.0,2020
lesean mccoy,RB,156.0,94.0,2020
ryan tannehill,QB,156.4,8.0,2020
carlos hyde,RB,156.5,59.0,2020
jimmy garoppolo,QB,157.2,38.0,2020
parris campbell,WR,158.4,165.0,2020
n keal harry,WR,159.0,,2020
gardner minshew,QB,159.2,26.0,2020
philip rivers,QB,159.6,17.0,2020
deandre washington,RB,161.4,110.0,2020
mike williams,WR,161.9,47.0,2020
drew lock,QB,162.4,23.0,2020
larry fitzgerald,WR,162.8,74.0,2020
curtis samuel,WR,163.9,23.0,2020
robbie chosen,WR,163.9,20.0,2020
bryan edwards,WR,164.2,131.0,2020
christian mccaffrey,RB,1.2,39.0,2021
dalvin cook,RB,2.5,16.0,2021
alvin kamara,RB,3.8,9.0,2021
derrick henry,RB,4.0,22.0,2021
ezekiel elliott,RB,5.3,7.0,2021
davante adams,WR,6.4,3.0,2021
aaron jones,RB,7.5,11.0,2021
travis kelce,TE,8.2,2.0,2021
austin ekeler,RB,8.5,2.0,2021
nick chubb,RB,9.9,13.0,2021
tyreek hill,WR,10.6,6.0,2021
saquon barkley,RB,12.0,30.0,2021
najee harris,RB,12.9,3.0,2021
stefon diggs,WR,13.5,7.0,2021
jonathan taylor,RB,13.8,1.0,2021
antonio gibson,RB,15.6,8.0,2021
deandre hopkins,WR,17.0,45.0,2021
calvin ridley,WR,18.0,102.0,2021
joe mixon,RB,19.2,4.0,2021
dk metcalf,WR,19.7,15.0,2021
clyde edwards helaire,RB,20.4,44.0,2021
darren waller,TE,21.5,17.0,2021
justin jefferson,WR,22.4,4.0,2021
patrick mahomes,QB,22.9,4.0,2021
a j brown,WR,24.8,33.0,2021
david montgomery,RB,25.9,20.0,2021
keenan allen,WR,25.9,11.0,2021
chris carson,RB,28.0,79.0,2021
george kittle,TE,28.5,4.0,2021
james robinson,RB,29.1,24.0,2021
ceedee lamb,WR,29.6,19.0,2021
terry mclaurin,WR,30.3,25.0,2021
allen robinson,WR,32.7,83.0,2021
d andre swift,RB,34.0,15.0,2021
josh allen,QB,34.4,1.0,2021
robert woods,WR,35.1,52.0,2021
josh jacobs,RB,35.4,12.0,2021
mike evans,WR,37.8,9.0,2021
miles sanders,RB,38.7,46.0,2021
amari cooper,WR,40.0,27.0,2021
kyle pitts,TE,40.3,6.0,2021
kyler murray,QB,41.3,10.0,2021
cooper kupp,WR,41.3,1.0,2021
mike davis,RB,43.1,34.0,2021
darrell henderson,RB,43.8,27.0,2021
diontae johnson,WR,44.9,8.0,2021
myles gaskin,RB,45.7,25.0,2021
julio jones,WR,46.0,92.0,2021
chris godwin,WR,47.2,13.0,2021
tyler lockett,WR,48.4,16.0,2021
lamar jackson,QB,50.9,16.0,2021
adam thielen,WR,52.3,28.0,2021
javonte williams,RB,52.7,17.0,2021
mark andrews,TE,52.8,1.0,2021
kareem hunt,RB,53.2,50.0,2021
brandon aiyuk,WR,53.9,35.0,2021
t j hockenson,TE,55.4,15.0,2021
damien harris,RB,55.5,14.0,2021
gus edwards,RB,56.6,,2021
dj moore,WR,57.0,17.0,2021
aaron rodgers,QB,59.0,6.0,2021
chase edmonds,RB,60.4,33.0,2021
chase claypool,WR,61.1,38.0,2021
tee higgins,WR,61.3,24.0,2021
raheem mostert,RB,63.0,142.0,2021
jerry jeudy,WR,64.1,83.0,2021
dak prescott,QB,66.7,7.0,2021
trey sermon,RB,67.7,96.0,2021
odell beckham,WR,69.0,55.0,2021
justin herbert,QB,69.3,3.0,2021
russell wilson,QB,69.4,15.0,2021
michael thomas,WR,69.5,,2021
logan thomas,TE,72.2,45.0,2021
antonio brown,WR,72.7,59.0,2021
robbie chosen,WR,75.0,49.0,2021
melvin gordon,RB,75.2,18.0,2021
michael carter,RB,76.1,29.0,2021
ja marr chase,WR,77.4,5.0,2021
devonta smith,WR,77.6,29.0,2021
tom brady,QB,77.8,2.0,2021
aj dillon,RB,79.1,23.0,2021
noah fant,TE,79.2,12.0,2021
ronald jones,RB,79.8,61.0,2021
juju smith schuster,WR,82.5,133.0,2021
kenny golladay,WR,82.8,79.0,2021
zack moss,RB,83.8,51.0,2021
matthew stafford,QB,85.0,5.0,2021
courtland sutton,WR,85.7,44.0,2021
laviska shenault,WR,85.9,56.0,2021
robert tonyan,TE,87.2,49.0,2021
corey davis,WR,89.6,69.0,2021
deebo samuel,WR,89.8,2.0,2021
leonard fournette,RB,90.1,6.0,2021
marquez callaway,WR,90.5,43.0,2021
devin singletary,RB,91.2,19.0,2021
jamaal williams,RB,92.0,43.0,2021
sony michel,RB,93.4,31.0,2021
dallas goedert,TE,93.9,9.0,2021
tyler higbee,TE,95.8,14.0,2021
ryan tannehill,QB,96.1,13.0,2021
james conner,RB,96.2,5.0,2021
tyler boyd,WR,97.3,32.0,2021
jaylen waddle,WR,99.2,12.0,2021
mecole hardman,WR,100.0,47.0,2021
jalen hurts,QB,100.2,11.0,2021
tony pollard,RB,102.7,28.0,2021
brandin cooks,WR,102.9,20.0,2021
kenyan drake,RB,102.9,55.0,2021
michael pittman,WR,104.4,18.0,2021
alexander mattison,RB,106.5,38.0,2021
phillip lindsay,RB,107.5,84.0,2021
darnell mooney,WR,109.0,23.0,2021
joe burrow,QB,112.4,8.0,2021
dj chark,WR,112.8,135.0,2021
mike gesicki,TE,114.3,9.0,2021
david johnson,RB,115.0,60.0,2021
jakobi meyers,WR,116.2,31.0,2021
mike williams,WR,116.2,14.0,2021
j d mckissic,RB,116.8,37.0,2021
jarvis landry,WR,118.2,51.0,2021
trey lance,QB,118.2,39.0,2021
irv smith,TE,120.3,,2021
nyheim hines,RB,120.6,48.0,2021
giovani bernard,RB,120.9,71.0,2021
rhamondre stevenson,RB,121.3,47.0,2021
henry ruggs,WR,123.9,85.0,2021
justin fields,QB,125.6,31.0,2021
marvin jones,WR,126.0,34.0,2021
chuba hubbard,RB,127.6,36.0,2021
james white,RB,128.8,93.0,2021
will fuller,WR,129.2,188.0,2021
matt ryan,QB,129.8,19.0,2021
latavius murray,RB,130.6,54.0,2021
jonnu smith,TE,130.7,36.0,2021
elijah moore,WR,132.6,50.0,2021
russell gage,WR,133.8,37.0,2021
baker mayfield,QB,134.3,25.0,2021
michael gallup,WR,135.4,77.0,2021
jameis winston,QB,137.3,32.0,2021
rashaad penny,RB,137.9,42.0,2021
tevin coleman,RB,139.0,75.0,2021
curtis samuel,WR,140.2,178.0,2021
marquise brown,WR,140.9,21.0,2021
rob gronkowski,TE,142.8,7.0,2021
ben roethlisberger,QB,143.2,20.0,2021
gabe davis,WR,144.3,58.0,2021
trevor lawrence,QB,144.7,24.0,2021
damien williams,RB,146.0,68.0,2021
rondale moore,WR,146.4,64.0,2021
bryan edwards,WR,148.2,66.0,2021
terrace marshall,WR,149.0,141.0,2021
zach wilson,QB,149.1,30.0,2021
hunter henry,TE,149.7,8.0,2021
darrel williams,RB,150.3,21.0,2021
evan engram,TE,150.9,24.0,2021
cole beasley,WR,150.9,40.0,2021
adam trautman,TE,151.9,38.0,2021
mark ingram,RB,154.2,49.0,2021
justin jackson,RB,154.6,59.0,2021
kenneth gainwell,RB,154.8,40.0,2021
jared cook,TE,155.0,19.0,2021
devontae booker,RB,155.5,35.0,2021
a j green,WR,156.6,41.0,2021
gerald everett,TE,156.6,21.0,2021
zach ertz,TE,157.1,5.0,2021
pat freiermuth,TE,157.3,13.0,2021
mac jones,QB,157.4,18.0,2021
amon ra st brown,WR,158.5,22.0,2021
tony jones,RB,158.8,102.0,2021
marlon mack,RB,158.8,113.0,2021
randall cobb,WR,159.7,75.0,2021
jerick mckinnon,RB,159.7,90.0,2021
tyrell williams,WR,160.0,207.0,2021
tua tagovailoa,QB,160.6,26.0,2021
kirk cousins,QB,160.9,9.0,2021
malcolm brown,RB,161.7,101.0,2021
devante parker,WR,162.3,70.0,2021
ryan fitzpatrick,QB,163.3,70.0,2021
deshaun watson,QB,163.6,,2021
carson wentz,QB,167.1,12.0,2021
nelson agholor,WR,170.7,72.0,2021
marquez valdes scantling,WR,170.9,81.0,2021
carlos hyde,RB,172.7,82.0,2021
jonathan taylor,RB,1.3,31.0,2022
christian mccaffrey,RB,2.4,2.0,2022
austin ekeler,RB,2.7,1.0,2022
derrick henry,RB,4.3,4.0,2022
justin jefferson,WR,4.6,1.0,2022
cooper kupp,WR,5.7,23.0,2022
najee harris,RB,7.1,13.0,2022
dalvin cook,RB,7.5,10.0,2022
ja marr chase,WR,8.7,10.0,2022
joe mixon,RB,10.1,11.0,2022
alvin kamara,RB,10.9,16.0,2022
davante adams,WR,12.0,3.0,2022
d andre swift,RB,12.8,21.0,2022
stefon diggs,WR,13.6,4.0,2022
aaron jones,RB,14.9,7.0,2022
saquon barkley,RB,15.5,5.0,2022
travis kelce,TE,16.5,1.0,2022
ceedee lamb,WR,17.5,6.0,2022
nick chubb,RB,18.8,6.0,2022
deebo samuel,WR,19.6,36.0,2022
javonte williams,RB,20.2,79.0,2022
josh allen,QB,20.4,2.0,2022
leonard fournette,RB,21.9,14.0,2022
tyreek hill,WR,22.7,2.0,2022
michael pittman,WR,24.9,20.0,2022
mark andrews,TE,25.5,4.0,2022
mike evans,WR,26.5,17.0,2022
ezekiel elliott,RB,27.7,22.0,2022
james conner,RB,28.4,19.0,2022
keenan allen,WR,29.5,38.0,2022
a j brown,WR,30.4,5.0,2022
kyle pitts,TE,31.2,33.0,2022
tee higgins,WR,32.5,19.0,2022
cam akers,RB,33.1,34.0,2022
justin herbert,QB,33.2,9.0,2022
travis etienne,RB,33.6,17.0,2022
dj moore,WR,35.9,25.0,2022
terry mclaurin,WR,38.0,16.0,2022
patrick mahomes,QB,38.3,1.0,2022
j k dobbins,RB,38.8,56.0,2022
david montgomery,RB,39.3,24.0,2022
mike williams,WR,39.6,33.0,2022
elijah mitchell,RB,42.4,81.0,2022
diontae johnson,WR,43.4,32.0,2022
george kittle,TE,44.2,3.0,2022
breece hall,RB,44.4,42.0,2022
courtland sutton,WR,45.3,43.0,2022
joe burrow,QB,46.1,4.0,2022
josh jacobs,RB,46.8,3.0,2022
jaylen waddle,WR,47.7,8.0,2022
aj dillon,RB,48.7,27.0,2022
darren waller,TE,50.4,31.0,2022
lamar jackson,QB,51.3,15.0,2022
dk metcalf,WR,51.4,14.0,2022
michael thomas,WR,52.3,117.0,2022
allen robinson,WR,53.5,85.0,2022
clyde edwards helaire,RB,54.3,46.0,2022
jalen hurts,QB,56.3,3.0,2022
chris godwin,WR,56.5,18.0,2022
brandin cooks,WR,56.7,49.0,2022
damien harris,RB,59.8,49.0,2022
kyler murray,QB,61.6,20.0,2022
jerry jeudy,WR,61.7,22.0,2022
miles sanders,RB,61.7,15.0,2022
dalton schultz,TE,62.6,10.0,2022
gabe davis,WR,62.9,35.0,2022
rashaad penny,RB,63.3,70.0,2022
adam thielen,WR,63.8,31.0,2022
darnell mooney,WR,68.1,72.0,2022
marquise brown,WR,68.7,44.0,2022
kareem hunt,RB,68.9,40.0,2022
chase edmonds,RB,69.6,58.0,2022
dameon pierce,RB,70.5,25.0,2022
tony pollard,RB,70.8,9.0,2022
hunter renfrow,WR,71.2,92.0,2022
russell wilson,QB,72.5,17.0,2022
amon ra st brown,WR,73.4,7.0,2022
devin singletary,RB,74.4,23.0,2022
dallas goedert,TE,75.2,12.0,2022
juju smith schuster,WR,75.9,27.0,2022
rhamondre stevenson,RB,76.0,8.0,2022
aaron rodgers,QB,80.2,13.0,2022
rashod bateman,WR,81.0,111.0,2022
dak prescott,QB,83.6,18.0,2022
amari cooper,WR,84.2,11.0,2022
melvin gordon,RB,85.4,48.0,2022
devonta smith,WR,86.6,9.0,2022
tom brady,QB,86.8,11.0,2022
elijah moore,WR,87.9,82.0,2022
zach ertz,TE,89.0,20.0,2022
allen lazard,WR,89.5,34.0,2022
deandre hopkins,WR,90.0,47.0,2022
brandon aiyuk,WR,90.0,15.0,2022
matthew stafford,QB,90.3,31.0,2022
cordarrelle patterson,RB,91.4,33.0,2022
james cook,RB,92.0,44.0,2022
kenneth walker,RB,92.9,18.0,2022
nyheim hines,RB,93.9,62.0,2022
christian kirk,WR,96.2,12.0,2022
trey lance,QB,97.7,66.0,2022
pat freiermuth,TE,100.0,8.0,2022
james robinson,RB,101.5,51.0,2022
raheem mostert,RB,101.9,26.0,2022
drake london,WR,102.2,28.0,2022
robert woods,WR,102.5,56.0,2022
kadarius toney,WR,102.7,106.0,2022
derek carr,QB,103.1,16.0,2022
cole kmet,TE,103.6,9.0,2022
kenneth gainwell,RB,105.8,53.0,2022
tyler allgeier,RB,107.6,30.0,2022
kirk cousins,QB,108.6,7.0,2022
j d mckissic,RB,110.2,69.0,2022
chris olave,WR,110.4,24.0,2022
dawson knox,TE,111.5,14.0,2022
darrell henderson,RB,111.9,59.0,2022
tyler lockett,WR,112.5,13.0,2022
brian robinson,RB,112.7,43.0,2022
michael carter,RB,113.3,39.0,2022
antonio gibson,RB,114.7,28.0,2022
isiah pacheco,RB,118.0,37.0,2022
skyy moore,WR,118.1,118.0,2022
michael gallup,WR,118.2,68.0,2022
t j hockenson,TE,120.2,2.0,2022
julio jones,WR,120.9,96.0,2022
tua tagovailoa,QB,121.2,14.0,2022
jamaal williams,RB,121.7,12.0,2022
tyler boyd,WR,123.0,39.0,2022
rachaad white,RB,123.3,35.0,2022
george pickens,WR,123.6,40.0,2022
alexander mattison,RB,128.9,52.0,2022
marquez valdes scantling,WR,129.0,54.0,2022
treylon burks,WR,129.3,81.0,2022
zamir white,RB,130.5,127.0,2022
matt ryan,QB,132.9,26.0,2022
chase claypool,WR,133.7,66.0,2022
romeo doubs,WR,134.1,70.0,2022
hunter henry,TE,134.1,22.0,2022
devante parker,WR,134.9,71.0,2022
justin fields,QB,138.0,10.0,2022
rondale moore,WR,142.5,83.0,2022
trevor lawrence,QB,142.9,6.0,2022
irv smith,TE,146.0,44.0,2022
robert tonyan,TE,147.9,19.0,2022
jameis winston,QB,150.1,44.0,2022
isaiah mckenzie,WR,152.6,55.0,2022
nico collins,WR,153.8,77.0,2022
justin jefferson,WR,1.4,31.0,2023
christian mccaffrey,RB,2.4,1.0,2023
ja marr chase,WR,2.4,11.0,2023
tyreek hill,WR,4.4,2.0,2023
austin ekeler,RB,5.0,24.0,2023
travis kelce,TE,5.9,3.0,2023
cooper kupp,WR,7.0,40.0,2023
stefon diggs,WR,8.5,9.0,2023
bijan robinson,RB,8.8,8.0,2023
saquon barkley,RB,9.0,13.0,2023
ceedee lamb,WR,11.0,1.0,2023
a j brown,WR,12.5,5.0,2023
nick chubb,RB,12.5,86.0,2023
amon ra st brown,WR,13.2,3.0,2023
tony pollard,RB,15.2,14.0,2023
garrett wilson,WR,15.6,25.0,2023
davante adams,WR,15.6,10.0,2023
derrick henry,RB,17.9,9.0,2023
patrick mahomes,QB,19.6,8.0,2023
jaylen waddle,WR,19.9,33.0,2023
chris olave,WR,20.4,17.0,2023
josh jacobs,RB,21.9,27.0,2023
devonta smith,WR,23.3,16.0,2023
rhamondre stevenson,RB,23.4,35.0,2023
jonathan taylor,RB,25.9,33.0,2023
josh allen,QB,26.6,1.0,2023
tee higgins,WR,26.6,51.0,2023
jalen hurts,QB,26.9,3.0,2023
mark andrews,TE,28.9,15.0,2023
calvin ridley,WR,29.2,19.0,2023
keenan allen,WR,29.2,7.0,2023
najee harris,RB,30.4,23.0,2023
dk metcalf,WR,30.8,21.0,2023
joe mixon,RB,31.4,6.0,2023
travis etienne,RB,34.7,3.0,2023
amari cooper,WR,35.4,20.0,2023
breece hall,RB,36.6,2.0,2023
jahmyr gibbs,RB,36.7,10.0,2023
lamar jackson,QB,36.9,4.0,2023
deebo samuel,WR,37.2,15.0,2023
aaron jones,RB,38.9,37.0,2023
deandre hopkins,WR,41.4,22.0,2023
joe burrow,QB,43.2,25.0,2023
drake london,WR,44.1,37.0,2023
t j hockenson,TE,44.2,4.0,2023
dj moore,WR,44.7,6.0,2023
jerry jeudy,WR,44.8,50.0,2023
kenneth walker,RB,47.9,22.0,2023
christian watson,WR,48.6,69.0,2023
justin fields,QB,48.8,18.0,2023
chris godwin,WR,49.3,29.0,2023
terry mclaurin,WR,49.7,32.0,2023
justin herbert,QB,50.3,17.0,2023
miles sanders,RB,52.9,50.0,2023
diontae johnson,WR,53.4,45.0,2023
j k dobbins,RB,55.1,107.0,2023
george kittle,TE,55.7,6.0,2023
tyler lockett,WR,55.7,34.0,2023
alexander mattison,RB,56.9,36.0,2023
dameon pierce,RB,57.0,55.0,2023
brandon aiyuk,WR,57.0,13.0,2023
trevor lawrence,QB,58.4,12.0,2023
christian kirk,WR,60.3,44.0,2023
darren waller,TE,60.3,22.0,2023
cam akers,RB,63.1,66.0,2023
mike williams,WR,63.3,113.0,2023
michael pittman,WR,63.8,14.0,2023
james conner,RB,66.2,18.0,2023
mike evans,WR,67.6,8.0,2023
rachaad white,RB,68.1,4.0,2023
alvin kamara,RB,69.2,12.0,2023
dallas goedert,TE,69.7,14.0,2023
george pickens,WR,70.0,28.0,2023
marquise brown,WR,72.5,53.0,2023
javonte williams,RB,72.8,29.0,2023
jahan dotson,WR,73.1,56.0,2023
kyle pitts,TE,74.6,13.0,2023
d andre swift,RB,75.9,19.0,2023
deshaun watson,QB,76.2,35.0,2023
david montgomery,RB,76.8,17.0,2023
james cook,RB,77.6,11.0,2023
jordan addison,WR,78.4,23.0,2023
isiah pacheco,RB,79.2,15.0,2023
dak prescott,QB,82.2,2.0,2023
jaxon smith njigba,WR,83.0,48.0,2023
tua tagovailoa,QB,84.9,9.0,2023
brandin cooks,WR,85.1,38.0,2023
courtland sutton,WR,87.0,35.0,2023
evan engram,TE,87.9,2.0,2023
treylon burks,WR,88.7,122.0,2023
antonio gibson,RB,88.9,39.0,2023
gabe davis,WR,89.5,41.0,2023
michael thomas,WR,91.0,76.0,2023
aj dillon,RB,91.7,42.0,2023
juju smith schuster,WR,93.3,97.0,2023
brian robinson,RB,94.2,21.0,2023
khalil herbert,RB,94.4,43.0,2023
quentin johnston,WR,96.1,74.0,2023
pat freiermuth,TE,96.1,31.0,2023
elijah moore,WR,97.2,52.0,2023
rashaad penny,RB,97.3,118.0,2023
samaje perine,RB,99.3,40.0,2023
kirk cousins,QB,99.4,23.0,2023
kadarius toney,WR,100.0,108.0,2023
zay flowers,WR,100.0,30.0,2023
rashod bateman,WR,102.0,85.0,2023
aaron rodgers,QB,103.6,75.0,2023
david njoku,TE,103.8,5.0,2023
daniel jones,QB,103.9,45.0,2023
jamaal williams,RB,104.2,61.0,2023
zach charbonnet,RB,107.2,45.0,2023
skyy moore,WR,109.1,107.0,2023
jakobi meyers,WR,109.4,24.0,2023
geno smith,QB,109.9,19.0,2023
damien harris,RB,110.6,91.0,2023
jerick mckinnon,RB,111.3,53.0,2023
nico collins,WR,113.1,12.0,2023
elijah mitchell,RB,115.1,64.0,2023
allen lazard,WR,115.3,101.0,2023
dalton schultz,TE,117.4,10.0,2023
de von achane,RB,117.8,25.0,2023
jaylen warren,RB,119.8,20.0,2023
odell beckham,WR,120.1,62.0,2023
jameson williams,WR,120.3,82.0,2023
jared goff,QB,122.6,7.0,2023
raheem mostert,RB,122.8,5.0,2023
rondale moore,WR,123.2,66.0,2023
tyler allgeier,RB,125.0,38.0,2023
anthony richardson,QB,125.5,41.0,2023
adam thielen,WR,126.3,18.0,2023
romeo doubs,WR,127.7,36.0,2023
darnell mooney,WR,127.8,83.0,2023
russell wilson,QB,129.9,13.0,2023
tyler boyd,WR,130.4,49.0,2023
devin singletary,RB,130.7,31.0,2023
kenneth gainwell,RB,131.1,49.0,2023
zay jones,WR,131.1,84.0,2023
greg dulcich,TE,131.4,96.0,2023
tyler higbee,TE,131.6,24.0,2023
cordarrelle patterson,RB,132.4,78.0,2023
jeff wilson,RB,133.2,74.0,2023
d onta foreman,RB,137.1,52.0,2023
tank bigsby,RB,137.7,85.0,2023
chig okonkwo,TE,140.4,21.0,2023
dj chark,WR,143.2,59.0,2023
michael gallup,WR,144.6,79.0,2023
derek carr,QB,145.3,15.0,2023
cole kmet,TE,146.0,8.0,2023
dalton kincaid,TE,146.9,11.0,2023
tyjae spears,RB,150.9,34.0,2023
matthew stafford,QB,151.0,16.0,2023
jonathan mingo,WR,152.1,80.0,2023
kenny pickett,QB,152.3,33.0,2023
brock purdy,QB,152.5,6.0,2023
dawson knox,TE,152.7,42.0,2023
sam laporta,TE,152.9,1.0,2023
zamir white,RB,153.7,56.0,2023
marvin mims,WR,154.2,91.0,2023
gerald everett,TE,154.9,23.0,2023
jordan love,QB,155.5,5.0,2023
donovan peoples jones,WR,156.0,141.0,2023
wan dale robinson,WR,157.2,54.0,2023
kyler murray,QB,157.3,27.0,2023
jerome ford,RB,157.4,16.0,2023
roschon johnson,RB,157.7,47.0,2023
clyde edwards helaire,RB,157.9,58.0,2023
hunter renfrow,WR,159.3,112.0,2023
marquez valdes scantling,WR,159.6,103.0,2023
k j osborn,WR,160.2,58.0,2023
gus edwards,RB,160.6,26.0,2023
chuba hubbard,RB,160.7,28.0,2023
jake ferguson,TE,161.9,9.0,2023
alec pierce,WR,162.0,73.0,2023
zack moss,RB,163.0,32.0,2023
jalin hyatt,WR,163.1,100.0,2023
justyn ross,WR,164.2,169.0,2023
chase claypool,WR,169.1,154.0,2023
christian mccaffrey,RB,1.4,68.0,2024
breece hall,RB,2.2,16.0,2024
tyreek hill,WR,2.6,18.0,2024
ceedee lamb,WR,3.7,8.0,2024
bijan robinson,RB,4.9,3.0,2024
amon ra st brown,WR,6.2,2.0,2024
ja marr chase,WR,7.2,1.0,2024
justin jefferson,WR,8.0,3.0,2024
jahmyr gibbs,RB,9.4,1.0,2024
jonathan taylor,RB,9.8,13.0,2024
a j brown,WR,10.9,19.0,2024
saquon barkley,RB,11.3,2.0,2024
garrett wilson,WR,12.1,9.0,2024
marvin harrison,WR,14.5,30.0,2024
puka nacua,WR,15.2,26.0,2024
kyren williams,RB,15.9,7.0,2024
derrick henry,RB,15.9,4.0,2024
travis etienne,RB,17.6,35.0,2024
cooper kupp,WR,18.9,38.0,2024
isiah pacheco,RB,19.8,63.0,2024
davante adams,WR,20.0,13.0,2024
de von achane,RB,21.4,5.0,2024
drake london,WR,21.5,4.0,2024
deebo samuel,WR,23.0,44.0,2024
josh jacobs,RB,23.6,6.0,2024
travis kelce,TE,24.4,5.0,2024
josh allen,QB,25.1,4.0,2024
chris olave,WR,26.2,91.0,2024
rachaad white,RB,29.0,20.0,2024
jaylen waddle,WR,29.1,49.0,2024
sam laporta,TE,29.4,7.0,2024
james cook,RB,30.3,8.0,2024
patrick mahomes,QB,30.8,11.0,2024
nico collins,WR,32.1,23.0,2024
alvin kamara,RB,32.3,9.0,2024
mike evans,WR,33.5,12.0,2024
joe mixon,RB,35.0,17.0,2024
kenneth walker,RB,35.6,27.0,2024
jalen hurts,QB,37.3,9.0,2024
devonta smith,WR,38.3,28.0,2024
malik nabers,WR,38.3,6.0,2024
dk metcalf,WR,40.7,31.0,2024
mark andrews,TE,41.2,6.0,2024
stefon diggs,WR,41.8,64.0,2024
dj moore,WR,43.7,15.0,2024
lamar jackson,QB,44.2,1.0,2024
michael pittman,WR,45.2,41.0,2024
aaron jones,RB,46.0,12.0,2024
james conner,RB,47.6,11.0,2024
brandon aiyuk,WR,48.1,105.0,2024
amari cooper,WR,49.2,63.0,2024
c j stroud,QB,49.9,18.0,2024
trey mcbride,TE,50.4,2.0,2024
tee higgins,WR,51.8,17.0,2024
david montgomery,RB,54.6,18.0,2024
anthony richardson,QB,55.2,25.0,2024
christian kirk,WR,55.6,95.0,2024
d andre swift,RB,56.5,19.0,2024
zay flowers,WR,56.8,25.0,2024
tank dell,WR,57.5,51.0,2024
dalton kincaid,TE,59.1,30.0,2024
joe burrow,QB,59.7,2.0,2024
george pickens,WR,59.8,42.0,2024
rhamondre stevenson,RB,62.0,28.0,2024
keenan allen,WR,63.5,34.0,2024
raheem mostert,RB,64.1,56.0,2024
rashee rice,WR,64.2,101.0,2024
nick chubb,RB,65.0,58.0,2024
jayden reed,WR,65.1,29.0,2024
george kittle,TE,66.7,3.0,2024
najee harris,RB,67.1,21.0,2024
zamir white,RB,67.8,82.0,2024
chris godwin,WR,68.4,53.0,2024
dak prescott,QB,69.8,31.0,2024
terry mclaurin,WR,70.2,7.0,2024
kyle pitts,TE,72.8,15.0,2024
jordan love,QB,73.2,17.0,2024
zack moss,RB,74.4,52.0,2024
calvin ridley,WR,74.7,27.0,2024
kyler murray,QB,76.1,10.0,2024
javonte williams,RB,77.5,30.0,2024
evan engram,TE,79.5,33.0,2024
jaylen warren,RB,79.6,39.0,2024
tony pollard,RB,81.7,22.0,2024
xavier worthy,WR,81.9,33.0,2024
marquise brown,WR,82.2,145.0,2024
christian watson,WR,84.2,75.0,2024
jonathon brooks,RB,85.4,110.0,2024
devin singletary,RB,87.9,45.0,2024
austin ekeler,RB,88.0,34.0,2024
keon coleman,WR,88.1,73.0,2024
tua tagovailoa,QB,88.6,21.0,2024
jake ferguson,TE,89.2,25.0,2024
jaxon smith njigba,WR,90.5,10.0,2024
tyjae spears,RB,91.4,42.0,2024
chase brown,RB,91.9,10.0,2024
diontae johnson,WR,92.1,85.0,2024
jared goff,QB,94.3,6.0,2024
ezekiel elliott,RB,96.2,62.0,2024
rome odunze,WR,97.7,48.0,2024
brian robinson,RB,97.9,29.0,2024
ladd mcconkey,WR,98.4,14.0,2024
jerome ford,RB,98.5,33.0,2024
jayden daniels,QB,99.2,5.0,2024
gus edwards,RB,100.6,59.0,2024
david njoku,TE,101.1,12.0,2024
romeo doubs,WR,103.0,56.0,2024
deandre hopkins,WR,104.5,47.0,2024
dallas goedert,TE,105.5,28.0,2024
brock purdy,QB,105.7,13.0,2024
tyler lockett,WR,106.6,65.0,2024
jameson williams,WR,107.8,22.0,2024
trey benson,RB,108.5,69.0,2024
chuba hubbard,RB,108.8,15.0,2024
blake corum,RB,110.3,81.0,2024
courtland sutton,WR,110.8,11.0,2024
brian thomas,WR,114.2,5.0,2024
justin herbert,QB,114.6,12.0,2024
mike williams,WR,116.1,107.0,2024
j k dobbins,RB,116.2,24.0,2024
caleb williams,QB,116.7,16.0,2024
khalil shakir,WR,117.4,37.0,2024
dalton schultz,TE,117.9,20.0,2024
t j hockenson,TE,118.7,34.0,2024
rico dowdle,RB,118.9,23.0,2024
brock bowers,TE,121.7,1.0,2024
curtis samuel,WR,122.6,102.0,2024
matthew stafford,QB,123.1,19.0,2024
tyler allgeier,RB,125.1,43.0,2024
jaleel mclaughlin,RB,126.6,46.0,2024
trevor lawrence,QB,126.7,27.0,2024
elijah mitchell,RB,129.8,,2024
kirk cousins,QB,130.1,22.0,2024
ty chandler,RB,130.3,90.0,2024
aaron rodgers,QB,130.4,14.0,2024
joshua palmer,WR,130.5,,2024
zach charbonnet,RB,130.7,25.0,2024
jakobi meyers,WR,131.7,20.0,2024
jerry jeudy,WR,132.9,16.0,2024
jordan addison,WR,134.1,21.0,2024
justin fields,QB,134.7,33.0,2024
brandin cooks,WR,135.1,96.0,2024
pat freiermuth,TE,135.5,9.0,2024
khalil herbert,RB,136.4,84.0,2024
cole kmet,TE,137.1,19.0,2024
rashid shaheed,WR,139.8,94.0,2024
xavier legette,WR,141.3,61.0,2024
kimani vidal,RB,143.9,83.0,2024
ray davis,RB,147.7,41.0,2024
jordan mason,RB,149.1,40.0,2024
deshaun watson,QB,149.3,40.0,2024
dameon pierce,RB,151.4,72.0,2024
luke musgrave,TE,151.7,86.0,2024
isaiah likely,TE,152.0,16.0,2024
jahan dotson,WR,152.0,118.0,2024
quentin johnston,WR,152.2,39.0,2024
bucky irving,RB,152.9,14.0,2024
josh downs,WR,155.9,35.0,2024
taysom hill,TE,155.9,26.0,2024
baker mayfield,QB,156.0,3.0,2024
jaylen wright,RB,156.6,89.0,2024
antonio gibson,RB,158.6,44.0,2024
adam thielen,WR,159.0,52.0,2024
marshawn lloyd,RB,159.1,122.0,2024
geno smith,QB,159.8,15.0,2024
dontayvion wicks,WR,160.0,71.0,2024
will levis,QB,160.0,28.0,2024
alexander mattison,RB,160.7,32.0,2024
adonai mitchell,WR,160.9,110.0,2024
darnell mooney,WR,161.8,32.0,2024
ricky pearsall,WR,162.7,81.0,2024
ja lynn polk,WR,163.4,129.0,2024
dawson knox,TE,165.9,41.0,2024
rashod bateman,WR,169.6,40.0,2024
gabe davis,WR,169.6,109.0,2024
michael wilson,WR,170.2,59.0,2024
tyrone tracy,RB,174.0,26.0,2024
bo nix,QB,177.5,8.0,2024
