slot,round,QB_pct,RB_pct,WR_pct,TE_pct,K_pct,n_sims
1,1,0.0,100.0,0.0,0.0,0.0,100
1,2,13.0,66.0,13.0,8.0,0.0,100
1,3,9.0,28.0,41.0,22.0,0.0,100
1,4,0.0,4.0,86.0,10.0,0.0,100
1,5,0.0,46.0,54.0,0.0,0.0,100
1,6,0.0,16.0,40.0,44.0,0.0,100
1,7,1.0,26.0,57.0,16.0,0.0,100
1,8,26.0,66.0,8.0,0.0,0.0,100
1,9,11.0,75.0,14.0,0.0,0.0,100
1,10,33.0,13.0,54.0,0.0,0.0,100
1,11,6.0,4.0,90.0,0.0,0.0,100
1,12,0.0,29.0,71.0,0.0,0.0,100
1,13,0.0,57.0,43.0,0.0,0.0,100
1,14,0.0,40.0,60.0,0.0,0.0,100
1,15,0.0,72.0,22.0,5.0,1.0,100
1,16,1.0,0.0,0.0,0.0,99.0,100
2,1,0.0,100.0,0.0,0.0,0.0,100
2,2,39.0,50.0,8.0,3.0,0.0,100
2,3,0.0,47.0,50.0,3.0,0.0,100
2,4,0.0,1.0,84.0,15.0,0.0,100
2,5,0.0,50.0,50.0,0.0,0.0,100
2,6,0.0,18.0,30.0,52.0,0.0,100
2,7,1.0,14.0,58.0,27.0,0.0,100
2,8,24.0,69.0,7.0,0.0,0.0,100
2,9,12.0,69.0,19.0,0.0,0.0,100
2,10,19.0,21.0,60.0,0.0,0.0,100
2,11,5.0,5.0,90.0,0.0,0.0,100
2,12,0.0,36.0,64.0,0.0,0.0,100
2,13,0.0,52.0,48.0,0.0,0.0,100
2,14,0.0,46.0,54.0,0.0,0.0,100
2,15,0.0,74.0,24.0,2.0,0.0,100
2,16,0.0,0.0,0.0,0.0,100.0,100
3,1,0.0,61.0,39.0,0.0,0.0,100
3,2,47.0,39.0,11.0,3.0,0.0,100
3,3,0.0,61.0,30.0,9.0,0.0,100
3,4,0.0,21.0,67.0,12.0,0.0,100
3,5,0.0,52.0,48.0,0.0,0.0,100
3,6,14.0,19.0,26.0,41.0,0.0,100
3,7,0.0,17.0,48.0,35.0,0.0,100
3,8,18.0,66.0,16.0,0.0,0.0,100
3,9,3.0,75.0,22.0,0.0,0.0,100
3,10,15.0,22.0,63.0,0.0,0.0,100
3,11,3.0,7.0,90.0,0.0,0.0,100
3,12,0.0,35.0,65.0,0.0,0.0,100
3,13,0.0,56.0,44.0,0.0,0.0,100
3,14,0.0,49.0,51.0,0.0,0.0,100
3,15,0.0,63.0,32.0,5.0,0.0,100
3,16,0.0,0.0,0.0,0.0,100.0,100
4,1,0.0,28.0,72.0,0.0,0.0,100
4,2,51.0,34.0,14.0,1.0,0.0,100
4,3,0.0,68.0,29.0,3.0,0.0,100
4,4,0.0,41.0,51.0,8.0,0.0,100
4,5,0.0,65.0,35.0,0.0,0.0,100
4,6,6.0,20.0,17.0,57.0,0.0,100
4,7,0.0,13.0,56.0,31.0,0.0,100
4,8,29.0,62.0,9.0,0.0,0.0,100
4,9,1.0,71.0,28.0,0.0,0.0,100
4,10,11.0,34.0,55.0,0.0,0.0,100
4,11,2.0,9.0,89.0,0.0,0.0,100
4,12,0.0,28.0,72.0,0.0,0.0,100
4,13,0.0,50.0,50.0,0.0,0.0,100
4,14,0.0,57.0,43.0,0.0,0.0,100
4,15,0.0,72.0,25.0,3.0,0.0,100
4,16,0.0,0.0,0.0,0.0,100.0,100
5,1,0.0,43.0,57.0,0.0,0.0,100
5,2,64.0,15.0,13.0,8.0,0.0,100
5,3,0.0,76.0,24.0,0.0,0.0,100
5,4,0.0,44.0,54.0,2.0,0.0,100
5,5,0.0,47.0,53.0,0.0,0.0,100
5,6,7.0,35.0,12.0,46.0,0.0,100
5,7,0.0,5.0,51.0,44.0,0.0,100
5,8,20.0,71.0,9.0,0.0,0.0,100
5,9,3.0,64.0,33.0,0.0,0.0,100
5,10,6.0,52.0,42.0,0.0,0.0,100
5,11,0.0,4.0,96.0,0.0,0.0,100
5,12,0.0,37.0,63.0,0.0,0.0,100
5,13,0.0,44.0,56.0,0.0,0.0,100
5,14,0.0,53.0,47.0,0.0,0.0,100
5,15,0.0,61.0,34.0,5.0,0.0,100
5,16,0.0,0.0,0.0,0.0,100.0,100
6,1,0.0,51.0,49.0,0.0,0.0,100
6,2,56.0,4.0,19.0,21.0,0.0,100
6,3,0.0,67.0,33.0,0.0,0.0,100
6,4,0.0,52.0,47.0,1.0,0.0,100
6,5,0.0,45.0,55.0,0.0,0.0,100
6,6,8.0,35.0,3.0,54.0,0.0,100
6,7,0.0,7.0,69.0,24.0,0.0,100
6,8,26.0,63.0,11.0,0.0,0.0,100
6,9,2.0,78.0,20.0,0.0,0.0,100
6,10,8.0,44.0,48.0,0.0,0.0,100
6,11,0.0,10.0,90.0,0.0,0.0,100
6,12,0.0,36.0,64.0,0.0,0.0,100
6,13,0.0,46.0,54.0,0.0,0.0,100
6,14,0.0,57.0,43.0,0.0,0.0,100
6,15,0.0,66.0,26.0,8.0,0.0,100
6,16,0.0,0.0,0.0,0.0,100.0,100
7,1,0.0,27.0,73.0,0.0,0.0,100
7,2,48.0,14.0,17.0,21.0,0.0,100
7,3,0.0,86.0,14.0,0.0,0.0,100
7,4,0.0,37.0,63.0,0.0,0.0,100
7,5,0.0,63.0,37.0,0.0,0.0,100
7,6,9.0,38.0,2.0,51.0,0.0,100
7,7,0.0,8.0,64.0,28.0,0.0,100
7,8,21.0,58.0,21.0,0.0,0.0,100
7,9,5.0,76.0,19.0,0.0,0.0,100
7,10,16.0,47.0,37.0,0.0,0.0,100
7,11,1.0,6.0,93.0,0.0,0.0,100
7,12,0.0,40.0,60.0,0.0,0.0,100
7,13,0.0,46.0,54.0,0.0,0.0,100
7,14,0.0,58.0,42.0,0.0,0.0,100
7,15,0.0,62.0,33.0,5.0,0.0,100
7,16,0.0,0.0,0.0,0.0,100.0,100
8,1,0.0,46.0,54.0,0.0,0.0,100
8,2,34.0,9.0,22.0,35.0,0.0,100
8,3,0.0,82.0,18.0,0.0,0.0,100
8,4,0.0,34.0,66.0,0.0,0.0,100
8,5,0.0,59.0,41.0,0.0,0.0,100
8,6,11.0,41.0,0.0,48.0,0.0,100
8,7,0.0,9.0,74.0,17.0,0.0,100
8,8,37.0,49.0,14.0,0.0,0.0,100
8,9,5.0,74.0,21.0,0.0,0.0,100
8,10,8.0,53.0,39.0,0.0,0.0,100
8,11,5.0,12.0,83.0,0.0,0.0,100
8,12,0.0,48.0,52.0,0.0,0.0,100
8,13,0.0,33.0,67.0,0.0,0.0,100
8,14,0.0,69.0,31.0,0.0,0.0,100
8,15,0.0,49.0,42.0,9.0,0.0,100
8,16,0.0,0.0,0.0,0.0,100.0,100
9,1,0.0,30.0,70.0,0.0,0.0,100
9,2,14.0,9.0,24.0,53.0,0.0,100
9,3,0.0,80.0,20.0,0.0,0.0,100
9,4,0.0,51.0,49.0,0.0,0.0,100
9,5,0.0,63.0,37.0,0.0,0.0,100
9,6,7.0,53.0,0.0,40.0,0.0,100
9,7,0.0,14.0,79.0,7.0,0.0,100
9,8,63.0,27.0,10.0,0.0,0.0,100
9,9,6.0,74.0,20.0,0.0,0.0,100
9,10,9.0,57.0,34.0,0.0,0.0,100
9,11,1.0,9.0,90.0,0.0,0.0,100
9,12,0.0,50.0,50.0,0.0,0.0,100
9,13,0.0,31.0,69.0,0.0,0.0,100
9,14,0.0,62.0,38.0,0.0,0.0,100
9,15,0.0,58.0,36.0,6.0,0.0,100
9,16,0.0,0.0,0.0,0.0,100.0,100
10,1,0.0,11.0,89.0,0.0,0.0,100
10,2,7.0,9.0,25.0,59.0,0.0,100
10,3,0.0,85.0,15.0,0.0,0.0,100
10,4,0.0,53.0,47.0,0.0,0.0,100
10,5,0.0,76.0,24.0,0.0,0.0,100
10,6,7.0,58.0,0.0,35.0,0.0,100
10,7,0.0,16.0,78.0,6.0,0.0,100
10,8,63.0,19.0,18.0,0.0,0.0,100
10,9,12.0,71.0,17.0,0.0,0.0,100
10,10,11.0,54.0,35.0,0.0,0.0,100
10,11,0.0,4.0,96.0,0.0,0.0,100
10,12,0.0,39.0,61.0,0.0,0.0,100
10,13,0.0,44.0,56.0,0.0,0.0,100
10,14,0.0,55.0,45.0,0.0,0.0,100
10,15,0.0,65.0,32.0,3.0,0.0,100
10,16,0.0,0.0,0.0,0.0,100.0,100
11,1,0.0,4.0,96.0,0.0,0.0,100
11,2,1.0,33.0,9.0,57.0,0.0,100
11,3,0.0,82.0,18.0,0.0,0.0,100
11,4,0.0,47.0,53.0,0.0,0.0,100
11,5,0.0,76.0,24.0,0.0,0.0,100
11,6,2.0,55.0,0.0,43.0,0.0,100
11,7,0.0,17.0,83.0,0.0,0.0,100
11,8,69.0,11.0,20.0,0.0,0.0,100
11,9,15.0,66.0,19.0,0.0,0.0,100
11,10,10.0,64.0,26.0,0.0,0.0,100
11,11,3.0,7.0,90.0,0.0,0.0,100
11,12,0.0,37.0,63.0,0.0,0.0,100
11,13,0.0,38.0,62.0,0.0,0.0,100
11,14,0.0,59.0,41.0,0.0,0.0,100
11,15,0.0,58.0,41.0,1.0,0.0,100
11,16,0.0,0.0,0.0,0.0,100.0,100
12,1,0.0,5.0,95.0,0.0,0.0,100
12,2,0.0,52.0,0.0,48.0,0.0,100
12,3,0.0,69.0,31.0,0.0,0.0,100
12,4,0.0,36.0,64.0,0.0,0.0,100
12,5,0.0,90.0,10.0,0.0,0.0,100
12,6,5.0,43.0,0.0,52.0,0.0,100
12,7,0.0,19.0,81.0,0.0,0.0,100
12,8,72.0,10.0,18.0,0.0,0.0,100
12,9,16.0,62.0,22.0,0.0,0.0,100
12,10,7.0,71.0,22.0,0.0,0.0,100
12,11,0.0,10.0,90.0,0.0,0.0,100
12,12,0.0,48.0,52.0,0.0,0.0,100
12,13,0.0,31.0,69.0,0.0,0.0,100
12,14,0.0,64.0,36.0,0.0,0.0,100
12,15,0.0,54.0,41.0,5.0,0.0,100
12,16,0.0,0.0,0.0,0.0,100.0,100
