season,name,position,team,adp,nn
2020,Ezekiel Elliott,RB,,1.3,ezekiel elliott
2020,Alvin Kamara,RB,NO,2.0,alvin kamara
2020,Derrick Henry,RB,BAL,3.0,derrick henry
2020,Dalvin Cook,RB,,4.0,dalvin cook
2020,Saquon Barkley,RB,PHI,5.0,saquon barkley
2020,Tyreek Hill,WR,,6.0,tyreek hill
2020,DeAndre Hopkins,WR,,7.0,deandre hopkins
2020,Josh Jacobs,RB,GB,8.0,josh jacobs
2020,Patrick Mahomes,QB,KC,9.0,patrick mahomes
2020,Nick Chubb,RB,,10.0,nick chubb
2020,Travis Kelce,TE,KC,11.0,travis kelce
2020,Davante Adams,WR,LAR,12.0,davante adams
2020,Mike Evans,WR,SF,13.0,mike evans
2020,Lamar Jackson,QB,BAL,14.0,lamar jackson
2020,Aaron Jones,RB,MIN,15.0,aaron jones
2020,Austin Ekeler,RB,,16.0,austin ekeler
2020,Russell Wilson,QB,,17.0,russell wilson
2020,Amari Cooper,WR,,18.0,amari cooper
2020,JuJu Smith-Schuster,WR,NYG,19.0,juju smith schuster
2020,Adam Thielen,WR,,20.0,adam thielen
2020,Joe Mixon,RB,,21.0,joe mixon
2020,Allen Robinson,WR,,22.0,allen robinson
2020,Todd Gurley,RB,,23.0,todd gurley
2020,Odell Beckham,WR,NYG,24.0,odell beckham
2020,James Conner,RB,ARI,25.0,james conner
2020,DJ Moore,WR,BUF,26.0,dj moore
2020,Mark Andrews,TE,BAL,27.0,mark andrews
2020,Zach Ertz,TE,,28.0,zach ertz
2020,Le'Veon Bell,RB,TB,29.0,le veon bell
2020,George Kittle,TE,SF,30.0,george kittle
2020,David Johnson,RB,,31.0,david johnson
2020,Tyler Lockett,WR,,32.0,tyler lockett
2020,Kenyan Drake,RB,,33.0,kenyan drake
2020,Michael Thomas,WR,,34.0,michael thomas
2020,Miles Sanders,RB,,35.0,miles sanders
2020,DK Metcalf,WR,PIT,36.0,dk metcalf
2020,Calvin Ridley,WR,TEN,37.0,calvin ridley
2020,Chris Carson,RB,,38.0,chris carson
2020,Kyler Murray,QB,MIN,39.0,kyler murray
2020,Robert Woods,WR,,40.0,robert woods
2020,Deshaun Watson,QB,CLE,41.0,deshaun watson
2020,Chris Godwin,WR,TB,42.0,chris godwin
2020,Melvin Gordon,RB,,43.0,melvin gordon
2020,Darren Waller,TE,,44.0,darren waller
2020,Stefon Diggs,WR,,45.0,stefon diggs
2020,Jonathan Taylor,RB,IND,46.0,jonathan taylor
2020,Dak Prescott,QB,DAL,47.0,dak prescott
2020,Evan Engram,TE,DEN,48.0,evan engram
2020,Leonard Fournette,RB,,49.0,leonard fournette
2020,Kareem Hunt,RB,,50.0,kareem hunt
2020,A.J. Brown,WR,NE,51.0,a j brown
2020,T.Y. Hilton,WR,,52.0,t y hilton
2020,Rob Gronkowski,TE,,53.0,rob gronkowski
2020,Devin Singletary,RB,NYG,54.0,devin singletary
2020,Drew Brees,QB,,55.0,drew brees
2020,David Montgomery,RB,HOU,56.0,david montgomery
2020,Aaron Rodgers,QB,PIT,57.0,aaron rodgers
2020,DJ Chark,WR,,58.0,dj chark
2020,A.J. Green,WR,,59.0,a j green
2020,Courtland Sutton,WR,DEN,60.0,courtland sutton
2020,Tom Brady,QB,,61.0,tom brady
2020,Raheem Mostert,RB,,62.0,raheem mostert
2020,Marquise Brown,WR,PHI,63.0,marquise brown
2020,Julian Edelman,WR,,64.0,julian edelman
2020,Michael Gallup,WR,,65.0,michael gallup
2020,Matt Ryan,QB,,67.0,matt ryan
2020,Brandin Cooks,WR,,69.0,brandin cooks
2020,Josh Allen,QB,BUF,70.0,josh allen
2020,CeeDee Lamb,WR,DAL,71.0,ceedee lamb
2020,Hayden Hurst,TE,,73.0,hayden hurst
2020,Ronald Jones,RB,,74.0,ronald jones
2020,D'Andre Swift,RB,CHI,75.0,d andre swift
2020,James White,RB,,76.0,james white
2020,J.K. Dobbins,RB,DEN,77.0,j k dobbins
2020,Marlon Mack,RB,,79.0,marlon mack
2020,Jared Cook,TE,,80.0,jared cook
2020,Tyler Higbee,TE,LAR,81.0,tyler higbee
2020,Tarik Cohen,RB,,84.0,tarik cohen
2020,Marvin Jones,WR,,85.0,marvin jones
2020,Antonio Gibson,RB,,86.0,antonio gibson
2020,Carson Wentz,QB,MIN,87.0,carson wentz
2020,Phillip Lindsay,RB,,88.0,phillip lindsay
2020,Henry Ruggs,WR,,89.0,henry ruggs
2020,Jerry Jeudy,WR,CLE,90.0,jerry jeudy
2020,Jordan Howard,RB,,91.0,jordan howard
2020,Matt Breida,RB,,92.0,matt breida
2020,Emmanuel Sanders,WR,,93.0,emmanuel sanders
2020,Cam Newton,QB,,95.0,cam newton
2020,Latavius Murray,RB,,96.0,latavius murray
2020,Noah Fant,TE,NO,97.0,noah fant
2020,Diontae Johnson,WR,,98.0,diontae johnson
2020,Kerryon Johnson,RB,,99.0,kerryon johnson
2020,Austin Hooper,TE,ATL,101.0,austin hooper
2020,Zack Moss,RB,,102.0,zack moss
2020,Tevin Coleman,RB,,103.0,tevin coleman
2020,Mecole Hardman,WR,BUF,105.0,mecole hardman
2020,Christian Kirk,WR,SF,106.0,christian kirk
2020,Matthew Stafford,QB,LAR,107.0,matthew stafford
2020,Jamison Crowder,WR,,108.0,jamison crowder
2020,Sony Michel,RB,,109.0,sony michel
2020,Sterling Shepard,WR,,110.0,sterling shepard
2020,Joe Burrow,QB,CIN,111.0,joe burrow
2020,Darius Slayton,WR,NYG,112.0,darius slayton
2020,Justin Jefferson,WR,MIN,115.0,justin jefferson
2020,T.J. Hockenson,TE,MIN,117.0,t j hockenson
2020,Chase Edmonds,RB,,118.0,chase edmonds
2020,Mike Gesicki,TE,CIN,120.0,mike gesicki
2020,DeSean Jackson,WR,,122.0,desean jackson
2020,Ben Roethlisberger,QB,PIT,123.0,ben roethlisberger
2020,Tony Pollard,RB,TEN,124.0,tony pollard
2020,Sammy Watkins,WR,,125.0,sammy watkins
2020,Jalen Reagor,WR,MIA,126.0,jalen reagor
2020,Darrell Henderson,RB,,129.0,darrell henderson
2020,Daniel Jones,QB,IND,133.0,daniel jones
2020,Boston Scott,RB,,135.0,boston scott
2020,Anthony Miller,WR,,136.0,anthony miller
2020,AJ Dillon,RB,CAR,137.0,aj dillon
2020,Preston Williams,WR,,138.0,preston williams
2020,Baker Mayfield,QB,TB,139.0,baker mayfield
2020,Jonnu Smith,TE,,140.0,jonnu smith
2020,Allen Lazard,WR,,141.0,allen lazard
2020,Dallas Goedert,TE,PHI,142.0,dallas goedert
2020,Adrian Peterson,RB,,144.0,adrian peterson
2020,Chris Thompson,RB,,145.0,chris thompson
2020,Michael Pittman,WR,PIT,146.0,michael pittman
2020,N'Keal Harry,TE,,147.0,n keal harry
2020,Blake Jarwin,TE,,148.0,blake jarwin
2020,Larry Fitzgerald,WR,,150.0,larry fitzgerald
2020,Ke'Shawn Vaughn,RB,,151.0,ke shawn vaughn
2020,Nyheim Miller-Hines,RB,,152.0,nyheim miller hines
2020,Jimmy Garoppolo,QB,,153.0,jimmy garoppolo
2020,Eric Ebron,TE,PIT,154.0,eric ebron
2020,Mike Williams,WR,,156.0,mike williams
2020,Robbie Chosen,WR,,157.0,robbie chosen
2020,Justin Jackson,RB,,160.0,justin jackson
2020,Chris Herndon,TE,,162.0,chris herndon
2020,Bryce Love,RB,,165.0,bryce love
2020,Jack Doyle,TE,IND,167.0,jack doyle
2020,Curtis Samuel,WR,,168.0,curtis samuel
2020,Ryan Tannehill,QB,,169.0,ryan tannehill
2020,Jerick McKinnon,RB,,170.0,jerick mckinnon
2020,Greg Olsen,TE,,171.0,greg olsen
2020,Philip Rivers,QB,,172.0,philip rivers
2020,Breshad Perriman,WR,,173.0,breshad perriman
2020,Drew Lock,QB,SEA,174.0,drew lock
2020,Parris Campbell,WR,,175.0,parris campbell
2020,Carlos Hyde,RB,,177.0,carlos hyde
2020,Darrel Williams,RB,,178.0,darrel williams
2020,Bryan Edwards,WR,,179.0,bryan edwards
2020,Gardner Minshew,QB,ARI,181.0,gardner minshew
2020,Kirk Cousins,QB,LV,183.0,kirk cousins
2020,Benny Snell,RB,,185.0,benny snell
2020,Hunter Renfrow,WR,,186.0,hunter renfrow
2020,LeSean McCoy,RB,,187.0,lesean mccoy
2020,Tua Tagovailoa,QB,ATL,188.0,tua tagovailoa
2020,Alshon Jeffery,WR,,189.0,alshon jeffery
2020,Dede Westbrook,WR,,190.0,dede westbrook
2020,Tee Higgins,WR,CIN,191.0,tee higgins
2020,Jimmy Graham,TE,,192.0,jimmy graham
2020,Teddy Bridgewater,QB,DET,193.0,teddy bridgewater
2020,Chase Claypool,WR,,195.0,chase claypool
2020,Randall Cobb,WR,,196.0,randall cobb
2020,Darrynton Evans,RB,,197.0,darrynton evans
2020,Antonio Brown,WR,,199.0,antonio brown
2020,Cole Beasley,WR,,200.0,cole beasley
2020,Devonta Freeman,RB,,201.0,devonta freeman
2020,James Washington,WR,,203.0,james washington
2020,O.J. Howard,TE,,205.0,o j howard
2020,Corey Davis,WR,,206.0,corey davis
2020,Denzel Mims,WR,DAL,208.0,denzel mims
2020,Laviska Shenault,WR,,209.0,laviska shenault
2020,Irv Smith,TE,,213.0,irv smith
2020,Kyle Rudolph,TE,,214.0,kyle rudolph
2020,Rashaad Penny,RB,,215.0,rashaad penny
2020,Jalen Richard,RB,LV,216.0,jalen richard
2020,Marquez Valdes-Scantling,WR,DAL,218.0,marquez valdes scantling
2020,Derek Carr,QB,,219.0,derek carr
2020,Devine Ozigbo,RB,,220.0,devine ozigbo
2020,Malcolm Brown,RB,,221.0,malcolm brown
2020,Tyrell Williams,WR,,222.0,tyrell williams
2020,Steven Sims,WR,,223.0,steven sims
2020,David Njoku,TE,LAC,224.0,david njoku
2020,Giovani Bernard,RB,,225.0,giovani bernard
2020,Danny Amendola,WR,,227.0,danny amendola
2020,Justin Herbert,QB,LAC,228.0,justin herbert
2020,Royce Freeman,RB,,229.0,royce freeman
2020,Jameis Winston,QB,NYG,231.0,jameis winston
2020,Ito Smith,RB,DAL,234.0,ito smith
2020,Sam Darnold,QB,SEA,237.0,sam darnold
2020,Mohamed Sanu,WR,,242.0,mohamed sanu
2020,Ian Thomas,TE,LV,243.0,ian thomas
2020,John Ross,WR,,245.0,john ross
2020,Chris Conley,WR,,246.0,chris conley
2020,Lynn Bowden,WR,,247.0,lynn bowden
2020,Delanie Walker,TE,,248.0,delanie walker
2020,Josh Reynolds,WR,,249.0,josh reynolds
2020,Jaylen Samuels,RB,,252.0,jaylen samuels
2020,KJ Hamler,WR,,254.0,kj hamler
2020,Russell Gage,WR,,255.0,russell gage
2020,Tyler Eifert,TE,,256.0,tyler eifert
2020,Rex Burkhead,RB,,258.0,rex burkhead
2020,Dawson Knox,TE,BUF,259.0,dawson knox
2020,Vance McDonald,TE,,260.0,vance mcdonald
2020,Justice Hill,RB,BAL,264.0,justice hill
2020,Darwin Thompson,RB,,266.0,darwin thompson
2020,Miles Boykin,WR,,268.0,miles boykin
2020,Gerald Everett,TE,,269.0,gerald everett
2020,Mike Davis,RB,,270.0,mike davis
2020,Van Jefferson,WR,WAS,274.0,van jefferson
2020,Cole Kmet,TE,CHI,275.0,cole kmet
2020,Thaddeus Moss,TE,,277.0,thaddeus moss
2020,Antonio Gandy-Golden,TE,,280.0,antonio gandy golden
2020,Donte Moncrief,WR,,281.0,donte moncrief
2020,Peyton Barber,RB,,282.0,peyton barber
2020,Dwayne Haskins,QB,PIT,283.0,dwayne haskins
2020,Devin Asiasi,TE,,284.0,devin asiasi
2020,Dante Pettis,WR,BUF,285.0,dante pettis
2020,Adam Humphries,WR,,287.0,adam humphries
2020,Tyrod Taylor,QB,GB,289.0,tyrod taylor
2020,Dion Lewis,RB,,290.0,dion lewis
2020,Tre'Quan Smith,WR,,294.0,tre quan smith
2020,Scotty Miller,WR,CHI,296.0,scotty miller
2020,Will Dissly,TE,,297.0,will dissly
2020,Andrew Luck,QB,,298.0,andrew luck
2021,Christian McCaffrey,RB,SF,1.4,christian mccaffrey
2021,Dalvin Cook,RB,,2.0,dalvin cook
2021,Alvin Kamara,RB,NO,3.4,alvin kamara
2021,Derrick Henry,RB,BAL,4.3,derrick henry
2021,Ezekiel Elliott,RB,,5.5,ezekiel elliott
2021,Nick Chubb,RB,,6.6,nick chubb
2021,Saquon Barkley,RB,PHI,7.0,saquon barkley
2021,Davante Adams,WR,LAR,7.3,davante adams
2021,Tyreek Hill,WR,,9.2,tyreek hill
2021,Jonathan Taylor,RB,IND,10.8,jonathan taylor
2021,Aaron Jones,RB,MIN,11.7,aaron jones
2021,Travis Kelce,TE,KC,12.8,travis kelce
2021,Austin Ekeler,RB,,13.4,austin ekeler
2021,Patrick Mahomes,QB,KC,14.3,patrick mahomes
2021,Stefon Diggs,WR,,15.0,stefon diggs
2021,Najee Harris,RB,,15.8,najee harris
2021,DeAndre Hopkins,WR,,17.4,deandre hopkins
2021,DK Metcalf,WR,PIT,18.9,dk metcalf
2021,Calvin Ridley,WR,TEN,19.3,calvin ridley
2021,Joe Mixon,RB,,20.3,joe mixon
2021,Antonio Gibson,RB,,21.8,antonio gibson
2021,George Kittle,TE,SF,22.9,george kittle
2021,Clyde Edwards-Helaire,RB,,23.4,clyde edwards helaire
2021,A.J. Brown,WR,NE,23.7,a j brown
2021,Justin Jefferson,WR,MIN,25.3,justin jefferson
2021,Darren Waller,TE,,26.1,darren waller
2021,Keenan Allen,WR,,27.5,keenan allen
2021,Josh Allen,QB,BUF,28.7,josh allen
2021,Josh Jacobs,RB,GB,29.2,josh jacobs
2021,Terry McLaurin,WR,WAS,30.3,terry mclaurin
2021,Mike Evans,WR,SF,31.7,mike evans
2021,Allen Robinson,WR,,31.9,allen robinson
2021,Chris Carson,RB,,33.9,chris carson
2021,David Montgomery,RB,HOU,34.9,david montgomery
2021,D'Andre Swift,RB,CHI,35.6,d andre swift
2021,James Robinson,RB,,36.0,james robinson
2021,Kyler Murray,QB,MIN,36.9,kyler murray
2021,CeeDee Lamb,WR,DAL,37.1,ceedee lamb
2021,Kyle Pitts,TE,ATL,38.3,kyle pitts
2021,Lamar Jackson,QB,BAL,39.4,lamar jackson
2021,Julio Jones,WR,,40.0,julio jones
2021,Amari Cooper,WR,,41.8,amari cooper
2021,Miles Sanders,RB,,42.2,miles sanders
2021,Cooper Kupp,WR,SEA,43.3,cooper kupp
2021,Darrell Henderson,RB,,44.0,darrell henderson
2021,Chris Godwin,WR,TB,44.8,chris godwin
2021,Robert Woods,WR,,46.7,robert woods
2021,Russell Wilson,QB,,47.4,russell wilson
2021,Mark Andrews,TE,BAL,47.5,mark andrews
2021,Adam Thielen,WR,,49.6,adam thielen
2021,DJ Moore,WR,BUF,50.5,dj moore
2021,Tyler Lockett,WR,,51.0,tyler lockett
2021,Kareem Hunt,RB,,52.0,kareem hunt
2021,Aaron Rodgers,QB,PIT,54.0,aaron rodgers
2021,Justin Herbert,QB,LAC,55.2,justin herbert
2021,T.J. Hockenson,TE,MIN,55.7,t j hockenson
2021,Myles Gaskin,RB,,57.0,myles gaskin
2021,Diontae Johnson,WR,,58.2,diontae johnson
2021,Dak Prescott,QB,DAL,59.5,dak prescott
2021,Ja'Marr Chase,WR,CIN,60.8,ja marr chase
2021,Brandon Aiyuk,WR,SF,61.8,brandon aiyuk
2021,Javonte Williams,RB,DAL,62.4,javonte williams
2021,Michael Thomas,WR,,63.0,michael thomas
2021,Odell Beckham,WR,NYG,63.4,odell beckham
2021,Mike Davis,RB,,63.9,mike davis
2021,Tee Higgins,WR,CIN,65.2,tee higgins
2021,Chase Edmonds,RB,,66.4,chase edmonds
2021,JuJu Smith-Schuster,WR,NYG,67.5,juju smith schuster
2021,Gus Edwards,RB,,68.0,gus edwards
2021,Tom Brady,QB,,68.8,tom brady
2021,Kenny Golladay,WR,,69.8,kenny golladay
2021,Chase Claypool,WR,,70.0,chase claypool
2021,Jerry Jeudy,WR,CLE,71.6,jerry jeudy
2021,Raheem Mostert,RB,,71.8,raheem mostert
2021,Noah Fant,TE,NO,73.5,noah fant
2021,DeVonta Smith,WR,PHI,74.3,devonta smith
2021,Melvin Gordon,RB,,77.9,melvin gordon
2021,Leonard Fournette,RB,,78.1,leonard fournette
2021,Robbie Chosen,WR,,79.5,robbie chosen
2021,Rob Gronkowski,TE,,79.6,rob gronkowski
2021,Trey Sermon,RB,,81.5,trey sermon
2021,DJ Chark,WR,,82.7,dj chark
2021,Courtland Sutton,WR,DEN,83.1,courtland sutton
2021,Deebo Samuel,WR,SF,84.7,deebo samuel
2021,Damien Harris,RB,,85.2,damien harris
2021,Ronald Jones,RB,,86.5,ronald jones
2021,Matthew Stafford,QB,LAR,87.8,matthew stafford
2021,Dallas Goedert,TE,PHI,87.8,dallas goedert
2021,Jaylen Waddle,WR,DEN,89.3,jaylen waddle
2021,Mike Gesicki,TE,CIN,90.8,mike gesicki
2021,Jarvis Landry,WR,,91.3,jarvis landry
2021,Robert Tonyan,TE,PIT,93.6,robert tonyan
2021,Antonio Brown,WR,,94.5,antonio brown
2021,Laviska Shenault,WR,,95.7,laviska shenault
2021,Brandin Cooks,WR,,95.7,brandin cooks
2021,Ryan Tannehill,QB,,97.5,ryan tannehill
2021,Michael Carter,RB,TEN,98.5,michael carter
2021,Logan Thomas,TE,,99.0,logan thomas
2021,James Conner,RB,ARI,101.4,james conner
2021,Tyler Boyd,WR,,102.1,tyler boyd
2021,Corey Davis,WR,,103.4,corey davis
2021,Trevor Lawrence,QB,JAX,103.8,trevor lawrence
2021,Tyler Higbee,TE,LAR,105.0,tyler higbee
2021,Kenyan Drake,RB,,106.3,kenyan drake
2021,Jalen Hurts,QB,PHI,107.8,jalen hurts
2021,Michael Pittman,WR,PIT,108.6,michael pittman
2021,Zack Moss,RB,,109.6,zack moss
2021,AJ Dillon,RB,CAR,111.6,aj dillon
2021,Joe Burrow,QB,CIN,113.5,joe burrow
2021,Devin Singletary,RB,NYG,114.5,devin singletary
2021,Mike Williams,WR,,115.8,mike williams
2021,William Fuller,WR,,116.0,william fuller
2021,Marquise Brown,WR,PHI,118.9,marquise brown
2021,Curtis Samuel,WR,,119.5,curtis samuel
2021,Michael Gallup,WR,,119.6,michael gallup
2021,David Johnson,RB,,121.9,david johnson
2021,Darnell Mooney,WR,NYG,122.4,darnell mooney
2021,Baker Mayfield,QB,TB,123.9,baker mayfield
2021,Nyheim Miller-Hines,RB,,124.4,nyheim miller hines
2021,Mecole Hardman,WR,BUF,126.9,mecole hardman
2021,Marquez Callaway,WR,,131.9,marquez callaway
2021,Jamaal Williams,RB,,132.8,jamaal williams
2021,Henry Ruggs,WR,,133.8,henry ruggs
2021,Sony Michel,RB,,135.7,sony michel
2021,Justin Fields,QB,KC,135.7,justin fields
2021,Elijah Moore,WR,PHI,137.2,elijah moore
2021,Hunter Henry,TE,NE,138.2,hunter henry
2021,Tony Pollard,RB,TEN,139.1,tony pollard
2021,Jonnu Smith,TE,,140.3,jonnu smith
2021,Trey Lance,QB,LAC,141.3,trey lance
2021,Phillip Lindsay,RB,,142.7,phillip lindsay
2021,Marvin Jones,WR,,143.7,marvin jones
2021,Irv Smith,TE,,151.5,irv smith
2021,Matt Ryan,QB,,153.9,matt ryan
2021,Jakobi Meyers,WR,JAX,154.1,jakobi meyers
2021,Zach Ertz,TE,,155.0,zach ertz
2021,Deshaun Watson,QB,CLE,156.7,deshaun watson
2021,DeVante Parker,WR,,157.4,devante parker
2021,Kirk Cousins,QB,LV,158.7,kirk cousins
2021,Russell Gage,WR,,159.3,russell gage
2021,Evan Engram,TE,DEN,159.9,evan engram
2021,Rashod Bateman,WR,BAL,161.7,rashod bateman
2021,Cole Beasley,WR,,162.7,cole beasley
2021,Jared Cook,TE,,163.9,jared cook
2021,Chuba Hubbard,RB,CAR,164.5,chuba hubbard
2021,J.D. McKissic,RB,,165.2,j d mckissic
2021,Rondale Moore,WR,,167.2,rondale moore
2021,Austin Hooper,TE,ATL,167.9,austin hooper
2021,Nelson Agholor,WR,,170.7,nelson agholor
2021,Alexander Mattison,RB,,171.8,alexander mattison
2021,Latavius Murray,RB,,172.7,latavius murray
2021,Jameis Winston,QB,NYG,175.9,jameis winston
2021,T.Y. Hilton,WR,,178.4,t y hilton
2021,Ben Roethlisberger,QB,PIT,179.6,ben roethlisberger
2021,Mac Jones,QB,SF,180.5,mac jones
2021,Tua Tagovailoa,QB,ATL,181.2,tua tagovailoa
2021,Rhamondre Stevenson,RB,NE,182.0,rhamondre stevenson
2021,Terrace Marshall,WR,MIA,183.2,terrace marshall
2021,Amon-Ra St. Brown,WR,DET,183.2,amon ra st brown
2021,Ryan Fitzpatrick,QB,,185.9,ryan fitzpatrick
2021,Zach Wilson,QB,NO,186.5,zach wilson
2021,Gerald Everett,TE,,187.8,gerald everett
2021,Pat Freiermuth,TE,PIT,188.6,pat freiermuth
2021,Kenny Gainwell,RB,TB,189.1,kenneth gainwell
2021,Randall Cobb,WR,,190.4,randall cobb
2021,Cole Kmet,TE,CHI,191.2,cole kmet
2021,Adam Trautman,TE,DEN,191.9,adam trautman
2021,James White,RB,,193.5,james white
2021,Jalen Reagor,WR,MIA,195.8,jalen reagor
2021,Tevin Coleman,RB,,196.5,tevin coleman
2021,Sterling Shepard,WR,,197.0,sterling shepard
2021,A.J. Green,WR,,198.9,a j green
2021,Bryan Edwards,WR,,199.2,bryan edwards
2021,Giovani Bernard,RB,,201.6,giovani bernard
2021,Devontae Booker,RB,,202.8,devontae booker
2021,Derek Carr,QB,,204.3,derek carr
2021,Daniel Jones,QB,IND,206.2,daniel jones
2021,Gabe Davis,WR,,207.4,gabe davis
2021,Christian Kirk,WR,SF,209.9,christian kirk
2021,Tre'Quan Smith,WR,,210.6,tre quan smith
2021,Emmanuel Sanders,WR,,211.1,emmanuel sanders
2021,Sammy Watkins,WR,,212.8,sammy watkins
2021,Blake Jarwin,TE,,213.7,blake jarwin
2021,Eric Ebron,TE,PIT,214.9,eric ebron
2021,Parris Campbell,WR,,215.9,parris campbell
2021,Kadarius Toney,WR,,215.9,kadarius toney
2021,Jamison Crowder,WR,,217.6,jamison crowder
2021,Anthony Firkser,TE,DET,218.4,anthony firkser
2021,Tyrell Williams,WR,,219.3,tyrell williams
2021,Rashaad Penny,RB,,220.4,rashaad penny
2021,Marquez Valdes-Scantling,WR,DAL,221.2,marquez valdes scantling
2021,Marlon Mack,RB,,222.4,marlon mack
2021,Damien Williams,RB,,223.3,damien williams
2021,Boston Scott,RB,,223.9,boston scott
2021,Ty'Son Williams,RB,,226.4,ty son williams
2021,Cordarrelle Patterson,RB,,231.2,cordarrelle patterson
2021,Carson Wentz,QB,MIN,233.0,carson wentz
2021,Tony Jones,RB,,236.1,tony jones
2021,Cam Newton,QB,,237.9,cam newton
2021,Le'Veon Bell,RB,TB,238.2,le veon bell
2021,Tim Tebow,TE,,239.3,tim tebow
2021,Sam Darnold,QB,SEA,239.5,sam darnold
2021,Mark Ingram,RB,,241.9,mark ingram
2021,Xavier Jones,RB,,242.6,xavier jones
2021,Tarik Cohen,RB,,243.5,tarik cohen
2021,Ty Johnson,RB,BUF,244.5,ty johnson
2021,Darrel Williams,RB,,245.0,darrel williams
2021,O.J. Howard,TE,,246.0,o j howard
2021,Carlos Hyde,RB,,247.6,carlos hyde
2021,Amari Rodgers,WR,,247.9,amari rodgers
2021,Darrynton Evans,RB,,249.1,darrynton evans
2021,Joshua Palmer,WR,BUF,249.6,joshua palmer
2021,Hunter Renfrow,WR,,250.7,hunter renfrow
2021,Jerick McKinnon,RB,,251.2,jerick mckinnon
2021,Allen Lazard,WR,,252.1,allen lazard
2021,Donovan Peoples-Jones,WR,,253.1,donovan peoples jones
2021,Nico Collins,WR,HOU,254.5,nico collins
2021,Malcolm Brown,RB,,255.5,malcolm brown
2021,Van Jefferson,WR,WAS,255.9,van jefferson
2021,Salvon Ahmed,RB,CHI,257.4,salvon ahmed
2021,Nick Stevens,QB,,258.0,nick stevens
2021,Ricky Seals-Jones,TE,,259.0,ricky seals jones
2021,Kevin Rader,TE,,265.0,kevin rader
2021,Wilton Speight,QB,,265.0,wilton speight
2021,Brogan Roback,QB,,268.7,brogan roback
2021,Riley Neal,QB,,269.6,riley neal
2021,Jacob Huesman,QB,,270.0,jacob huesman
2021,Trevor Davis,WR,,271.0,trevor davis
2021,David Fales,QB,,271.0,david fales
2021,Nick Schuessler,QB,PIT,271.3,nick schuessler
2021,Glen Coffee,RB,SF,272.0,glen coffee
2021,Tim Semisch,TE,,273.0,tim semisch
2021,Dalton Sturm,QB,,274.0,dalton sturm
2021,Jake Heaps,QB,,275.3,jake heaps
2021,Eli Jenkins,QB,,276.0,eli jenkins
2021,Ryan Finley,QB,,277.4,ryan finley
2021,Tim Boyle,QB,,278.0,tim boyle
2021,Josh Imatorbhebhe,WR,,278.1,josh imatorbhebhe
2021,Malik Taylor,WR,,280.0,malik taylor
2021,Cody Kessler,QB,,280.0,cody kessler
2021,Alfred Morris,RB,,281.0,alfred morris
2021,Todd Gurley,RB,,282.0,todd gurley
2021,Paxton Lynch,QB,,282.2,paxton lynch
2021,Drew Stanton,QB,,283.3,drew stanton
2021,Jamie Newman,QB,,285.0,jamie newman
2021,Jake Luton,QB,,286.0,jake luton
2021,Reid Sinnett,QB,,287.0,reid sinnett
2021,Jon'Vea Johnson,WR,,287.0,jon vea johnson
2021,Tommy Armstrong Jr.,QB,,291.0,tommy armstrong
2021,Xavier Ubosi,WR,,292.8,xavier ubosi
2021,Nick Fitzgerald,QB,,293.5,nick fitzgerald
2021,Jordan Thomas,TE,,294.0,jordan thomas
2021,Kevin Davidson,QB,,294.0,kevin davidson
2021,Charles Clay,TE,,295.1,charles clay
2021,Bryce Perkins,QB,,295.8,bryce perkins
2021,Lamar Jordan,QB,,296.0,lamar jordan
2021,Blake Bell,TE,,297.2,blake bell
2021,Vance McDonald,TE,,298.7,vance mcdonald
2022,Jonathan Taylor,RB,IND,1.5,jonathan taylor
2022,Christian McCaffrey,RB,SF,2.6,christian mccaffrey
2022,Derrick Henry,RB,BAL,3.9,derrick henry
2022,Austin Ekeler,RB,,4.4,austin ekeler
2022,Cooper Kupp,WR,SEA,5.5,cooper kupp
2022,Justin Jefferson,WR,MIN,6.4,justin jefferson
2022,Dalvin Cook,RB,,7.0,dalvin cook
2022,Najee Harris,RB,,8.6,najee harris
2022,Ja'Marr Chase,WR,CIN,9.9,ja marr chase
2022,Joe Mixon,RB,,10.1,joe mixon
2022,Davante Adams,WR,LAR,11.4,davante adams
2022,Stefon Diggs,WR,,12.5,stefon diggs
2022,D'Andre Swift,RB,CHI,13.4,d andre swift
2022,Travis Kelce,TE,KC,13.6,travis kelce
2022,Alvin Kamara,RB,NO,15.7,alvin kamara
2022,Nick Chubb,RB,,16.7,nick chubb
2022,Aaron Jones,RB,MIN,17.5,aaron jones
2022,Saquon Barkley,RB,PHI,18.6,saquon barkley
2022,CeeDee Lamb,WR,DAL,19.5,ceedee lamb
2022,Tyreek Hill,WR,,20.4,tyreek hill
2022,Deebo Samuel,WR,SF,20.7,deebo samuel
2022,Josh Allen,QB,BUF,22.0,josh allen
2022,Javonte Williams,RB,DAL,23.2,javonte williams
2022,Mark Andrews,TE,BAL,24.7,mark andrews
2022,Leonard Fournette,RB,,25.7,leonard fournette
2022,Mike Evans,WR,SF,26.6,mike evans
2022,Keenan Allen,WR,,27.1,keenan allen
2022,A.J. Brown,WR,NE,27.9,a j brown
2022,Ezekiel Elliott,RB,,29.1,ezekiel elliott
2022,James Conner,RB,ARI,30.8,james conner
2022,Patrick Mahomes,QB,KC,31.2,patrick mahomes
2022,Kyle Pitts,TE,ATL,32.9,kyle pitts
2022,Justin Herbert,QB,LAC,33.7,justin herbert
2022,Tee Higgins,WR,CIN,34.0,tee higgins
2022,Michael Pittman,WR,PIT,34.2,michael pittman
2022,George Kittle,TE,SF,36.7,george kittle
2022,Terry McLaurin,WR,WAS,37.1,terry mclaurin
2022,Cam Akers,RB,,38.8,cam akers
2022,Travis Etienne,RB,NO,39.8,travis etienne
2022,David Montgomery,RB,HOU,40.4,david montgomery
2022,DJ Moore,WR,BUF,41.0,dj moore
2022,Darren Waller,TE,,41.9,darren waller
2022,Lamar Jackson,QB,BAL,43.2,lamar jackson
2022,Jaylen Waddle,WR,DEN,44.2,jaylen waddle
2022,Courtland Sutton,WR,DEN,45.8,courtland sutton
2022,Diontae Johnson,WR,,46.8,diontae johnson
2022,Breece Hall,RB,NYJ,47.5,breece hall
2022,DK Metcalf,WR,PIT,48.2,dk metcalf
2022,Mike Williams,WR,,48.2,mike williams
2022,Josh Jacobs,RB,GB,50.9,josh jacobs
2022,Jerry Jeudy,WR,CLE,51.0,jerry jeudy
2022,Joe Burrow,QB,CIN,52.5,joe burrow
2022,Kyler Murray,QB,MIN,53.4,kyler murray
2022,Dalton Schultz,TE,HOU,54.2,dalton schultz
2022,J.K. Dobbins,RB,DEN,55.2,j k dobbins
2022,Allen Robinson,WR,,55.6,allen robinson
2022,Antonio Gibson,RB,,57.7,antonio gibson
2022,Elijah Mitchell,RB,PHI,58.0,elijah mitchell
2022,Marquise Brown,WR,PHI,59.1,marquise brown
2022,Brandin Cooks,WR,,60.4,brandin cooks
2022,Jalen Hurts,QB,PHI,61.7,jalen hurts
2022,AJ Dillon,RB,CAR,62.5,aj dillon
2022,Amari Cooper,WR,,62.8,amari cooper
2022,Chris Godwin,WR,TB,64.2,chris godwin
2022,Clyde Edwards-Helaire,RB,,65.2,clyde edwards helaire
2022,T.J. Hockenson,TE,MIN,66.8,t j hockenson
2022,Michael Thomas,WR,,67.0,michael thomas
2022,Amon-Ra St. Brown,WR,DET,68.4,amon ra st brown
2022,JuJu Smith-Schuster,WR,NYG,69.6,juju smith schuster
2022,Adam Thielen,WR,,69.8,adam thielen
2022,Russell Wilson,QB,,71.2,russell wilson
2022,Dallas Goedert,TE,PHI,72.0,dallas goedert
2022,Gabe Davis,WR,,73.1,gabe davis
2022,Tom Brady,QB,,74.1,tom brady
2022,Darnell Mooney,WR,NYG,75.7,darnell mooney
2022,Miles Sanders,RB,,76.1,miles sanders
2022,Rashod Bateman,WR,BAL,76.4,rashod bateman
2022,DeAndre Hopkins,WR,,78.2,deandre hopkins
2022,Kareem Hunt,RB,,79.9,kareem hunt
2022,Cordarrelle Patterson,RB,,80.7,cordarrelle patterson
2022,Hunter Renfrow,WR,,81.3,hunter renfrow
2022,Damien Harris,RB,,82.6,damien harris
2022,Tony Pollard,RB,TEN,83.0,tony pollard
2022,Dawson Knox,TE,BUF,83.8,dawson knox
2022,Chase Edmonds,RB,,85.6,chase edmonds
2022,Zach Ertz,TE,,86.4,zach ertz
2022,DeVonta Smith,WR,PHI,87.3,devonta smith
2022,Aaron Rodgers,QB,PIT,88.7,aaron rodgers
2022,Dameon Pierce,RB,PHI,89.2,dameon pierce
2022,Devin Singletary,RB,NYG,90.0,devin singletary
2022,Drake London,WR,ATL,90.7,drake london
2022,Elijah Moore,WR,PHI,92.7,elijah moore
2022,Allen Lazard,WR,,93.0,allen lazard
2022,Dak Prescott,QB,DAL,94.8,dak prescott
2022,Rashaad Penny,RB,,95.8,rashaad penny
2022,Kenneth Walker,RB,KC,97.6,kenneth walker
2022,Brandon Aiyuk,WR,SF,97.9,brandon aiyuk
2022,Tyler Lockett,WR,,99.8,tyler lockett
2022,Matthew Stafford,QB,LAR,100.4,matthew stafford
2022,Rhamondre Stevenson,RB,NE,101.8,rhamondre stevenson
2022,Chris Olave,WR,NO,102.2,chris olave
2022,Pat Freiermuth,TE,PIT,103.8,pat freiermuth
2022,James Cook,RB,BUF,104.3,james cook
2022,Christian Kirk,WR,SF,104.3,christian kirk
2022,Trey Lance,QB,LAC,106.2,trey lance
2022,Melvin Gordon,RB,,108.2,melvin gordon
2022,Treylon Burks,WR,WAS,109.4,treylon burks
2022,Robert Woods,WR,,110.1,robert woods
2022,George Pickens,WR,DAL,111.5,george pickens
2022,Mike Gesicki,TE,CIN,113.5,mike gesicki
2022,Derek Carr,QB,,114.8,derek carr
2022,Chase Claypool,WR,,115.6,chase claypool
2022,Cole Kmet,TE,CHI,116.8,cole kmet
2022,Kadarius Toney,WR,,117.4,kadarius toney
2022,Michael Carter,RB,TEN,118.1,michael carter
2022,Garrett Wilson,WR,NYJ,118.7,garrett wilson
2022,James Robinson,RB,,120.9,james robinson
2022,Skyy Moore,WR,GB,121.9,skyy moore
2022,Alexander Mattison,RB,,122.7,alexander mattison
2022,Julio Jones,WR,,123.2,julio jones
2022,Tyler Boyd,WR,,125.4,tyler boyd
2022,Darrell Henderson,RB,,125.6,darrell henderson
2022,Nyheim Miller-Hines,RB,,127.8,nyheim miller hines
2022,Kirk Cousins,QB,LV,128.8,kirk cousins
2022,Albert Okwuegbunam,TE,LV,130.2,albert okwuegbunam
2022,Marquez Valdes-Scantling,WR,DAL,136.9,marquez valdes scantling
2022,Hunter Henry,TE,NE,137.8,hunter henry
2022,Jarvis Landry,WR,,138.4,jarvis landry
2022,Michael Gallup,WR,,139.2,michael gallup
2022,Tua Tagovailoa,QB,ATL,141.6,tua tagovailoa
2022,Tyler Higbee,TE,LAR,144.9,tyler higbee
2022,Kenny Gainwell,RB,TB,145.9,kenneth gainwell
2022,Isaiah Spiller,RB,,146.2,isaiah spiller
2022,DeVante Parker,WR,,148.7,devante parker
2022,Justin Fields,QB,KC,153.2,justin fields
2022,Russell Gage,WR,,155.6,russell gage
2022,Brian Robinson,RB,ATL,156.0,brian robinson
2022,Rondale Moore,WR,,157.8,rondale moore
2022,David Njoku,TE,LAC,158.0,david njoku
2022,Romeo Doubs,WR,NE,159.8,romeo doubs
2022,Jahan Dotson,WR,ATL,160.7,jahan dotson
2022,Rachaad White,RB,WAS,160.7,rachaad white
2022,Tyler Allgeier,RB,ARI,162.8,tyler allgeier
2022,Christian Watson,WR,GB,163.5,christian watson
2022,Irv Smith,TE,,164.6,irv smith
2022,Trevor Lawrence,QB,JAX,165.6,trevor lawrence
2022,Jameis Winston,QB,NYG,166.7,jameis winston
2022,Jakobi Meyers,WR,JAX,167.0,jakobi meyers
2022,Khalil Herbert,RB,,167.4,khalil herbert
2022,Mark Ingram,RB,,169.4,mark ingram
2022,J.D. McKissic,RB,,170.8,j d mckissic
2022,DJ Chark,WR,,172.8,dj chark
2022,Isiah Pacheco,RB,DET,174.7,isiah pacheco
2022,Jameson Williams,WR,DET,174.8,jameson williams
2022,Mac Jones,QB,SF,177.0,mac jones
2022,Matt Ryan,QB,,178.8,matt ryan
2022,Jamaal Williams,RB,,179.8,jamaal williams
2022,Deshaun Watson,QB,CLE,180.5,deshaun watson
2022,Isaiah McKenzie,WR,,181.4,isaiah mckenzie
2022,Raheem Mostert,RB,,181.5,raheem mostert
2022,Robert Tonyan,TE,PIT,183.1,robert tonyan
2022,Noah Fant,TE,NO,184.2,noah fant
2022,Mecole Hardman,WR,BUF,185.5,mecole hardman
2022,Ronald Jones,RB,,186.9,ronald jones
2022,Jalen Tolbert,WR,MIA,188.4,jalen tolbert
2022,Gerald Everett,TE,,189.0,gerald everett
2022,Kenny Golladay,WR,,190.0,kenny golladay
2022,Sammy Watkins,WR,,191.3,sammy watkins
2022,Marlon Mack,RB,,192.1,marlon mack
2022,Zamir White,RB,,193.2,zamir white
2022,Chuba Hubbard,RB,CAR,195.6,chuba hubbard
2022,Alec Pierce,WR,IND,197.1,alec pierce
2022,Odell Beckham,WR,NYG,198.2,odell beckham
2022,Baker Mayfield,QB,TB,200.7,baker mayfield
2022,Hayden Hurst,TE,,201.1,hayden hurst
2022,Taysom Hill,TE,,202.2,taysom hill
2022,Austin Hooper,TE,ATL,205.3,austin hooper
2022,Kenny Pickett,QB,CAR,206.5,kenny pickett
2022,Ryan Tannehill,QB,,208.0,ryan tannehill
2022,Nico Collins,WR,HOU,209.1,nico collins
2022,Joshua Palmer,WR,BUF,209.5,joshua palmer
2022,K.J. Osborn,WR,TEN,211.0,k j osborn
2022,Evan Engram,TE,DEN,212.1,evan engram
2022,Wan'Dale Robinson,WR,TEN,213.1,wan dale robinson
2022,Tyrion Davis-Price,RB,,214.9,tyrion davis price
2022,D'Onta Foreman,RB,,215.0,d onta foreman
2022,Darrel Williams,RB,,216.3,darrel williams
2022,A.J. Green,WR,,216.4,a j green
2022,KJ Hamler,WR,,218.0,kj hamler
2022,Robbie Chosen,WR,,219.9,robbie chosen
2022,Rob Gronkowski,TE,,220.3,rob gronkowski
2022,Kyle Rudolph,TE,,223.5,kyle rudolph
2022,Zach Wilson,QB,NO,225.1,zach wilson
2022,Daniel Jones,QB,IND,226.3,daniel jones
2022,Jared Goff,QB,DET,227.9,jared goff
2022,Curtis Samuel,WR,,228.3,curtis samuel
2022,Gus Edwards,RB,,229.9,gus edwards
2022,Cameron Brate,TE,,230.1,cameron brate
2022,Van Jefferson,WR,WAS,230.5,van jefferson
2022,Marcus Mariota,QB,WAS,232.9,marcus mariota
2022,Marvin Jones,WR,,233.8,marvin jones
2022,Kenyan Drake,RB,,234.0,kenyan drake
2022,Jamison Crowder,WR,,235.1,jamison crowder
2022,Randall Cobb,WR,,236.5,randall cobb
2022,Donovan Peoples-Jones,WR,,237.2,donovan peoples jones
2022,David Bell,WR,,237.5,david bell
2022,Jerick McKinnon,RB,,239.8,jerick mckinnon
2022,Parris Campbell,WR,,240.6,parris campbell
2022,Logan Thomas,TE,,241.9,logan thomas
2022,Dontrell Hilliard,RB,,242.5,dontrell hilliard
2022,Eno Benjamin,RB,,243.1,eno benjamin
2022,Sony Michel,RB,,244.8,sony michel
2022,Devin Duvernay,WR,ARI,244.9,devin duvernay
2022,Hassan Haskins,RB,,246.7,hassan haskins
2022,Samaje Perine,RB,CIN,247.4,samaje perine
2022,Jalen Morton,QB,IND,252.0,jalen morton
2022,Jake Rudock,QB,,253.0,jake rudock
2022,Alex McGough,QB,,254.3,alex mcgough
2022,Alex Tanney,QB,,255.5,alex tanney
2022,David Fales,QB,,256.4,david fales
2022,Josh Johnson,QB,CIN,257.8,josh johnson
2022,Brandon Peters,QB,,258.0,brandon peters
2022,Kevin Hogan,QB,,259.0,kevin hogan
2022,Matt Barkley,QB,,260.2,matt barkley
2022,Jalan McClendon,QB,,261.8,jalan mcclendon
2022,Anthony Gordon,QB,,262.7,anthony gordon
2022,Brian Lewerke,QB,,264.0,brian lewerke
2022,Kyle Shurmur,QB,,265.3,kyle shurmur
2022,T.J. Linta,QB,,265.3,t j linta
2022,Jamie Newman,QB,,267.9,jamie newman
2022,Alex Ellis,TE,,269.0,alex ellis
2022,Drew Stanton,QB,,270.7,drew stanton
2022,Kyle Sloter,QB,,271.2,kyle sloter
2022,Eli Jenkins,QB,,272.4,eli jenkins
2022,Blake Sims,QB,,272.7,blake sims
2022,Nic Shimonek,QB,,274.0,nic shimonek
2022,Jake Heaps,QB,,276.7,jake heaps
2022,Tommy Armstrong Jr.,QB,,277.4,tommy armstrong
2022,Matt Moore,QB,,278.3,matt moore
2022,Wilton Speight,QB,,279.7,wilton speight
2022,Luke Falk,QB,,280.0,luke falk
2022,Rhett Ellison,TE,,281.2,rhett ellison
2022,Alex Smith,QB,,282.3,alex smith
2022,Reggie Diggs,WR,,283.8,reggie diggs
2022,Zach Conque,QB,,284.9,zach conque
2022,Joel Stave,QB,,286.2,joel stave
2022,Mitch Leidner,QB,,286.3,mitch leidner
2022,Austin Appleby,QB,,288.8,austin appleby
2022,Travis Benjamin,WR,,289.6,travis benjamin
2022,Tyler Bray,QB,,291.6,tyler bray
2022,Ryan Griffin,QB,,293.0,ryan griffin
2022,Nick Fitzgerald,QB,,293.8,nick fitzgerald
2022,Jacob Huesman,QB,,296.8,jacob huesman
2022,Jack Heneghan,QB,,298.1,jack heneghan
2022,Josh Bellamy,WR,,299.0,josh bellamy
2023,Justin Jefferson,WR,MIN,1.4,justin jefferson
2023,Christian McCaffrey,RB,SF,2.9,christian mccaffrey
2023,Ja'Marr Chase,WR,CIN,3.6,ja marr chase
2023,Austin Ekeler,RB,,4.4,austin ekeler
2023,Travis Kelce,TE,KC,5.3,travis kelce
2023,Tyreek Hill,WR,,6.8,tyreek hill
2023,Stefon Diggs,WR,,8.4,stefon diggs
2023,Bijan Robinson,RB,ATL,8.9,bijan robinson
2023,Saquon Barkley,RB,PHI,10.2,saquon barkley
2023,Nick Chubb,RB,,11.0,nick chubb
2023,CeeDee Lamb,WR,DAL,12.9,ceedee lamb
2023,Patrick Mahomes,QB,KC,13.3,patrick mahomes
2023,A.J. Brown,WR,NE,14.4,a j brown
2023,Davante Adams,WR,LAR,15.2,davante adams
2023,Cooper Kupp,WR,SEA,15.5,cooper kupp
2023,Derrick Henry,RB,BAL,16.8,derrick henry
2023,Amon-Ra St. Brown,WR,DET,17.7,amon ra st brown
2023,Garrett Wilson,WR,NYJ,17.9,garrett wilson
2023,Josh Jacobs,RB,GB,19.2,josh jacobs
2023,Josh Allen,QB,BUF,20.4,josh allen
2023,Tony Pollard,RB,TEN,21.5,tony pollard
2023,Jaylen Waddle,WR,DEN,22.2,jaylen waddle
2023,Jalen Hurts,QB,PHI,23.1,jalen hurts
2023,Chris Olave,WR,NO,24.4,chris olave
2023,Tee Higgins,WR,CIN,26.3,tee higgins
2023,Mark Andrews,TE,BAL,26.8,mark andrews
2023,DeVonta Smith,WR,PHI,28.3,devonta smith
2023,Najee Harris,RB,,29.3,najee harris
2023,Rhamondre Stevenson,RB,NE,30.7,rhamondre stevenson
2023,Travis Etienne,RB,NO,31.7,travis etienne
2023,DK Metcalf,WR,PIT,32.7,dk metcalf
2023,Lamar Jackson,QB,BAL,33.7,lamar jackson
2023,Jahmyr Gibbs,RB,DET,34.3,jahmyr gibbs
2023,Calvin Ridley,WR,TEN,35.5,calvin ridley
2023,Joe Burrow,QB,CIN,35.7,joe burrow
2023,Joe Mixon,RB,,37.5,joe mixon
2023,Deebo Samuel,WR,SF,38.7,deebo samuel
2023,Keenan Allen,WR,,39.9,keenan allen
2023,Breece Hall,RB,NYJ,40.0,breece hall
2023,Aaron Jones,RB,MIN,41.9,aaron jones
2023,Kenneth Walker,RB,KC,42.7,kenneth walker
2023,Amari Cooper,WR,,43.9,amari cooper
2023,George Kittle,TE,SF,44.1,george kittle
2023,Justin Fields,QB,KC,44.9,justin fields
2023,Jonathan Taylor,RB,IND,45.5,jonathan taylor
2023,Justin Herbert,QB,LAC,46.0,justin herbert
2023,T.J. Hockenson,TE,MIN,47.5,t j hockenson
2023,DeAndre Hopkins,WR,,48.2,deandre hopkins
2023,Dameon Pierce,RB,PHI,49.7,dameon pierce
2023,DJ Moore,WR,BUF,50.6,dj moore
2023,Terry McLaurin,WR,WAS,51.3,terry mclaurin
2023,Darren Waller,TE,,52.0,darren waller
2023,Trevor Lawrence,QB,JAX,53.8,trevor lawrence
2023,Miles Sanders,RB,,53.9,miles sanders
2023,Drake London,WR,ATL,55.1,drake london
2023,J.K. Dobbins,RB,DEN,56.0,j k dobbins
2023,Alexander Mattison,RB,,58.4,alexander mattison
2023,Dallas Goedert,TE,PHI,59.6,dallas goedert
2023,Kyle Pitts,TE,ATL,60.6,kyle pitts
2023,Christian Watson,WR,GB,61.6,christian watson
2023,D'Andre Swift,RB,CHI,62.9,d andre swift
2023,Chris Godwin,WR,TB,62.9,chris godwin
2023,Alvin Kamara,RB,NO,64.7,alvin kamara
2023,Brandon Aiyuk,WR,SF,65.2,brandon aiyuk
2023,James Conner,RB,ARI,66.4,james conner
2023,Cam Akers,RB,,67.5,cam akers
2023,Tyler Lockett,WR,,68.1,tyler lockett
2023,Michael Pittman,WR,PIT,69.3,michael pittman
2023,Dalvin Cook,RB,,70.9,dalvin cook
2023,Mike Williams,WR,,71.4,mike williams
2023,Christian Kirk,WR,SF,71.7,christian kirk
2023,Isiah Pacheco,RB,DET,73.5,isiah pacheco
2023,Jerry Jeudy,WR,CLE,73.5,jerry jeudy
2023,George Pickens,WR,DAL,74.4,george pickens
2023,Mike Evans,WR,SF,75.4,mike evans
2023,Evan Engram,TE,DEN,76.0,evan engram
2023,Rachaad White,RB,WAS,77.5,rachaad white
2023,Javonte Williams,RB,DAL,78.8,javonte williams
2023,Marquise Brown,WR,PHI,79.1,marquise brown
2023,Diontae Johnson,WR,,80.4,diontae johnson
2023,Jaxon Smith-Njigba,WR,SEA,80.9,jaxon smith njigba
2023,James Cook,RB,BUF,82.7,james cook
2023,David Montgomery,RB,HOU,83.2,david montgomery
2023,Pat Freiermuth,TE,PIT,84.9,pat freiermuth
2023,Jordan Addison,WR,MIN,85.9,jordan addison
2023,David Njoku,TE,LAC,86.4,david njoku
2023,Dak Prescott,QB,DAL,88.5,dak prescott
2023,Deshaun Watson,QB,CLE,89.6,deshaun watson
2023,Jahan Dotson,WR,ATL,90.0,jahan dotson
2023,Tua Tagovailoa,QB,ATL,92.1,tua tagovailoa
2023,AJ Dillon,RB,CAR,93.1,aj dillon
2023,Aaron Rodgers,QB,PIT,94.8,aaron rodgers
2023,Michael Thomas,WR,,95.6,michael thomas
2023,Brandin Cooks,WR,,97.7,brandin cooks
2023,Antonio Gibson,RB,,98.0,antonio gibson
2023,Kadarius Toney,WR,,98.7,kadarius toney
2023,Zay Flowers,WR,BAL,100.0,zay flowers
2023,Gabe Davis,WR,,101.9,gabe davis
2023,Brian Robinson,RB,ATL,102.7,brian robinson
2023,Quentin Johnston,WR,LAC,103.3,quentin johnston
2023,Jamaal Williams,RB,,105.8,jamaal williams
2023,Khalil Herbert,RB,,106.5,khalil herbert
2023,JuJu Smith-Schuster,WR,NYG,107.0,juju smith schuster
2023,Treylon Burks,WR,WAS,107.2,treylon burks
2023,Odell Beckham,WR,NYG,109.0,odell beckham
2023,Kirk Cousins,QB,LV,112.0,kirk cousins
2023,Dalton Schultz,TE,HOU,113.4,dalton schultz
2023,Anthony Richardson,QB,IND,114.8,anthony richardson
2023,Zach Charbonnet,RB,SEA,115.9,zach charbonnet
2023,Rashaad Penny,RB,,116.6,rashaad penny
2023,Courtland Sutton,WR,DEN,118.6,courtland sutton
2023,Cole Kmet,TE,CHI,120.5,cole kmet
2023,Dalton Kincaid,TE,BUF,121.4,dalton kincaid
2023,Elijah Moore,WR,PHI,122.3,elijah moore
2023,Samaje Perine,RB,CIN,123.0,samaje perine
2023,Ezekiel Elliott,RB,,125.2,ezekiel elliott
2023,Allen Lazard,WR,,125.3,allen lazard
2023,Adam Thielen,WR,,127.2,adam thielen
2023,Jerick McKinnon,RB,,129.9,jerick mckinnon
2023,Skyy Moore,WR,GB,131.2,skyy moore
2023,Geno Smith,QB,NYJ,132.5,geno smith
2023,De'Von Achane,RB,MIA,133.9,de von achane
2023,Tyler Higbee,TE,LAR,138.6,tyler higbee
2023,Jameson Williams,WR,DET,139.7,jameson williams
2023,Tank Bigsby,RB,PHI,140.7,tank bigsby
2023,Elijah Mitchell,RB,PHI,141.0,elijah mitchell
2023,Raheem Mostert,RB,,142.1,raheem mostert
2023,Daniel Jones,QB,IND,143.2,daniel jones
2023,Rashod Bateman,WR,BAL,145.7,rashod bateman
2023,Tyler Boyd,WR,,146.6,tyler boyd
2023,Chig Okonkwo,TE,WAS,147.1,chig okonkwo
2023,Jared Goff,QB,DET,148.7,jared goff
2023,Damien Harris,RB,,149.3,damien harris
2023,Rashee Rice,WR,KC,150.8,rashee rice
2023,Sam LaPorta,TE,DET,152.5,sam laporta
2023,Jakobi Meyers,WR,JAX,152.9,jakobi meyers
2023,Tyler Allgeier,RB,ARI,154.1,tyler allgeier
2023,Darnell Mooney,WR,NYG,155.1,darnell mooney
2023,Brock Purdy,QB,SF,158.8,brock purdy
2023,Deuce Vaughn,RB,,159.3,deuce vaughn
2023,Jaylen Warren,RB,PIT,160.1,jaylen warren
2023,Jalin Hyatt,WR,NYG,163.3,jalin hyatt
2023,Dawson Knox,TE,BUF,164.6,dawson knox
2023,Romeo Doubs,WR,NE,166.6,romeo doubs
2023,Derek Carr,QB,,167.3,derek carr
2023,Russell Wilson,QB,,168.9,russell wilson
2023,Zay Jones,WR,,169.3,zay jones
2023,Greg Dulcich,TE,MIA,170.4,greg dulcich
2023,Devin Singletary,RB,NYG,170.7,devin singletary
2023,Jonathan Mingo,WR,DAL,172.9,jonathan mingo
2023,Gerald Everett,TE,,173.3,gerald everett
2023,Bryce Young,QB,CAR,174.0,bryce young
2023,D'Onta Foreman,RB,,175.9,d onta foreman
2023,Rondale Moore,WR,,176.4,rondale moore
2023,Kenny Gainwell,RB,TB,179.7,kenneth gainwell
2023,Kenny Pickett,QB,CAR,179.9,kenny pickett
2023,Marvin Mims,WR,DEN,182.6,marvin mims
2023,Tank Dell,WR,HOU,183.8,tank dell
2023,Nico Collins,WR,HOU,184.6,nico collins
2023,Kareem Hunt,RB,,185.8,kareem hunt
2023,Justyn Ross,WR,,186.1,justyn ross
2023,Michael Gallup,WR,,188.4,michael gallup
2023,Jordan Love,QB,GB,188.8,jordan love
2023,Michael Mayer,TE,LV,191.6,michael mayer
2023,Taysom Hill,TE,,192.1,taysom hill
2023,Kendre Miller,RB,NO,193.6,kendre miller
2023,Roschon Johnson,RB,CHI,194.1,roschon johnson
2023,Juwan Johnson,TE,NO,195.6,juwan johnson
2023,Clyde Edwards-Helaire,RB,,196.3,clyde edwards helaire
2023,Kyler Murray,QB,MIN,197.5,kyler murray
2023,DJ Chark,WR,,197.6,dj chark
2023,Luke Musgrave,TE,GB,202.4,luke musgrave
2023,Jake Ferguson,TE,DAL,203.3,jake ferguson
2023,Tyjae Spears,RB,TEN,205.8,tyjae spears
2023,Chuba Hubbard,RB,CAR,206.2,chuba hubbard
2023,Van Jefferson,WR,WAS,206.3,van jefferson
2023,Alec Pierce,WR,IND,208.3,alec pierce
2023,Matthew Stafford,QB,LAR,209.2,matthew stafford
2023,Donovan Peoples-Jones,WR,,210.2,donovan peoples jones
2023,Marquez Valdes-Scantling,WR,DAL,211.4,marquez valdes scantling
2023,Hunter Renfrow,WR,,212.8,hunter renfrow
2023,K.J. Osborn,WR,TEN,213.3,k j osborn
2023,C.J. Stroud,QB,HOU,214.3,c j stroud
2023,Chase Brown,RB,CIN,215.7,chase brown
2023,Zach Ertz,TE,,215.8,zach ertz
2023,John Metchie,WR,CAR,217.8,john metchie
2023,Jayden Reed,WR,GB,218.0,jayden reed
2023,Curtis Samuel,WR,,219.6,curtis samuel
2023,Cordarrelle Patterson,RB,,220.0,cordarrelle patterson
2023,Irv Smith,TE,,221.4,irv smith
2023,Zamir White,RB,,222.7,zamir white
2023,Deon Jackson,RB,,223.8,deon jackson
2023,Evan Hull,RB,HOU,227.3,evan hull
2023,Sam Howell,QB,DAL,228.5,sam howell
2023,Jimmy Garoppolo,QB,,229.9,jimmy garoppolo
2023,Hayden Hurst,TE,,230.6,hayden hurst
2023,Isaiah Hodgins,WR,NYG,231.0,isaiah hodgins
2023,Gus Edwards,RB,,232.5,gus edwards
2023,Zack Moss,RB,,233.0,zack moss
2023,Mecole Hardman,WR,BUF,233.1,mecole hardman
2023,Jerome Ford,RB,WAS,233.6,jerome ford
2023,Ty Chandler,RB,NO,235.6,ty chandler
2023,Tyler Conklin,TE,DET,236.7,tyler conklin
2023,Mike Gesicki,TE,CIN,237.9,mike gesicki
2023,Robert Woods,WR,,238.9,robert woods
2023,Josh Downs,WR,IND,239.6,josh downs
2023,Leonard Fournette,RB,,240.5,leonard fournette
2023,Chase Claypool,WR,,241.6,chase claypool
2023,Rashid Shaheed,WR,SEA,242.3,rashid shaheed
2023,Parris Campbell,WR,,242.7,parris campbell
2023,Bruce Anderson,RB,,244.0,bruce anderson
2023,Mac Jones,QB,SF,244.8,mac jones
2023,Henry Litwin,WR,,245.0,henry litwin
2023,DeVante Parker,WR,,245.4,devante parker
2023,Shawn Bane,WR,,246.0,shawn bane
2023,Dalton Crossan,RB,,247.0,dalton crossan
2023,Trey McBride,TE,ARI,247.4,trey mcbride
2023,Noah Fant,TE,NO,248.0,noah fant
2023,Garrett Hudson,TE,,249.0,garrett hudson
2023,Isaiah Likely,TE,NYG,250.0,isaiah likely
2023,Eric Ebron,TE,PIT,250.0,eric ebron
2023,Jalen Simmons,RB,,251.0,jalen simmons
2023,Ryan Tannehill,QB,,251.2,ryan tannehill
2023,Wan'Dale Robinson,WR,TEN,251.9,wan dale robinson
2023,Desmond Ridder,QB,,253.0,desmond ridder
2023,Keaontay Ingram,RB,,254.0,keaontay ingram
2023,Christian Trahan,TE,,254.0,christian trahan
2023,Israel Abanikanda,RB,DAL,254.2,israel abanikanda
2023,Baker Mayfield,QB,TB,255.6,baker mayfield
2023,Nikola Kalinic,TE,CHI,256.0,nikola kalinic
2023,DeWayne McBride,RB,,256.3,dewayne mcbride
2023,Wilton Speight,QB,,257.0,wilton speight
2023,Puka Nacua,WR,LAR,257.8,puka nacua
2023,Joseph Parker,WR,,258.3,joseph parker
2023,Zach Evans,RB,,258.4,zach evans
2023,John Mitchell,TE,,259.0,john mitchell
2023,Michael Wilson,WR,ARI,259.5,michael wilson
2023,Joshua Kelley,RB,,260.2,joshua kelley
2023,Mitch Leidner,QB,,260.2,mitch leidner
2023,Dalton Sturm,QB,,260.4,dalton sturm
2023,Michael Carter,RB,TEN,260.8,michael carter
2023,Jerod Evans,QB,,262.0,jerod evans
2023,Trey Lance,QB,LAC,262.2,trey lance
2023,Austin Allen,QB,,263.7,austin allen
2023,Jacob Dolegala,QB,,264.4,jacob dolegala
2023,Khalil Shakir,WR,BUF,264.5,khalil shakir
2023,Cade Otton,TE,TB,265.0,cade otton
2023,Luke Falk,QB,,265.8,luke falk
2023,Allen Robinson,WR,,266.4,allen robinson
2023,Tyquan Thornton,WR,KC,267.7,tyquan thornton
2023,Josh Woodrum,QB,,267.9,josh woodrum
2023,Thomas Greaney,TE,,268.0,thomas greaney
2023,Jelani Woods,TE,NYJ,268.8,jelani woods
2023,Pierre Strong,RB,GB,269.0,pierre strong
2023,Cole McDonald,QB,,269.2,cole mcdonald
2023,Terrace Marshall,WR,MIA,269.3,terrace marshall
2023,Kyle Lauletta,QB,,269.5,kyle lauletta
2023,Austin Appleby,QB,,271.7,austin appleby
2023,Danny Etling,QB,,272.8,danny etling
2023,Dylan Stapleton,TE,,273.0,dylan stapleton
2023,Demario Richard,RB,,274.0,demario richard
2023,Malik Flowers,WR,,277.0,malik flowers
2023,Drew Anderson,QB,,278.1,drew anderson
2023,Jack Heneghan,QB,,278.7,jack heneghan
2023,Jared Cook,TE,,280.0,jared cook
2023,Darius Jackson,RB,,281.1,darius jackson
2023,John FitzPatrick,TE,,282.5,john fitzpatrick
2023,Troy Fumagalli,TE,,283.9,troy fumagalli
2023,Josh Hill,TE,,284.5,josh hill
2023,Levine Toilolo,TE,NYG,285.5,levine toilolo
2023,Alize Mack,TE,,286.3,alize mack
2023,Nate Stanley,QB,,287.0,nate stanley
2023,Kaden Smith,TE,,287.9,kaden smith
2023,Nick Bowers,TE,,289.3,nick bowers
2023,Briley Moore,TE,,291.0,briley moore
2023,Marquis Young,RB,,292.1,marquis young
2023,Ross Travis,TE,,293.2,ross travis
2023,Matt Bushman,TE,,295.0,matt bushman
2023,Pharoh Cooper,WR,,296.0,pharoh cooper
2023,Jordan Matthews,TE,,296.9,jordan matthews
2023,Kahale Warring,TE,,298.2,kahale warring
2023,DaeSean Hamilton,WR,,299.5,daesean hamilton
2024,Christian McCaffrey,RB,SF,1.2,christian mccaffrey
2024,Tyreek Hill,WR,,2.7,tyreek hill
2024,CeeDee Lamb,WR,DAL,3.1,ceedee lamb
2024,Justin Jefferson,WR,MIN,4.9,justin jefferson
2024,Ja'Marr Chase,WR,CIN,5.6,ja marr chase
2024,Bijan Robinson,RB,ATL,6.5,bijan robinson
2024,Amon-Ra St. Brown,WR,DET,6.8,amon ra st brown
2024,Breece Hall,RB,NYJ,8.8,breece hall
2024,A.J. Brown,WR,NE,9.1,a j brown
2024,Garrett Wilson,WR,NYJ,11.7,garrett wilson
2024,Saquon Barkley,RB,PHI,12.6,saquon barkley
2024,Jahmyr Gibbs,RB,DET,12.7,jahmyr gibbs
2024,Jonathan Taylor,RB,IND,13.9,jonathan taylor
2024,Marvin Harrison,WR,ARI,15.4,marvin harrison
2024,Kyren Williams,RB,LAR,16.9,kyren williams
2024,Puka Nacua,WR,LAR,17.3,puka nacua
2024,Davante Adams,WR,LAR,17.6,davante adams
2024,Travis Etienne,RB,NO,18.4,travis etienne
2024,Drake London,WR,ATL,19.7,drake london
2024,Derrick Henry,RB,BAL,20.5,derrick henry
2024,Travis Kelce,TE,KC,20.8,travis kelce
2024,Josh Allen,QB,BUF,22.2,josh allen
2024,Chris Olave,WR,NO,23.4,chris olave
2024,Sam LaPorta,TE,DET,24.8,sam laporta
2024,De'Von Achane,RB,MIA,25.0,de von achane
2024,Brandon Aiyuk,WR,SF,26.6,brandon aiyuk
2024,Josh Jacobs,RB,GB,27.5,josh jacobs
2024,Isiah Pacheco,RB,DET,27.6,isiah pacheco
2024,Mike Evans,WR,SF,29.4,mike evans
2024,Patrick Mahomes,QB,KC,30.7,patrick mahomes
2024,Nico Collins,WR,HOU,31.1,nico collins
2024,Stefon Diggs,WR,,32.2,stefon diggs
2024,Deebo Samuel,WR,SF,33.3,deebo samuel
2024,Lamar Jackson,QB,BAL,34.4,lamar jackson
2024,Jalen Hurts,QB,PHI,34.7,jalen hurts
2024,Jaylen Waddle,WR,DEN,36.0,jaylen waddle
2024,DJ Moore,WR,BUF,37.1,dj moore
2024,Rachaad White,RB,WAS,38.5,rachaad white
2024,Cooper Kupp,WR,SEA,39.0,cooper kupp
2024,Michael Pittman,WR,PIT,40.8,michael pittman
2024,James Cook,RB,BUF,41.1,james cook
2024,C.J. Stroud,QB,HOU,41.4,c j stroud
2024,DK Metcalf,WR,PIT,43.1,dk metcalf
2024,Malik Nabers,WR,NYG,44.0,malik nabers
2024,Mark Andrews,TE,BAL,45.8,mark andrews
2024,Trey McBride,TE,ARI,46.0,trey mcbride
2024,Joe Mixon,RB,,47.7,joe mixon
2024,Alvin Kamara,RB,NO,48.0,alvin kamara
2024,DeVonta Smith,WR,PHI,48.7,devonta smith
2024,Kenneth Walker,RB,KC,50.6,kenneth walker
2024,Dalton Kincaid,TE,BUF,51.6,dalton kincaid
2024,Zay Flowers,WR,BAL,52.7,zay flowers
2024,George Kittle,TE,SF,53.2,george kittle
2024,Tank Dell,WR,HOU,54.0,tank dell
2024,Kyle Pitts,TE,ATL,55.3,kyle pitts
2024,Anthony Richardson,QB,IND,56.0,anthony richardson
2024,George Pickens,WR,DAL,57.0,george pickens
2024,Aaron Jones,RB,MIN,58.8,aaron jones
2024,Amari Cooper,WR,,59.6,amari cooper
2024,Tee Higgins,WR,CIN,60.1,tee higgins
2024,Joe Burrow,QB,CIN,61.2,joe burrow
2024,D'Andre Swift,RB,CHI,62.1,d andre swift
2024,James Conner,RB,ARI,62.5,james conner
2024,Keenan Allen,WR,,64.3,keenan allen
2024,David Montgomery,RB,HOU,65.8,david montgomery
2024,Christian Kirk,WR,SF,66.6,christian kirk
2024,Evan Engram,TE,DEN,67.6,evan engram
2024,Terry McLaurin,WR,WAS,68.7,terry mclaurin
2024,Rhamondre Stevenson,RB,NE,69.5,rhamondre stevenson
2024,Rashee Rice,WR,KC,69.7,rashee rice
2024,Dak Prescott,QB,DAL,71.2,dak prescott
2024,Rome Odunze,WR,CHI,72.6,rome odunze
2024,Najee Harris,RB,,73.6,najee harris
2024,Jayden Reed,WR,GB,74.6,jayden reed
2024,Chris Godwin,WR,TB,75.0,chris godwin
2024,Xavier Worthy,WR,KC,76.7,xavier worthy
2024,Tony Pollard,RB,TEN,76.9,tony pollard
2024,Kyler Murray,QB,MIN,78.1,kyler murray
2024,Brock Bowers,TE,LV,79.8,brock bowers
2024,Jordan Love,QB,GB,80.4,jordan love
2024,Raheem Mostert,RB,,81.9,raheem mostert
2024,Zamir White,RB,,82.2,zamir white
2024,Calvin Ridley,WR,TEN,83.4,calvin ridley
2024,David Njoku,TE,LAC,84.0,david njoku
2024,Jordan Addison,WR,MIN,85.1,jordan addison
2024,Jake Ferguson,TE,DAL,86.6,jake ferguson
2024,Nick Chubb,RB,,87.0,nick chubb
2024,Ladd McConkey,WR,LAC,88.3,ladd mcconkey
2024,Marquise Brown,WR,PHI,89.8,marquise brown
2024,Javonte Williams,RB,DAL,90.2,javonte williams
2024,Brock Purdy,QB,SF,90.2,brock purdy
2024,Zack Moss,RB,,92.8,zack moss
2024,Austin Ekeler,RB,,93.8,austin ekeler
2024,Keon Coleman,WR,BUF,94.1,keon coleman
2024,Diontae Johnson,WR,,95.0,diontae johnson
2024,DeAndre Hopkins,WR,,96.9,deandre hopkins
2024,Jonathon Brooks,RB,CAR,97.1,jonathon brooks
2024,Jaylen Warren,RB,PIT,97.7,jaylen warren
2024,Devin Singletary,RB,NYG,99.5,devin singletary
2024,Jaxon Smith-Njigba,WR,SEA,100.8,jaxon smith njigba
2024,Caleb Williams,QB,CHI,101.4,caleb williams
2024,Dallas Goedert,TE,PHI,102.2,dallas goedert
2024,Christian Watson,WR,GB,103.8,christian watson
2024,Tua Tagovailoa,QB,ATL,104.3,tua tagovailoa
2024,Brian Thomas,WR,JAX,104.6,brian thomas
2024,Dalton Schultz,TE,HOU,106.7,dalton schultz
2024,Tyjae Spears,RB,TEN,107.8,tyjae spears
2024,Brian Robinson,RB,ATL,108.8,brian robinson
2024,Jared Goff,QB,DET,109.9,jared goff
2024,T.J. Hockenson,TE,MIN,110.2,t j hockenson
2024,Jameson Williams,WR,DET,111.2,jameson williams
2024,Trey Benson,RB,ARI,111.7,trey benson
2024,Gus Edwards,RB,,113.5,gus edwards
2024,Ezekiel Elliott,RB,,114.3,ezekiel elliott
2024,Jayden Daniels,QB,WAS,115.1,jayden daniels
2024,Courtland Sutton,WR,DEN,116.8,courtland sutton
2024,Curtis Samuel,WR,,117.4,curtis samuel
2024,Chase Brown,RB,CIN,118.4,chase brown
2024,Romeo Doubs,WR,NE,118.6,romeo doubs
2024,Blake Corum,RB,LAR,120.1,blake corum
2024,Cole Kmet,TE,CHI,121.5,cole kmet
2024,Jerome Ford,RB,WAS,122.7,jerome ford
2024,Tyler Lockett,WR,,123.9,tyler lockett
2024,Justin Herbert,QB,LAC,124.0,justin herbert
2024,Trevor Lawrence,QB,JAX,125.7,trevor lawrence
2024,Pat Freiermuth,TE,PIT,125.8,pat freiermuth
2024,Khalil Shakir,WR,BUF,142.7,khalil shakir
2024,Adonai Mitchell,WR,NYJ,145.7,adonai mitchell
2024,Jakobi Meyers,WR,JAX,146.3,jakobi meyers
2024,Aaron Rodgers,QB,PIT,148.6,aaron rodgers
2024,Jerry Jeudy,WR,CLE,149.2,jerry jeudy
2024,Zach Charbonnet,RB,SEA,150.6,zach charbonnet
2024,Joshua Palmer,WR,BUF,151.8,joshua palmer
2024,Xavier Legette,WR,CAR,152.2,xavier legette
2024,Chuba Hubbard,RB,CAR,153.4,chuba hubbard
2024,Luke Musgrave,TE,GB,153.5,luke musgrave
2024,J.K. Dobbins,RB,DEN,155.3,j k dobbins
2024,Mike Williams,WR,,156.8,mike williams
2024,Kirk Cousins,QB,LV,157.4,kirk cousins
2024,Rico Dowdle,RB,PIT,160.2,rico dowdle
2024,Matthew Stafford,QB,LAR,162.8,matthew stafford
2024,Jaylen Wright,RB,MIA,163.4,jaylen wright
2024,Gabe Davis,WR,,164.2,gabe davis
2024,Rashid Shaheed,WR,SEA,165.2,rashid shaheed
2024,Ja'Lynn Polk,WR,NO,166.3,ja lynn polk
2024,Baker Mayfield,QB,TB,167.1,baker mayfield
2024,Ty Chandler,RB,NO,167.6,ty chandler
2024,Tyler Allgeier,RB,ARI,169.5,tyler allgeier
2024,Ben Sinnott,TE,WAS,170.8,ben sinnott
2024,Brandin Cooks,WR,,171.8,brandin cooks
2024,Adam Thielen,WR,,172.7,adam thielen
2024,Josh Downs,WR,IND,173.9,josh downs
2024,Cade Otton,TE,TB,174.0,cade otton
2024,Dontayvion Wicks,WR,PHI,179.5,dontayvion wicks
2024,Isaiah Likely,TE,NYG,181.0,isaiah likely
2024,Deshaun Watson,QB,CLE,181.1,deshaun watson
2024,Taysom Hill,TE,,183.2,taysom hill
2024,Ricky Pearsall,WR,SF,184.7,ricky pearsall
2024,Antonio Gibson,RB,,185.5,antonio gibson
2024,Kendre Miller,RB,NO,186.4,kendre miller
2024,Jahan Dotson,WR,ATL,187.2,jahan dotson
2024,Hunter Henry,TE,NE,188.0,hunter henry
2024,Jaleel McLaughlin,RB,DEN,188.5,jaleel mclaughlin
2024,Troy Franklin,WR,DEN,190.6,troy franklin
2024,MarShawn Lloyd,RB,GB,191.9,marshawn lloyd
2024,Darnell Mooney,WR,NYG,192.6,darnell mooney
2024,Tyler Conklin,TE,DET,193.4,tyler conklin
2024,Kimani Vidal,RB,LAC,194.6,kimani vidal
2024,Quentin Johnston,WR,LAC,195.2,quentin johnston
2024,DeMario Douglas,WR,NE,195.4,demario douglas
2024,Ray Davis,RB,BUF,197.1,ray davis
2024,Braelon Allen,RB,NYJ,198.9,braelon allen
2024,Tyrone Tracy,RB,NYG,199.1,tyrone tracy
2024,Elijah Mitchell,RB,PHI,200.2,elijah mitchell
2024,Roman Wilson,WR,PIT,201.4,roman wilson
2024,Will Levis,QB,TEN,205.1,will levis
2024,Bo Nix,QB,DEN,206.9,bo nix
2024,Bucky Irving,RB,TB,207.9,bucky irving
2024,Justin Fields,QB,KC,208.4,justin fields
2024,Jermaine Burton,WR,,209.4,jermaine burton
2024,Geno Smith,QB,NYJ,209.6,geno smith
2024,Rashod Bateman,WR,BAL,211.2,rashod bateman
2024,Dameon Pierce,RB,PHI,212.4,dameon pierce
2024,Chig Okonkwo,TE,WAS,213.8,chig okonkwo
2024,Luke McCaffrey,WR,WAS,214.6,luke mccaffrey
2024,Khalil Herbert,RB,,215.3,khalil herbert
2024,Michael Wilson,WR,ARI,216.7,michael wilson
2024,Noah Fant,TE,NO,216.9,noah fant
2024,Mike Gesicki,TE,CIN,218.5,mike gesicki
2024,Wan'Dale Robinson,WR,TEN,219.9,wan dale robinson
2024,J.J. McCarthy,QB,MIN,220.9,j j mccarthy
2024,Ja'Tavion Sanders,TE,CAR,221.4,ja tavion sanders
2024,Drake Maye,QB,NE,222.6,drake maye
2024,Malachi Corley,WR,CLE,223.0,malachi corley
2024,Clyde Edwards-Helaire,RB,,224.0,clyde edwards helaire
2024,Bryce Young,QB,CAR,225.3,bryce young
2024,Marvin Mims,WR,DEN,226.7,marvin mims
2024,Audric Estime,RB,NO,227.7,audric estime
2024,Javon Baker,WR,,228.4,javon baker
2024,Roschon Johnson,RB,CHI,229.6,roschon johnson
2024,Jonnu Smith,TE,,230.5,jonnu smith
2024,Alexander Mattison,RB,,231.0,alexander mattison
2024,Sam Darnold,QB,SEA,239.6,sam darnold
2024,Justice Hill,RB,BAL,240.2,justice hill
2024,Jalen McMillan,WR,TB,241.8,jalen mcmillan
2024,Tyler Boyd,WR,,242.9,tyler boyd
2024,AJ Dillon,RB,CAR,243.7,aj dillon
2024,Theo Johnson,TE,NYG,244.1,theo johnson
2024,Demarcus Robinson,WR,SF,244.2,demarcus robinson
2024,Tank Bigsby,RB,PHI,246.7,tank bigsby
2024,Will Shipley,RB,PHI,247.0,will shipley
2024,Greg Dortch,WR,DET,248.0,greg dortch
2024,Jalen Tolbert,WR,MIA,249.1,jalen tolbert
2024,Russell Wilson,QB,,250.9,russell wilson
2024,Dawson Knox,TE,BUF,251.6,dawson knox
2024,Odell Beckham,WR,NYG,251.8,odell beckham
2024,Derek Carr,QB,,253.3,derek carr
2024,Colby Parkinson,TE,LAR,254.0,colby parkinson
2024,Keaton Mitchell,RB,LAC,255.6,keaton mitchell
2024,DJ Chark,WR,,256.2,dj chark
2024,Daniel Jones,QB,IND,257.3,daniel jones
2024,Greg Dulcich,TE,MIA,258.0,greg dulcich
2024,Zach Ertz,TE,,258.2,zach ertz
2024,Gardner Minshew,QB,ARI,260.2,gardner minshew
2024,Dylan Laube,RB,LV,261.4,dylan laube
2024,Tucker Kraft,TE,GB,262.5,tucker kraft
2024,Brenden Rice,WR,GB,263.4,brenden rice
2024,Trey Sermon,RB,,263.9,trey sermon
2024,Isaac Guerendo,RB,SF,264.1,isaac guerendo
2024,Zay Jones,WR,,265.3,zay jones
2024,Jalin Hyatt,WR,NYG,265.8,jalin hyatt
2024,Michael Penix,QB,ATL,266.9,michael penix
2024,Devontez Walker,WR,BAL,267.2,devontez walker
2024,Michael Mayer,TE,LV,268.7,michael mayer
2024,D'Onta Foreman,RB,,269.7,d onta foreman
2024,Kenny Gainwell,RB,TB,270.5,kenneth gainwell
2024,Jelani Woods,TE,NYJ,270.8,jelani woods
2024,Juwan Johnson,TE,NO,271.4,juwan johnson
2024,Ty'Son Williams,RB,,272.0,ty son williams
2024,Anthony Jones,RB,,273.0,anthony jones
2024,Marqise Lee,WR,,274.0,marqise lee
2024,K.J. Costello,QB,,275.0,k j costello
2024,Hayden Hurst,TE,,275.8,hayden hurst
2024,Elijah Moore,WR,PHI,276.2,elijah moore
2024,Darius Slayton,WR,NYG,278.2,darius slayton
2024,Charlie Taumoepeau,TE,,279.0,charlie taumoepeau
2024,Malik Washington,WR,MIA,279.2,malik washington
2024,Daniel Bellinger,TE,TEN,279.7,daniel bellinger
2024,Anthony McFarland,RB,,280.0,anthony mcfarland
2024,Dylan McDuffie,RB,,281.0,dylan mcduffie
2024,Kendrick Bourne,WR,ARI,281.7,kendrick bourne
2024,Mike Weber,RB,,282.0,mike weber
2024,A.T. Perry,WR,PIT,282.8,a t perry
2024,MyCole Pruitt,TE,,283.0,mycole pruitt
2024,Rondale Moore,WR,,283.8,rondale moore
2024,Jon Hilliman,RB,,285.0,jon hilliman
2024,Jazz Ferguson,WR,,285.5,jazz ferguson
2024,Rasheen Ali,RB,BAL,286.0,rasheen ali
2024,Jalen Virgil,WR,,286.0,jalen virgil
2024,Jhamon Ausbon,WR,,287.0,jhamon ausbon
2024,James White,RB,,288.0,james white
2024,Ethan Fernea,WR,,289.0,ethan fernea
2024,Deuce Vaughn,RB,,289.9,deuce vaughn
2024,J.D. McKissic,RB,,290.0,j d mckissic
2024,Eric Tomlinson,TE,,290.0,eric tomlinson
2024,Aidan O'Connell,QB,LV,290.6,aidan o connell
2024,Tre Tucker,WR,LV,291.0,tre tucker
2024,Corey Clement,RB,,292.0,corey clement
2024,Speedy Noil,WR,,293.0,speedy noil
2024,K.J. Osborn,WR,TEN,293.5,k j osborn
2024,Peter LeBlanc,WR,,294.0,peter leblanc
2024,Jamaal Williams,RB,,294.4,jamaal williams
2024,Eli Stove,WR,,295.0,eli stove
2024,Caleb Huntley,RB,,295.5,caleb huntley
2024,Samaje Perine,RB,CIN,295.8,samaje perine
2024,Clayton Thorson,QB,NYG,296.0,clayton thorson
2024,Amba Etta-Tawo,WR,,296.0,amba etta tawo
2024,Kadarius Toney,WR,,296.3,kadarius toney
2024,Tyler Higbee,TE,LAR,296.4,tyler higbee
2024,Cole McDonald,QB,,297.0,cole mcdonald
2024,Eric Gray,RB,NYG,297.4,eric gray
2024,Ray Lawry,RB,,298.0,ray lawry
2024,Malcolm Brown,RB,,298.0,malcolm brown
2024,Jonathan Mingo,WR,DAL,298.2,jonathan mingo
2024,Josh Reynolds,WR,,299.9,josh reynolds
2024,Ja'Quan Gardner,RB,,300.0,ja quan gardner
2025,Ja'Marr Chase,WR,CIN,1.0,ja marr chase
2025,Saquon Barkley,RB,PHI,2.2,saquon barkley
2025,Bijan Robinson,RB,ATL,3.3,bijan robinson
2025,Jahmyr Gibbs,RB,DET,4.7,jahmyr gibbs
2025,Justin Jefferson,WR,MIN,5.5,justin jefferson
2025,CeeDee Lamb,WR,DAL,6.5,ceedee lamb
2025,Amon-Ra St. Brown,WR,DET,7.2,amon ra st brown
2025,Derrick Henry,RB,BAL,7.8,derrick henry
2025,Christian McCaffrey,RB,SF,9.2,christian mccaffrey
2025,Puka Nacua,WR,LAR,10.7,puka nacua
2025,Malik Nabers,WR,NYG,11.2,malik nabers
2025,Ashton Jeanty,RB,LV,12.6,ashton jeanty
2025,Nico Collins,WR,HOU,13.0,nico collins
2025,De'Von Achane,RB,MIA,14.6,de von achane
2025,Josh Jacobs,RB,GB,15.1,josh jacobs
2025,Brian Thomas,WR,JAX,15.8,brian thomas
2025,Drake London,WR,ATL,17.9,drake london
2025,Josh Allen,QB,BUF,18.5,josh allen
2025,A.J. Brown,WR,NE,19.6,a j brown
2025,Brock Bowers,TE,LV,20.2,brock bowers
2025,Lamar Jackson,QB,BAL,21.9,lamar jackson
2025,Jonathan Taylor,RB,IND,22.4,jonathan taylor
2025,Ladd McConkey,WR,LAC,23.1,ladd mcconkey
2025,Bucky Irving,RB,TB,23.4,bucky irving
2025,Kyren Williams,RB,LAR,25.2,kyren williams
2025,Chase Brown,RB,CIN,26.0,chase brown
2025,Tyreek Hill,WR,,27.4,tyreek hill
2025,Trey McBride,TE,ARI,28.1,trey mcbride
2025,James Cook,RB,BUF,29.4,james cook
2025,Jaxon Smith-Njigba,WR,SEA,30.7,jaxon smith njigba
2025,Jayden Daniels,QB,WAS,31.4,jayden daniels
2025,Tee Higgins,WR,CIN,31.8,tee higgins
2025,Jalen Hurts,QB,PHI,33.0,jalen hurts
2025,Joe Burrow,QB,CIN,34.3,joe burrow
2025,Alvin Kamara,RB,NO,35.5,alvin kamara
2025,George Kittle,TE,SF,36.0,george kittle
2025,Garrett Wilson,WR,NYJ,37.3,garrett wilson
2025,Breece Hall,RB,NYJ,38.4,breece hall
2025,Mike Evans,WR,SF,39.2,mike evans
2025,Omarion Hampton,RB,LAC,40.0,omarion hampton
2025,Marvin Harrison,WR,ARI,41.4,marvin harrison
2025,Terry McLaurin,WR,WAS,42.6,terry mclaurin
2025,Kenneth Walker,RB,KC,43.6,kenneth walker
2025,Davante Adams,WR,LAR,44.0,davante adams
2025,DK Metcalf,WR,PIT,45.4,dk metcalf
2025,Chuba Hubbard,RB,CAR,46.0,chuba hubbard
2025,James Conner,RB,ARI,47.5,james conner
2025,Sam LaPorta,TE,DET,47.6,sam laporta
2025,Patrick Mahomes,QB,KC,49.5,patrick mahomes
2025,Courtland Sutton,WR,DEN,50.3,courtland sutton
2025,DJ Moore,WR,BUF,51.6,dj moore
2025,TreVeyon Henderson,RB,NE,52.1,treveyon henderson
2025,David Montgomery,RB,HOU,53.6,david montgomery
2025,DeVonta Smith,WR,PHI,54.3,devonta smith
2025,Isiah Pacheco,RB,DET,55.8,isiah pacheco
2025,Xavier Worthy,WR,KC,57.6,xavier worthy
2025,Zay Flowers,WR,BAL,58.5,zay flowers
2025,T.J. Hockenson,TE,MIN,59.2,t j hockenson
2025,Travis Kelce,TE,KC,60.2,travis kelce
2025,George Pickens,WR,DAL,61.6,george pickens
2025,Tetairoa McMillan,WR,CAR,62.4,tetairoa mcmillan
2025,Jameson Williams,WR,DET,63.2,jameson williams
2025,RJ Harvey,RB,DEN,63.9,rj harvey
2025,Baker Mayfield,QB,TB,65.2,baker mayfield
2025,D'Andre Swift,RB,CHI,66.3,d andre swift
2025,Rashee Rice,WR,KC,66.5,rashee rice
2025,Aaron Jones,RB,MIN,67.6,aaron jones
2025,Travis Hunter,WR,JAX,68.9,travis hunter
2025,Jaylen Waddle,WR,DEN,69.6,jaylen waddle
2025,Tony Pollard,RB,TEN,70.7,tony pollard
2025,Calvin Ridley,WR,TEN,71.3,calvin ridley
2025,Bo Nix,QB,DEN,71.5,bo nix
2025,Mark Andrews,TE,BAL,73.8,mark andrews
2025,Jerry Jeudy,WR,CLE,74.3,jerry jeudy
2025,Chris Olave,WR,NO,75.8,chris olave
2025,Evan Engram,TE,DEN,76.2,evan engram
2025,Kaleb Johnson,RB,PIT,77.2,kaleb johnson
2025,Deebo Samuel,WR,SF,78.4,deebo samuel
2025,Rome Odunze,WR,CHI,79.7,rome odunze
2025,Joe Mixon,RB,,79.8,joe mixon
2025,David Njoku,TE,LAC,81.5,david njoku
2025,Tyler Warren,TE,IND,82.9,tyler warren
2025,Quinshon Judkins,RB,CLE,83.2,quinshon judkins
2025,Jakobi Meyers,WR,JAX,84.4,jakobi meyers
2025,Cooper Kupp,WR,SEA,85.6,cooper kupp
2025,Tyrone Tracy,RB,NYG,86.1,tyrone tracy
2025,Stefon Diggs,WR,,87.4,stefon diggs
2025,Matthew Golden,WR,GB,87.7,matthew golden
2025,Jared Goff,QB,DET,89.4,jared goff
2025,Emeka Egbuka,WR,TB,90.2,emeka egbuka
2025,Jordan Addison,WR,MIN,91.7,jordan addison
2025,Travis Etienne,RB,NO,92.4,travis etienne
2025,Kyler Murray,QB,MIN,93.7,kyler murray
2025,Brian Robinson,RB,ATL,94.8,brian robinson
2025,Jaylen Warren,RB,PIT,95.4,jaylen warren
2025,Ricky Pearsall,WR,SF,95.6,ricky pearsall
2025,Khalil Shakir,WR,BUF,98.5,khalil shakir
2025,Cam Skattebo,RB,NYG,100.3,cam skattebo
2025,Colston Loveland,TE,CHI,101.9,colston loveland
2025,Jordan Mason,RB,MIN,102.5,jordan mason
2025,Justin Herbert,QB,LAC,103.3,justin herbert
2025,J.K. Dobbins,RB,DEN,103.4,j k dobbins
2025,Chris Godwin,WR,TB,106.2,chris godwin
2025,Zach Charbonnet,RB,SEA,108.2,zach charbonnet
2025,Brock Purdy,QB,SF,109.6,brock purdy
2025,Kyle Pitts,TE,ATL,110.5,kyle pitts
2025,Dak Prescott,QB,DAL,111.1,dak prescott
2025,Jauan Jennings,WR,MIN,111.5,jauan jennings
2025,Javonte Williams,RB,DAL,113.0,javonte williams
2025,Dalton Kincaid,TE,BUF,114.8,dalton kincaid
2025,Tucker Kraft,TE,GB,115.3,tucker kraft
2025,Nick Chubb,RB,,116.4,nick chubb
2025,Michael Pittman,WR,PIT,117.2,michael pittman
2025,Austin Ekeler,RB,,119.3,austin ekeler
2025,Keon Coleman,WR,BUF,119.3,keon coleman
2025,C.J. Stroud,QB,HOU,121.7,c j stroud
2025,Jacory Croskey-Merritt,RB,WAS,122.2,jacory croskey merritt
2025,Jayden Reed,WR,GB,123.8,jayden reed
2025,Josh Downs,WR,IND,124.4,josh downs
2025,Jayden Higgins,WR,HOU,125.8,jayden higgins
2025,Jake Ferguson,TE,DAL,127.8,jake ferguson
2025,Drake Maye,QB,NE,129.5,drake maye
2025,Rashid Shaheed,WR,SEA,130.2,rashid shaheed
2025,Rhamondre Stevenson,RB,NE,131.6,rhamondre stevenson
2025,Keenan Allen,WR,,137.8,keenan allen
2025,Tank Bigsby,RB,PHI,139.5,tank bigsby
2025,Jonnu Smith,TE,,140.3,jonnu smith
2025,Jordan Love,QB,GB,141.2,jordan love
2025,Najee Harris,RB,,142.2,najee harris
2025,Jaydon Blue,RB,DAL,142.6,jaydon blue
2025,Brandon Aiyuk,WR,SF,143.5,brandon aiyuk
2025,Dallas Goedert,TE,PHI,145.0,dallas goedert
2025,Darnell Mooney,WR,NYG,146.9,darnell mooney
2025,Caleb Williams,QB,CHI,147.2,caleb williams
2025,J.J. McCarthy,QB,MIN,150.2,j j mccarthy
2025,Marvin Mims,WR,DEN,151.6,marvin mims
2025,Luther Burden,WR,CHI,153.0,luther burden
2025,Zach Ertz,TE,,154.4,zach ertz
2025,Braelon Allen,RB,NYJ,156.6,braelon allen
2025,Trey Benson,RB,ARI,157.5,trey benson
2025,Christian Kirk,WR,SF,158.8,christian kirk
2025,Jerome Ford,RB,WAS,161.0,jerome ford
2025,Justin Fields,QB,KC,162.9,justin fields
2025,Adam Thielen,WR,,163.1,adam thielen
2025,Rashod Bateman,WR,BAL,165.8,rashod bateman
2025,Cam Ward,QB,TEN,167.1,cam ward
2025,Rachaad White,RB,WAS,167.2,rachaad white
2025,Hunter Henry,TE,NE,171.4,hunter henry
2025,Bhayshul Tuten,RB,JAX,172.6,bhayshul tuten
2025,Tre' Harris,WR,LAC,173.7,tre harris
2025,Tyjae Spears,RB,TEN,174.0,tyjae spears
2025,Ollie Gordon,RB,MIA,175.0,ollie gordon
2025,Chig Okonkwo,TE,WAS,177.5,chig okonkwo
2025,Dylan Sampson,RB,CLE,178.4,dylan sampson
2025,Dont'e Thornton,WR,LV,179.5,dont e thornton
2025,Kareem Hunt,RB,,180.5,kareem hunt
2025,Xavier Legette,WR,CAR,181.8,xavier legette
2025,Joshua Palmer,WR,BUF,183.0,joshua palmer
2025,Amari Cooper,WR,,183.3,amari cooper
2025,Trevor Lawrence,QB,JAX,184.0,trevor lawrence
2025,Michael Penix,QB,ATL,185.1,michael penix
2025,Tyler Allgeier,RB,ARI,186.5,tyler allgeier
2025,Isaiah Likely,TE,NYG,187.1,isaiah likely
2025,Cedric Tillman,WR,CLE,188.4,cedric tillman
2025,Ray Davis,RB,BUF,191.3,ray davis
2025,Marquise Brown,WR,PHI,191.3,marquise brown
2025,Brenton Strange,TE,JAX,193.9,brenton strange
2025,Kyle Williams,WR,NE,194.6,kyle williams
2025,Isaac Guerendo,RB,SF,195.4,isaac guerendo
2025,Isaac TeSlaa,WR,DET,197.5,isaac teslaa
2025,Matthew Stafford,QB,LAR,199.5,matthew stafford
2025,Woody Marks,RB,HOU,201.5,woody marks
2025,Darren Waller,TE,,203.0,darren waller
2025,Tua Tagovailoa,QB,ATL,204.1,tua tagovailoa
2025,Romeo Doubs,WR,NE,205.1,romeo doubs
2025,DeMario Douglas,WR,NE,206.7,demario douglas
2025,Elic Ayomanor,WR,TEN,207.7,elic ayomanor
2025,Will Shipley,RB,PHI,208.0,will shipley
2025,Wan'Dale Robinson,WR,TEN,209.8,wan dale robinson
2025,Mason Taylor,TE,NYJ,210.2,mason taylor
2025,Bryce Young,QB,CAR,211.5,bryce young
2025,Rico Dowdle,RB,PIT,212.9,rico dowdle
2025,Pat Freiermuth,TE,PIT,213.1,pat freiermuth
2025,Elijah Arroyo,TE,SEA,214.7,elijah arroyo
2025,Blake Corum,RB,LAR,215.1,blake corum
2025,DeAndre Hopkins,WR,,215.3,deandre hopkins
2025,Mike Gesicki,TE,CIN,217.6,mike gesicki
2025,Jaylen Wright,RB,MIA,218.7,jaylen wright
2025,Jack Bech,WR,LV,219.7,jack bech
2025,Jaxson Dart,QB,NYG,225.2,jaxson dart
2025,Aaron Rodgers,QB,PIT,226.7,aaron rodgers
2025,Jalen Coker,WR,CAR,227.0,jalen coker
2025,Shedeur Sanders,QB,CLE,228.0,shedeur sanders
2025,Keaton Mitchell,RB,LAC,229.4,keaton mitchell
2025,Tory Horton,WR,SEA,230.8,tory horton
2025,Sam Darnold,QB,SEA,231.6,sam darnold
2025,Tyler Lockett,WR,,231.7,tyler lockett
2025,Cade Otton,TE,TB,233.1,cade otton
2025,Geno Smith,QB,NYJ,234.1,geno smith
2025,Tahj Brooks,RB,CIN,235.6,tahj brooks
2025,Kyle Monangai,RB,CHI,236.2,kyle monangai
2025,Raheem Mostert,RB,,236.3,raheem mostert
2025,DJ Giddens,RB,IND,237.6,dj giddens
2025,Dalton Schultz,TE,HOU,238.6,dalton schultz
2025,Pat Bryant,WR,DEN,239.7,pat bryant
2025,Justice Hill,RB,BAL,239.9,justice hill
2025,Roschon Johnson,RB,CHI,241.4,roschon johnson
2025,Jalen McMillan,WR,TB,242.1,jalen mcmillan
2025,Deontay Burnett,WR,,243.0,deontay burnett
2025,Quentin Johnston,WR,LAC,243.2,quentin johnston
2025,Adonai Mitchell,WR,NYJ,244.8,adonai mitchell
2025,De'Lance Turner,RB,,244.8,de lance turner
2025,Myron Mitchell,WR,,245.0,myron mitchell
2025,Miles Sanders,RB,,245.8,miles sanders
2025,Alec Pierce,WR,IND,245.9,alec pierce
2025,Artavis Pierce,RB,,246.0,artavis pierce
2025,Anthony Richardson,QB,IND,247.0,anthony richardson
2025,Jalen Royals,WR,KC,247.2,jalen royals
2025,Dion Lewis,RB,,248.0,dion lewis
2025,Jarquez Hunter,RB,LAR,248.7,jarquez hunter
2025,Nick Brossette,RB,,249.0,nick brossette
2025,Jaylin Noel,WR,HOU,250.3,jaylin noel
2025,Codey McElroy,TE,,250.9,codey mcelroy
2025,Brashard Smith,RB,KC,251.1,brashard smith
2025,Caleb Scott,WR,TEN,251.1,caleb scott
2025,Troy Mangen,TE,,252.4,troy mangen
2025,Malik Earl,WR,,253.4,malik earl
2025,Calvin Austin,WR,NYG,253.6,calvin austin
2025,Darrel Williams,RB,,254.0,darrel williams
2025,Ja'Tavion Sanders,TE,CAR,254.9,ja tavion sanders
2025,Jamarius Way,WR,,255.0,jamarius way
2025,Marcus Martin,RB,,255.5,marcus martin
2025,Dyami Brown,WR,WAS,255.9,dyami brown
2025,Devin Neal,RB,NO,256.8,devin neal
2025,Kano Dillon,TE,,257.5,kano dillon
2025,Michael Wilson,WR,ARI,257.7,michael wilson
2025,Jamal Custis,WR,,258.0,jamal custis
2025,Terrance Ferguson,TE,LAR,258.3,terrance ferguson
2025,Zach Olstad,RB,,258.5,zach olstad
2025,Taj Williams,WR,,259.2,taj williams
2025,Russell Wilson,QB,,259.9,russell wilson
2025,Jamire Jordan,WR,,260.0,jamire jordan
2025,MarShawn Lloyd,RB,GB,260.0,marshawn lloyd
2025,Theo Johnson,TE,NYG,260.5,theo johnson
2025,Shane Wimann,RB,,261.0,shane wimann
2025,Dontae Strickland,RB,,262.0,dontae strickland
2025,Daniel Helm,TE,,262.3,daniel helm
2025,Darrell Stewart,WR,,263.0,darrell stewart
2025,Andrei Iosivas,WR,CIN,263.4,andrei iosivas
2025,Dontez Byrd,WR,,263.9,dontez byrd
2025,Darius Slayton,WR,NYG,263.9,darius slayton
2025,Alex Barnes,RB,,264.0,alex barnes
2025,Kendre Miller,RB,NO,265.0,kendre miller
2025,Dez Stewart,WR,,265.0,dez stewart
2025,Malachi Jones,WR,,265.0,malachi jones
2025,Roman Wilson,WR,PIT,265.4,roman wilson
2025,Harold Fannin,TE,CLE,265.7,harold fannin
2025,C.J. Conrad,TE,,266.0,c j conrad
2025,Jordan James,RB,SF,266.8,jordan james
2025,Mikah Holder,WR,,267.0,mikah holder
2025,Juwan Johnson,TE,NO,267.8,juwan johnson
2025,Scott Simonson,TE,,268.0,scott simonson
2025,John Diarse,WR,,268.6,john diarse
2025,Noah Gray,TE,KC,269.1,noah gray
2025,Christopher Ezeala,RB,,269.3,christopher ezeala
2025,Jalen Milroe,QB,SEA,270.0,jalen milroe
2025,Anthony Jones,RB,,270.1,anthony jones
2025,Derrick Willies,WR,,271.2,derrick willies
2025,Cole Kmet,TE,CHI,271.8,cole kmet
2025,Bryan Edwards,WR,,272.0,bryan edwards
2025,Tyler Shough,QB,NO,272.2,tyler shough
2025,Cam Serigne,TE,,273.0,cam serigne
2025,Earnest Edwards,WR,,274.0,earnest edwards
2025,Elijah Mitchell,RB,PHI,274.4,elijah mitchell
2025,Thomas Ives,WR,CHI,275.0,thomas ives
2025,Diontae Johnson,WR,,275.2,diontae johnson
2025,Dontayvion Wicks,WR,PHI,275.8,dontayvion wicks
2025,Tyler Hoppes,TE,,276.0,tyler hoppes
2025,Xavier Restrepo,WR,TEN,276.0,xavier restrepo
2025,Cole Hunt,TE,,277.7,cole hunt
2025,Joe Flacco,QB,CIN,278.0,joe flacco
2025,Jester Weah,WR,,278.0,jester weah
2025,Daniel Jones,QB,IND,278.3,daniel jones
2025,Troy Franklin,WR,DEN,279.0,troy franklin
2025,Kenny Stills,WR,,279.0,kenny stills
2025,Matt Fleming,WR,,279.0,matt fleming
2025,John David Moore,RB,,279.6,john david moore
2025,Oronde Gadsden,TE,LAC,279.8,oronde gadsden
2025,Ben Sinnott,TE,WAS,279.8,ben sinnott
2025,Christian Watson,WR,GB,280.2,christian watson
2025,Jason Reese,TE,,281.0,jason reese
2025,DeAndre Reaves,WR,,281.0,deandre reaves
2025,Tim Semisch,TE,,281.0,tim semisch
2025,Terry Swanson,RB,,281.0,terry swanson
2025,Jaleel McLaughlin,RB,DEN,281.8,jaleel mclaughlin
2025,Marshaun Coprich,RB,,282.0,marshaun coprich
2025,Bailey Gaither,WR,,282.2,bailey gaither
2025,Kenjon Barner,RB,,283.0,kenjon barner
2025,John Franklin,WR,,283.6,john franklin
2025,Tyler Higbee,TE,LAR,283.8,tyler higbee
2025,Theo Riddick,RB,,284.0,theo riddick
2025,Kaden Smith,TE,,284.6,kaden smith
2025,Blake Mack,TE,,285.0,blake mack
2025,Devin Gray,WR,,286.0,devin gray
2025,Ross Scheuerman,RB,,286.0,ross scheuerman
2025,Trevor Etienne,RB,CAR,286.8,trevor etienne
2025,Jeff Badet,WR,,287.0,jeff badet
2025,Logan Stokes,TE,,287.0,logan stokes
2025,Tutu Atwell,WR,MIA,287.2,tutu atwell
2025,Jordan Whittington,WR,LAR,287.3,jordan whittington
2025,Dontrell Hilliard,RB,,287.6,dontrell hilliard
2025,Isaac Rex,TE,,288.0,isaac rex
2025,Chris Brown,WR,,289.0,chris brown
2025,Deon Yelder,TE,,289.0,deon yelder
2025,Tyler Conklin,TE,DET,289.2,tyler conklin
2025,Marquez Valdes-Scantling,WR,DAL,289.8,marquez valdes scantling
2025,Noah Cain,RB,,290.0,noah cain
2025,Kevin Snead,WR,,290.4,kevin snead
2025,Jordan Veasy,WR,,291.0,jordan veasy
2025,Kameron Johnson,WR,TB,292.2,kameron johnson
2025,Zack Moss,RB,,292.4,zack moss
2025,Robert Foster,WR,,293.0,robert foster
2025,Trevon Clark,WR,,293.5,trevon clark
2025,Taysom Hill,TE,,293.6,taysom hill
2025,Brian Vogler,TE,,294.0,brian vogler
2025,Kennedy Brooks,RB,,294.5,kennedy brooks
2025,Kayshon Boutte,WR,NE,295.2,kayshon boutte
2025,Dorian Baker,WR,,296.0,dorian baker
2025,Dillon Johnson,RB,,297.7,dillon johnson
2025,Audric Estime,RB,NO,297.9,audric estime
2025,Jalen Guyton,WR,,298.0,jalen guyton
2025,Nick Easley,WR,,298.0,nick easley
2025,Noah Fant,TE,NO,298.9,noah fant
2025,Michael Mayer,TE,LV,299.4,michael mayer
2025,Jermaine Burton,WR,,299.5,jermaine burton
2025,Damion Ratley,WR,,299.9,damion ratley
