name,position,team,adp,high,low,stdev,times_drafted,bye,nn
Jahmyr Gibbs,RB,DET,1.6,1,4,0.7,938,6,jahmyr gibbs
Bijan Robinson,RB,ATL,2.1,1,4,0.8,665,11,bijan robinson
Puka Nacua,WR,LAR,2.9,1,6,0.7,230,11,puka nacua
Ja'Marr Chase,WR,CIN,3.9,1,7,1.0,1092,6,ja marr chase
Christian McCaffrey,RB,SF,5.2,2,10,1.2,546,8,christian mccaffrey
Jaxon Smith-Njigba,WR,SEA,6.0,2,11,1.2,657,11,jaxon smith njigba
Amon-Ra St. Brown,WR,DET,7.1,3,11,1.4,643,6,amon ra st brown
Jonathan Taylor,RB,IND,7.5,3,15,1.6,839,13,jonathan taylor
De'Von Achane,RB,MIA,9.3,4,15,1.9,317,6,de von achane
Drake London,WR,ATL,10.7,6,16,1.6,205,11,drake london
CeeDee Lamb,WR,DAL,11.2,7,18,2.0,677,14,ceedee lamb
Rashee Rice,WR,KC,11.5,7,19,1.7,159,5,rashee rice
Chase Brown,RB,CIN,12.3,6,19,2.3,658,6,chase brown
Justin Jefferson,WR,MIN,13.1,6,20,2.7,741,6,justin jefferson
Ashton Jeanty,RB,LV,14.2,6,22,3.1,605,13,ashton jeanty
James Cook III,RB,BUF,15.2,7,23,3.0,1343,7,james cook
Derrick Henry,RB,BAL,16.2,7,24,3.2,347,13,derrick henry
A.J. Brown,WR,NE,17.5,10,24,2.8,618,11,a j brown
Saquon Barkley,RB,PHI,18.6,9,28,3.4,1147,10,saquon barkley
Omarion Hampton,RB,LAC,19.8,10,30,3.7,1302,7,omarion hampton
Chris Olave,WR,NO,20.1,13,26,2.4,217,8,chris olave
George Pickens,WR,DAL,21.6,15,28,2.4,440,14,george pickens
Nico Collins,WR,HOU,23.1,16,30,2.5,579,8,nico collins
Josh Jacobs,RB,GB,24.7,17,32,2.7,364,11,josh jacobs
Jeremiyah Love,RB,ARI,25.2,17,32,3.1,278,14,jeremiyah love
Kenneth Walker III,RB,KC,26.6,17,38,3.7,1498,5,kenneth walker
Josh Allen,QB,BUF,26.6,10,42,6.3,622,7,josh allen
Zay Flowers,WR,BAL,26.7,19,33,2.8,269,13,zay flowers
Breece Hall,RB,NYJ,28.5,21,35,2.9,200,13,breece hall
Garrett Wilson,WR,NYJ,28.5,19,39,3.3,221,13,garrett wilson
DeVonta Smith,WR,PHI,29.1,19,39,3.6,643,10,devonta smith
Cam Skattebo,RB,NYG,30.5,21,40,3.4,338,8,cam skattebo
Kyren Williams,RB,LAR,32.0,22,42,3.6,605,11,kyren williams
Emeka Egbuka,WR,TB,33.6,21,49,4.5,1004,10,emeka egbuka
Tetairoa McMillan,WR,CAR,33.9,24,44,3.6,403,5,tetairoa mcmillan
Malik Nabers,WR,NYG,34.3,22,47,4.6,968,8,malik nabers
Trey McBride,TE,ARI,35.2,19,48,6.1,801,14,trey mcbride
Javonte Williams,RB,DAL,36.7,26,50,4.0,637,14,javonte williams
Travis Etienne Jr.,RB,NO,36.9,27,48,3.7,292,8,travis etienne
Tee Higgins,WR,CIN,39.2,28,48,4.0,465,6,tee higgins
Brock Bowers,TE,LV,40.6,18,58,8.6,1467,13,brock bowers
Davante Adams,WR,LAR,41.2,30,52,4.1,305,11,davante adams
Terry McLaurin,WR,WAS,42.7,31,54,4.1,527,7,terry mclaurin
Bucky Irving,RB,TB,42.7,31,53,4.1,341,10,bucky irving
Ladd McConkey,WR,LAC,44.1,32,60,4.5,1081,7,ladd mcconkey
D'Andre Swift,RB,CHI,44.7,33,59,4.5,316,10,d andre swift
Jameson Williams,WR,DET,45.9,34,62,4.4,194,6,jameson williams
Jaylen Waddle,WR,DEN,48.9,35,70,5.0,788,10,jaylen waddle
Quinshon Judkins,RB,CLE,49.6,35,63,5.4,695,11,quinshon judkins
Rome Odunze,WR,CHI,49.7,35,68,5.6,421,10,rome odunze
Drake Maye,QB,NE,50.0,30,63,7.5,254,11,drake maye
DJ Moore,WR,BUF,50.8,36,68,5.4,748,7,dj moore
Bhayshul Tuten,RB,JAX,51.0,37,65,5.1,699,7,bhayshul tuten
Lamar Jackson,QB,BAL,53.2,32,69,8.0,397,13,lamar jackson
Luther Burden III,WR,CHI,53.4,36,73,6.5,595,10,luther burden
Alec Pierce,WR,IND,55.2,41,69,5.8,193,13,alec pierce
TreVeyon Henderson,RB,NE,55.7,40,71,5.8,489,11,treveyon henderson
Joe Burrow,QB,CIN,57.7,35,76,8.4,465,6,joe burrow
Courtland Sutton,WR,DEN,59.6,43,81,6.1,246,10,courtland sutton
Mike Evans,WR,SF,60.1,42,81,6.7,1142,8,mike evans
Colston Loveland,TE,CHI,61.0,35,85,9.8,800,10,colston loveland
Tony Pollard,RB,TEN,62.5,45,80,6.6,231,9,tony pollard
David Montgomery,RB,HOU,62.6,43,83,7.2,937,8,david montgomery
Marvin Harrison Jr.,WR,ARI,63.7,46,84,6.6,506,14,marvin harrison
Jadarian Price,RB,SEA,65.1,46,84,7.1,893,11,jadarian price
DK Metcalf,WR,PIT,65.2,46,83,7.1,410,9,dk metcalf
Tyler Warren,TE,IND,66.0,39,86,10.3,808,13,tyler warren
Jaylen Warren,RB,PIT,66.6,54,85,6.0,181,9,jaylen warren
Dak Prescott,QB,DAL,67.4,46,91,8.1,321,14,dak prescott
Christian Watson,WR,GB,68.2,46,88,8.2,1260,11,christian watson
Wan'Dale Robinson,WR,TEN,71.2,53,90,6.8,336,9,wan dale robinson
Jayden Daniels,QB,WAS,71.9,50,100,8.1,276,7,jayden daniels
Michael Pittman Jr.,WR,PIT,72.3,54,89,6.9,398,9,michael pittman
Rhamondre Stevenson,RB,NE,72.5,55,86,6.4,198,11,rhamondre stevenson
Rico Dowdle,RB,PIT,73.6,55,98,7.2,215,9,rico dowdle
Jalen Hurts,QB,PHI,74.5,49,112,9.5,307,10,jalen hurts
Chuba Hubbard,RB,CAR,74.5,58,97,6.1,236,5,chuba hubbard
Carnell Tate,WR,TEN,75.9,56,95,7.4,717,9,carnell tate
Parker Washington,WR,JAX,76.0,55,96,7.9,717,7,parker washington
Jakobi Meyers,WR,JAX,76.8,59,90,6.7,241,7,jakobi meyers
Kyle Pitts Sr.,TE,ATL,78.6,60,107,7.1,193,11,kyle pitts
Harold Fannin Jr.,TE,CLE,80.8,59,95,8.1,94,11,harold fannin
Brock Purdy,QB,SF,81.4,57,104,11.1,107,8,brock purdy
RJ Harvey,RB,DEN,83.3,59,117,9.0,440,10,rj harvey
Brian Thomas Jr.,WR,JAX,83.5,60,108,9.0,909,7,brian thomas
Matthew Stafford,QB,LAR,83.6,57,115,11.2,298,11,matthew stafford
Jordyn Tyson,WR,NO,85.3,65,118,7.4,526,8,jordyn tyson
Chris Godwin Jr.,WR,TB,87.0,66,106,8.0,569,10,chris godwin
Sam LaPorta,TE,DET,87.8,58,142,11.4,355,6,sam laporta
Michael Wilson,WR,ARI,87.9,62,112,9.6,596,14,michael wilson
Aaron Jones Sr.,RB,MIN,89.5,61,120,10.7,244,6,aaron jones
Kenny Gainwell,RB,TB,90.1,63,119,10.1,355,10,kenneth gainwell
Trevor Lawrence,QB,JAX,90.5,58,125,12.1,594,7,trevor lawrence
J.K. Dobbins,RB,DEN,90.9,65,116,9.8,498,10,j k dobbins
Jayden Reed,WR,GB,91.8,72,113,7.2,249,11,jayden reed
Josh Downs,WR,IND,92.5,67,118,9.5,433,13,josh downs
Denver Defense,DEF,DEN,93.9,69,112,9.5,172,10,denver defense
Travis Kelce,TE,KC,95.2,44,150,19.6,72,5,travis kelce
Quentin Johnston,WR,LAC,95.3,73,118,8.3,496,7,quentin johnston
Patrick Mahomes,QB,KC,95.8,62,127,13.2,498,5,patrick mahomes
Rachaad White,RB,WAS,97.3,70,119,10.3,423,7,rachaad white
Deebo Samuel Sr.,WR,SF,97.5,61,163,13.7,219,8,deebo samuel
Kyle Monangai,RB,CHI,99.8,69,127,11.6,529,10,kyle monangai
Khalil Shakir,WR,BUF,100.6,84,113,6.1,143,7,khalil shakir
Seattle Defense,DEF,SEA,100.7,76,120,9.4,198,11,seattle defense
Jordan Addison,WR,MIN,102.5,82,120,7.7,314,6,jordan addison
Xavier Worthy,WR,KC,103.9,84,120,7.4,299,5,xavier worthy
Jaxson Dart,QB,NYG,104.9,71,130,13.0,376,8,jaxson dart
Jared Goff,QB,DET,105.4,69,144,13.6,314,6,jared goff
Dallas Goedert,TE,PHI,105.5,54,150,19.5,118,10,dallas goedert
Makai Lemon,WR,PHI,105.8,84,126,8.0,476,10,makai lemon
Caleb Williams,QB,CHI,106.6,67,132,15.1,764,10,caleb williams
Houston Defense,DEF,HOU,107.1,83,132,9.0,520,8,houston defense
Justin Herbert,QB,LAC,108.9,71,139,14.5,711,7,justin herbert
Romeo Doubs,WR,NE,109.1,83,135,10.0,188,11,romeo doubs
Stefon Diggs,WR,WAS,110.7,55,179,38.6,9,7,stefon diggs
Tucker Kraft,TE,GB,111.3,54,172,22.0,897,11,tucker kraft
Jonathon Brooks,RB,CAR,113.3,71,150,16.2,1282,5,jonathon brooks
Jacory Croskey-Merritt,RB,WAS,113.6,75,146,14.8,511,7,jacory croskey merritt
John Metchie III,WR,CAR,115.0,108,122,3.5,32,5,john metchie
Ricky Pearsall,WR,SF,115.7,84,147,13.2,108,8,ricky pearsall
Rashid Shaheed,WR,SEA,118.6,96,147,8.5,276,11,rashid shaheed
Minnesota Defense,DEF,MIN,119.2,91,159,11.3,66,6,minnesota defense
Matthew Golden,WR,GB,119.6,90,149,11.1,462,11,matthew golden
Bo Nix,QB,DEN,119.7,88,144,11.9,296,10,bo nix
Blake Corum,RB,LAR,121.1,80,151,15.5,865,11,blake corum
George Kittle,TE,SF,121.2,76,172,19.3,505,8,george kittle
Jordan Mason,RB,MIN,122.4,82,150,15.5,550,6,jordan mason
Tyjae Spears,RB,TEN,125.5,89,150,13.7,108,9,tyjae spears
Jalen Coker,WR,CAR,126.3,102,146,9.3,223,5,jalen coker
KC Concepcion,WR,CLE,128.5,101,150,10.5,411,11,kc concepcion
Baker Mayfield,QB,TB,128.6,101,149,10.6,257,10,baker mayfield
Calvin Ridley,WR,TEN,129.1,104,150,9.3,119,9,calvin ridley
Detroit Defense,DEF,DET,129.1,107,173,17.1,37,6,detroit defense
Brandon Aubrey,PK,DAL,131.1,72,184,22.7,1218,14,brandon aubrey
Alvin Kamara,RB,NO,132.2,83,174,18.9,283,8,alvin kamara
Jerry Jeudy,WR,CLE,133.6,108,150,9.7,155,11,jerry jeudy
Jason Myers,PK,SEA,134.3,78,184,21.5,115,11,jason myers
Jayden Higgins,WR,HOU,135.8,110,154,9.8,237,8,jayden higgins
Tre Tucker,WR,LV,136.0,112,150,9.2,104,13,tre tucker
LA Rams Defense,DEF,LAR,136.1,87,180,18.5,780,11,la rams defense
Theo Wease Jr.,WR,MIA,136.2,120,148,6.0,52,6,theo wease
Tyler Shough,QB,NO,136.3,112,154,9.3,164,8,tyler shough
Mark Andrews,TE,BAL,137.1,90,178,20.5,270,13,mark andrews
Ka'imi Fairbairn,PK,HOU,139.0,91,187,21.2,142,8,ka imi fairbairn
Zach Charbonnet,RB,SEA,139.5,93,178,17.7,383,11,zach charbonnet
New England Defense,DEF,NE,139.8,104,180,17.1,214,11,new england defense
Isaiah Likely,TE,NYG,140.4,92,175,18.4,631,8,isaiah likely
Jake Ferguson,TE,DAL,140.5,88,176,19.8,308,14,jake ferguson
Sam Darnold,QB,SEA,140.8,108,179,12.6,112,11,sam darnold
Philadelphia Defense,DEF,PHI,141.4,99,180,18.0,269,10,philadelphia defense
Jauan Jennings,WR,MIN,141.5,102,178,15.2,77,6,jauan jennings
Jalen McMillan,WR,TB,141.8,105,176,14.0,158,10,jalen mcmillan
Kyler Murray,QB,MIN,143.2,98,180,17.1,321,6,kyler murray
Woody Marks,RB,HOU,144.2,99,175,17.2,125,8,woody marks
LA Chargers Defense,DEF,LAC,144.9,108,180,17.1,165,7,la chargers defense
Cameron Dicker,PK,LAC,145.0,108,187,16.4,125,7,cameron dicker
Rashod Bateman,WR,BAL,145.4,121,173,13.9,29,13,rashod bateman
Jake Bates,PK,DET,145.6,95,188,19.4,79,6,jake bates
Atlanta Defense,DEF,ATL,147.2,112,181,18.9,85,11,atlanta defense
Jordan Love,QB,GB,148.6,111,180,14.3,252,11,jordan love
Isiah Pacheco,RB,DET,148.7,95,180,20.5,217,6,isiah pacheco
Harrison Mevis,PK,LAR,151.0,107,187,16.9,67,11,harrison mevis
Pat Freiermuth,TE,PIT,152.0,101,176,34.5,5,9,pat freiermuth
Chase McLaughlin,PK,TB,152.5,136,180,13.4,87,10,chase mclaughlin
Dalton Kincaid,TE,BUF,153.0,99,180,20.7,173,7,dalton kincaid
Cairo Santos,PK,CHI,153.3,93,193,23.0,32,10,cairo santos
Denzel Boston,WR,CLE,154.0,111,180,16.5,104,11,denzel boston
T.J. Hockenson,TE,MIN,154.1,106,206,28.2,36,6,t j hockenson
Tank Dell,WR,HOU,154.3,117,180,14.0,203,8,tank dell
Tank Bigsby,RB,PHI,154.3,123,182,16.8,50,10,tank bigsby
Jacoby Brissett,QB,ARI,154.8,127,178,21.2,5,14,jacoby brissett
Keaton Mitchell,RB,LAC,155.4,96,191,23.3,34,7,keaton mitchell
Malik Washington,WR,MIA,155.8,120,201,15.5,77,6,malik washington
Tyrone Tracy Jr.,RB,NYG,156.0,114,180,15.8,159,8,tyrone tracy
Oronde Gadsden,TE,LAC,156.8,114,179,22.1,6,7,oronde gadsden
James Conner,RB,ARI,157.0,86,185,33.4,9,14,james conner
Eddy Piñeiro,PK,SF,157.0,114,191,17.3,57,8,eddy pi eiro
De'Zhaun Stribling,WR,SF,157.1,110,202,18.3,75,8,de zhaun stribling
Kaelon Black,RB,SF,157.2,124,176,19.1,13,8,kaelon black
Antonio Williams,WR,WAS,157.2,126,180,12.0,70,7,antonio williams
Kenyon Sadiq,TE,NYJ,157.5,115,209,20.0,39,13,kenyon sadiq
Juwan Johnson,TE,NO,157.5,113,189,18.6,44,8,juwan johnson
Pittsburgh Defense,DEF,PIT,157.7,120,187,14.2,320,9,pittsburgh defense
Washington Defense,DEF,WAS,157.8,100,189,34.6,5,7,washington defense
Hunter Henry,TE,NE,157.9,116,183,19.1,54,11,hunter henry
Dalton Schultz,TE,HOU,158.1,132,193,25.1,9,8,dalton schultz
C.J. Stroud,QB,HOU,159.0,124,180,13.1,78,8,c j stroud
Malik Willis,QB,MIA,159.2,123,181,13.7,85,6,malik willis
Jordan James,RB,SF,159.4,145,176,11.4,5,8,jordan james
Cooper Kupp,WR,SEA,159.7,127,180,12.3,86,11,cooper kupp
Tyler Loop,PK,BAL,159.7,121,179,14.8,91,13,tyler loop
Tennessee Defense,DEF,TEN,159.8,127,184,12.5,165,9,tennessee defense
Jalen Nailor,WR,LV,160.0,126,180,12.9,93,13,jalen nailor
Charlie Smyth,PK,NO,160.3,137,171,16.6,6,8,charlie smyth
Adonai Mitchell,WR,NYJ,160.4,140,180,12.1,19,13,adonai mitchell
Chris Rodriguez Jr.,RB,JAX,160.5,111,206,20.4,96,7,chris rodriguez
Daniel Jones,QB,IND,160.6,114,180,17.9,56,13,daniel jones
Ray Davis,RB,BUF,160.7,146,177,10.4,20,7,ray davis
Tyler Allgeier,RB,ARI,161.5,109,207,20.2,112,14,tyler allgeier
Brandon Aiyuk,WR,SF,162.0,113,179,25.1,6,8,brandon aiyuk
Brian Robinson Jr.,RB,ATL,162.1,120,191,18.7,34,11,brian robinson
Mike Washington Jr.,RB,LV,162.2,132,209,21.2,11,13,mike washington
Samaje Perine,RB,CIN,163.0,116,181,23.2,7,6,samaje perine
Isaac TeSlaa,WR,DET,163.0,94,180,26.2,10,6,isaac teslaa
Brenton Strange,TE,JAX,163.3,127,183,14.3,54,7,brenton strange
Cam Little,PK,JAX,163.4,119,209,16.7,179,7,cam little
Travis Hunter,WR,JAX,163.4,139,181,12.6,77,7,travis hunter
Justice Hill,RB,BAL,163.5,150,179,8.8,22,13,justice hill
Dylan Sampson,RB,CLE,163.5,124,180,16.0,33,11,dylan sampson
Will Reichard,PK,MIN,163.6,115,209,20.2,55,6,will reichard
Jaydon Blue,RB,DAL,163.7,120,207,20.7,27,14,jaydon blue
Harrison Butker,PK,KC,164.1,124,207,15.4,121,5,harrison butker
Emari Demercado,RB,KC,164.2,157,180,9.5,8,5,emari demercado
Germie Bernard,WR,PIT,164.6,147,180,9.5,21,9,germie bernard
Chig Okonkwo,TE,WAS,164.7,116,193,19.4,43,7,chig okonkwo
Omar Cooper Jr.,WR,NYJ,165.1,128,180,13.9,64,13,omar cooper
Las Vegas Defense,DEF,LV,165.2,101,190,36.3,5,13,las vegas defense
Buffalo Defense,DEF,BUF,165.8,128,210,14.4,271,7,buffalo defense
Cyrus Allen,WR,KC,166.3,148,180,13.7,10,5,cyrus allen
Dallas Defense,DEF,DAL,167.1,128,180,15.0,30,14,dallas defense
Aaron Rodgers,QB,PIT,167.3,157,177,9.2,6,9,aaron rodgers
Kimani Vidal,RB,LAC,167.5,127,180,17.1,8,7,kimani vidal
Fernando Mendoza,QB,LV,168.0,146,179,14.5,7,13,fernando mendoza
Evan McPherson,PK,CIN,168.3,127,210,15.8,63,6,evan mcpherson
Demond Claiborne,RB,MIN,168.4,140,197,28.5,5,6,demond claiborne
Kayshon Boutte,WR,NE,168.8,124,204,16.8,45,11,kayshon boutte
Baltimore Defense,DEF,BAL,168.9,121,210,18.4,102,13,baltimore defense
Green Bay Defense,DEF,GB,169.0,146,187,15.6,5,11,green bay defense
Tory Horton,WR,SEA,169.3,156,196,15.6,7,11,tory horton
Andy Borregales,PK,NE,169.6,166,178,4.8,5,11,andy borregales
Tyler Bass,PK,BUF,170.1,140,203,12.2,22,7,tyler bass
Nick Folk,PK,ATL,170.1,144,193,10.0,39,11,nick folk
New Orleans Defense,DEF,NO,170.3,131,210,15.2,79,8,new orleans defense
Wil Lutz,PK,DEN,171.3,138,209,14.0,18,10,wil lutz
Greg Dulcich,TE,MIA,171.4,135,208,22.8,13,6,greg dulcich
Zachariah Branch,WR,ATL,171.7,153,177,7.1,10,11,zachariah branch
Jacksonville Defense,DEF,JAX,172.2,152,210,18.4,14,7,jacksonville defense
San Francisco Defense,DEF,SF,172.5,136,204,17.1,11,8,san francisco defense
Ryan Flournoy,WR,DAL,172.7,150,209,21.0,6,14,ryan flournoy
Cam Ward,QB,TEN,173.1,135,201,14.3,31,9,cam ward
Cincinnati Defense,DEF,CIN,173.4,140,209,18.9,36,6,cincinnati defense
Chicago Defense,DEF,CHI,173.7,142,204,18.0,12,10,chicago defense
Emmett Johnson,RB,KC,174.2,162,180,7.1,5,5,emmett johnson
Chris Boswell,PK,PIT,174.5,141,208,18.1,24,9,chris boswell
Dontayvion Wicks,WR,PHI,174.8,147,194,13.7,9,10,dontayvion wicks
Kansas City Defense,DEF,KC,175.2,170,178,3.0,5,5,kansas city defense
Ty Johnson,RB,BUF,175.5,161,179,7.1,6,7,ty johnson
NY Giants Defense,DEF,NYG,175.5,144,210,16.9,20,8,ny giants defense
Cleveland Defense,DEF,CLE,176.5,127,210,26.0,35,11,cleveland defense
Bryce Young,QB,CAR,176.8,158,196,12.6,11,5,bryce young
Tyquan Thornton,WR,KC,177.6,164,184,8.4,7,5,tyquan thornton
Christian Kirk,WR,SF,178.4,146,204,18.2,17,8,christian kirk
Darnell Mooney,WR,NYG,178.5,154,203,16.4,8,8,darnell mooney
Miami Defense,DEF,MIA,182.6,145,209,16.5,32,6,miami defense
Geno Smith,QB,NYJ,186.4,166,209,20.9,5,13,geno smith
