game_id,season,game_type,week,gameday,weekday,gametime,away_team,home_team,away_score,home_score,result,total,overtime,spread_line,total_line,away_moneyline,home_moneyline,roof,surface,away_qb_name,home_qb_name,away_coach,home_coach,stadium
2026_01_NE_SEA,2026,REG,1,2026-09-09,Wednesday,20:20,NE,SEA,,,,,,3.5,44.5,154.0,-185.0,outdoors,fieldturf,,,Mike Vrabel,Mike Macdonald,Lumen Field
2026_01_SF_LA,2026,REG,1,2026-09-10,Thursday,20:35,SF,LA,,,,,,3.5,48.5,145.0,-175.0,dome,matrixturf,,,Kyle Shanahan,Sean McVay,Melbourne Cricket Ground
2026_01_CHI_CAR,2026,REG,1,2026-09-13,Sunday,13:00,CHI,CAR,,,,,,-2.5,46.5,-148.0,124.0,outdoors,grass,,,Ben Johnson,Dave Canales,Bank of America Stadium
2026_01_TB_CIN,2026,REG,1,2026-09-13,Sunday,13:00,TB,CIN,,,,,,3.5,51.5,160.0,-192.0,outdoors,fieldturf,,,Todd Bowles,Zac Taylor,Paycor Stadium
2026_01_NO_DET,2026,REG,1,2026-09-13,Sunday,13:00,NO,DET,,,,,,7.0,47.5,250.0,-310.0,dome,fieldturf,,,Kellen Moore,Dan Campbell,Ford Field
2026_01_BUF_HOU,2026,REG,1,2026-09-13,Sunday,13:00,BUF,HOU,,,,,,-1.5,44.5,-120.0,100.0,,astroturf,,,Sean McDermott,DeMeco Ryans,Reliant Stadium
2026_01_BAL_IND,2026,REG,1,2026-09-13,Sunday,13:00,BAL,IND,,,,,,-3.5,48.5,-180.0,150.0,,fieldturf,,,Jesse Minter,Shane Steichen,Lucas Oil Stadium
2026_01_CLE_JAX,2026,REG,1,2026-09-13,Sunday,13:00,CLE,JAX,,,,,,7.5,40.5,320.0,-410.0,outdoors,grass,,,Todd Monken,Liam Coen,EverBank Stadium
2026_01_ATL_PIT,2026,REG,1,2026-09-13,Sunday,13:00,ATL,PIT,,,,,,3.0,41.5,145.0,-175.0,outdoors,grass,,,Raheem Morris,Mike McCarthy,Acrisure Stadium
2026_01_NYJ_TEN,2026,REG,1,2026-09-13,Sunday,13:00,NYJ,TEN,,,,,,3.0,38.5,130.0,-155.0,outdoors,grass,,,Aaron Glenn,Robert Saleh,Nissan Stadium
2026_01_ARI_LAC,2026,REG,1,2026-09-13,Sunday,16:25,ARI,LAC,,,,,,11.5,46.5,455.0,-625.0,dome,matrixturf,,,Jonathan Gannon,Jim Harbaugh,SoFi Stadium
2026_01_MIA_LV,2026,REG,1,2026-09-13,Sunday,16:25,MIA,LV,,,,,,3.5,40.5,164.0,-198.0,dome,grass,,,Jeff Hafley,Klint Kubliak,Allegiant Stadium
2026_01_GB_MIN,2026,REG,1,2026-09-13,Sunday,16:25,GB,MIN,,,,,,-1.5,45.5,-115.0,-105.0,dome,sportturf,,,Matt LaFleur,Kevin O'Connell,U.S. Bank Stadium
2026_01_WAS_PHI,2026,REG,1,2026-09-13,Sunday,16:25,WAS,PHI,,,,,,4.5,47.5,180.0,-218.0,outdoors,grass,,,Dan Quinn,Nick Sirianni,Lincoln Financial Field
2026_01_DAL_NYG,2026,REG,1,2026-09-13,Sunday,20:20,DAL,NYG,,,,,,-2.5,48.5,-148.0,124.0,outdoors,fieldturf,,,Brian Schottenheimer,John Harbaugh,MetLife Stadium
2026_01_DEN_KC,2026,REG,1,2026-09-14,Monday,20:15,DEN,KC,,,,,,3.0,42.5,136.0,-162.0,outdoors,grass,,,Sean Payton,Andy Reid,GEHA Field at Arrowhead Stadium
2026_02_DET_BUF,2026,REG,2,2026-09-17,Thursday,20:15,DET,BUF,,,,,,3.0,52.5,136.0,-162.0,outdoors,a_turf,,,Dan Campbell,Sean McDermott,Highmark Stadium
2026_02_CAR_ATL,2026,REG,2,2026-09-20,Sunday,13:00,CAR,ATL,,,,,,1.5,44.5,105.0,-125.0,,fieldturf,,,Dave Canales,Raheem Morris,Mercedes-Benz Stadium
2026_02_NO_BAL,2026,REG,2,2026-09-20,Sunday,13:00,NO,BAL,,,,,,7.5,46.5,270.0,-340.0,outdoors,grass,,,Kellen Moore,Jesse Minter,M&T Bank Stadium
2026_02_MIN_CHI,2026,REG,2,2026-09-20,Sunday,13:00,MIN,CHI,,,,,,3.5,45.5,154.0,-185.0,outdoors,grass,,,Kevin O'Connell,Ben Johnson,Soldier Field
2026_02_CIN_HOU,2026,REG,2,2026-09-20,Sunday,13:00,CIN,HOU,,,,,,2.5,46.5,114.0,-135.0,,astroturf,,,Zac Taylor,DeMeco Ryans,Reliant Stadium
2026_02_PIT_NE,2026,REG,2,2026-09-20,Sunday,13:00,PIT,NE,,,,,,4.5,43.5,190.0,-230.0,outdoors,fieldturf,,,Mike McCarthy,Mike Vrabel,Gillette Stadium
2026_02_GB_NYJ,2026,REG,2,2026-09-20,Sunday,13:00,GB,NYJ,,,,,,-5.5,42.5,-245.0,200.0,outdoors,fieldturf,,,Matt LaFleur,Aaron Glenn,MetLife Stadium
2026_02_CLE_TB,2026,REG,2,2026-09-20,Sunday,13:00,CLE,TB,,,,,,5.5,42.5,200.0,-245.0,outdoors,grass,,,Todd Monken,Todd Bowles,Raymond James Stadium
2026_02_PHI_TEN,2026,REG,2,2026-09-20,Sunday,13:00,PHI,TEN,,,,,,-4.5,42.5,-205.0,170.0,outdoors,grass,,,Nick Sirianni,Robert Saleh,Nissan Stadium
2026_02_JAX_DEN,2026,REG,2,2026-09-20,Sunday,16:05,JAX,DEN,,,,,,2.5,43.5,120.0,-142.0,outdoors,grass,,,Liam Coen,Sean Payton,Empower Field at Mile High
2026_02_LV_LAC,2026,REG,2,2026-09-20,Sunday,16:05,LV,LAC,,,,,,8.5,42.5,330.0,-425.0,dome,matrixturf,,,Klint Kubliak,Jim Harbaugh,SoFi Stadium
2026_02_SEA_ARI,2026,REG,2,2026-09-20,Sunday,16:25,SEA,ARI,,,,,,-10.0,44.5,-485.0,370.0,,grass,,,Mike Macdonald,Jonathan Gannon,State Farm Stadium
2026_02_WAS_DAL,2026,REG,2,2026-09-20,Sunday,16:25,WAS,DAL,,,,,,4.5,51.5,164.0,-198.0,,matrixturf,,,Dan Quinn,Brian Schottenheimer,AT&T Stadium
2026_02_MIA_SF,2026,REG,2,2026-09-20,Sunday,16:25,MIA,SF,,,,,,10.5,46.5,410.0,-550.0,outdoors,grass,,,Jeff Hafley,Kyle Shanahan,Levi's Stadium
2026_02_IND_KC,2026,REG,2,2026-09-20,Sunday,20:20,IND,KC,,,,,,6.5,47.5,230.0,-285.0,outdoors,grass,,,Shane Steichen,Andy Reid,GEHA Field at Arrowhead Stadium
2026_02_NYG_LA,2026,REG,2,2026-09-21,Monday,20:15,NYG,LA,,,,,,8.5,48.5,295.0,-375.0,dome,matrixturf,,,John Harbaugh,Sean McVay,SoFi Stadium
2026_03_ATL_GB,2026,REG,3,2026-09-24,Thursday,20:15,ATL,GB,,,,,,7.5,46.5,295.0,-375.0,outdoors,grass,,,Raheem Morris,Matt LaFleur,Lambeau Field
2026_03_LAC_BUF,2026,REG,3,2026-09-27,Sunday,13:00,LAC,BUF,,,,,,3.0,48.5,140.0,-166.0,outdoors,a_turf,,,Jim Harbaugh,Sean McDermott,Highmark Stadium
2026_03_CAR_CLE,2026,REG,3,2026-09-27,Sunday,13:00,CAR,CLE,,,,,,-1.5,39.5,-125.0,105.0,outdoors,grass,,,Dave Canales,Todd Monken,Huntington Bank Field
2026_03_NYJ_DET,2026,REG,3,2026-09-27,Sunday,13:00,NYJ,DET,,,,,,9.5,45.5,360.0,-470.0,dome,fieldturf,,,Aaron Glenn,Dan Campbell,Ford Field
2026_03_HOU_IND,2026,REG,3,2026-09-27,Sunday,13:00,HOU,IND,,,,,,-1.5,45.5,-125.0,105.0,,fieldturf,,,DeMeco Ryans,Shane Steichen,Lucas Oil Stadium
2026_03_NE_JAX,2026,REG,3,2026-09-27,Sunday,13:00,NE,JAX,,,,,,1.5,45.5,-102.0,-118.0,outdoors,grass,,,Mike Vrabel,Liam Coen,EverBank Stadium
2026_03_KC_MIA,2026,REG,3,2026-09-27,Sunday,13:00,KC,MIA,,,,,,-7.5,44.5,-355.0,280.0,outdoors,grass,,,Andy Reid,Jeff Hafley,Hard Rock Stadium
2026_03_TEN_NYG,2026,REG,3,2026-09-27,Sunday,13:00,TEN,NYG,,,,,,3.0,44.5,142.0,-170.0,outdoors,fieldturf,,,Robert Saleh,John Harbaugh,MetLife Stadium
2026_03_CIN_PIT,2026,REG,3,2026-09-27,Sunday,13:00,CIN,PIT,,,,,,-1.5,47.5,-125.0,105.0,outdoors,grass,,,Zac Taylor,Mike McCarthy,Acrisure Stadium
2026_03_SEA_WAS,2026,REG,3,2026-09-27,Sunday,13:00,SEA,WAS,,,,,,-3.5,46.5,-185.0,154.0,outdoors,grass,,,Mike Macdonald,Dan Quinn,Northwest Stadium
2026_03_ARI_SF,2026,REG,3,2026-09-27,Sunday,16:05,ARI,SF,,,,,,11.5,46.5,425.0,-575.0,outdoors,grass,,,Jonathan Gannon,Kyle Shanahan,Levi's Stadium
2026_03_MIN_TB,2026,REG,3,2026-09-27,Sunday,16:05,MIN,TB,,,,,,1.5,44.5,105.0,-125.0,outdoors,grass,,,Kevin O'Connell,Todd Bowles,Raymond James Stadium
2026_03_BAL_DAL,2026,REG,3,2026-09-27,Sunday,16:25,BAL,DAL,,,,,,-2.5,51.5,-135.0,114.0,,matrixturf,,,Jesse Minter,Brian Schottenheimer,Maracana Stadium
2026_03_LV_NO,2026,REG,3,2026-09-27,Sunday,16:25,LV,NO,,,,,,3.5,42.5,164.0,-198.0,dome,sportturf,,,Klint Kubliak,Kellen Moore,Caesars Superdome
2026_03_LA_DEN,2026,REG,3,2026-09-27,Sunday,20:20,LA,DEN,,,,,,-3.0,45.5,-162.0,136.0,outdoors,grass,,,Sean McVay,Sean Payton,Empower Field at Mile High
2026_03_PHI_CHI,2026,REG,3,2026-09-28,Monday,20:15,PHI,CHI,,,,,,1.5,46.5,-102.0,-118.0,outdoors,grass,,,Nick Sirianni,Ben Johnson,Soldier Field
2026_04_PIT_CLE,2026,REG,4,2026-10-01,Thursday,20:15,PIT,CLE,,,,,,-2.5,40.5,-135.0,114.0,outdoors,grass,,,Mike McCarthy,Todd Monken,Huntington Bank Field
2026_04_IND_WAS,2026,REG,4,2026-10-04,Sunday,09:30,IND,WAS,,,,,,1.5,50.5,-102.0,-118.0,outdoors,grass,,,Shane Steichen,Dan Quinn,Tottenham Hotspur Stadium
2026_04_TEN_BAL,2026,REG,4,2026-10-04,Sunday,13:00,TEN,BAL,,,,,,,,,,outdoors,grass,,,Robert Saleh,Jesse Minter,M&T Bank Stadium
2026_04_NE_BUF,2026,REG,4,2026-10-04,Sunday,13:00,NE,BUF,,,,,,,,,,outdoors,a_turf,,,Mike Vrabel,Sean McDermott,Highmark Stadium
2026_04_NYJ_CHI,2026,REG,4,2026-10-04,Sunday,13:00,NYJ,CHI,,,,,,8.5,45.5,310.0,-395.0,outdoors,grass,,,Aaron Glenn,Ben Johnson,Soldier Field
2026_04_JAX_CIN,2026,REG,4,2026-10-04,Sunday,13:00,JAX,CIN,,,,,,,,,,outdoors,fieldturf,,,Liam Coen,Zac Taylor,Paycor Stadium
2026_04_DAL_HOU,2026,REG,4,2026-10-04,Sunday,13:00,DAL,HOU,,,,,,2.5,47.5,114.0,-135.0,,astroturf,,,Brian Schottenheimer,DeMeco Ryans,Reliant Stadium
2026_04_ARI_NYG,2026,REG,4,2026-10-04,Sunday,13:00,ARI,NYG,,,,,,,,,,outdoors,fieldturf,,,Jonathan Gannon,John Harbaugh,MetLife Stadium
2026_04_LA_PHI,2026,REG,4,2026-10-04,Sunday,13:00,LA,PHI,,,,,,,,,,outdoors,grass,,,Sean McVay,Nick Sirianni,Lincoln Financial Field
2026_04_GB_TB,2026,REG,4,2026-10-04,Sunday,13:00,GB,TB,,,,,,,,,,outdoors,grass,,,Matt LaFleur,Todd Bowles,Raymond James Stadium
2026_04_MIA_MIN,2026,REG,4,2026-10-04,Sunday,16:05,MIA,MIN,,,,,,,,,,dome,sportturf,,,Jeff Hafley,Kevin O'Connell,U.S. Bank Stadium
2026_04_KC_LV,2026,REG,4,2026-10-04,Sunday,16:25,KC,LV,,,,,,,,,,dome,grass,,,Andy Reid,Klint Kubliak,Allegiant Stadium
2026_04_LAC_SEA,2026,REG,4,2026-10-04,Sunday,16:25,LAC,SEA,,,,,,,,,,outdoors,fieldturf,,,Jim Harbaugh,Mike Macdonald,Lumen Field
2026_04_DEN_SF,2026,REG,4,2026-10-04,Sunday,16:25,DEN,SF,,,,,,,,,,outdoors,grass,,,Sean Payton,Kyle Shanahan,Levi's Stadium
2026_04_DET_CAR,2026,REG,4,2026-10-04,Sunday,20:20,DET,CAR,,,,,,,,,,outdoors,grass,,,Dan Campbell,Dave Canales,Bank of America Stadium
2026_04_ATL_NO,2026,REG,4,2026-10-05,Monday,20:15,ATL,NO,,,,,,,,,,dome,sportturf,,,Raheem Morris,Kellen Moore,Caesars Superdome
2026_05_TB_DAL,2026,REG,5,2026-10-08,Thursday,20:15,TB,DAL,,,,,,,,,,,matrixturf,,,Todd Bowles,Brian Schottenheimer,AT&T Stadium
2026_05_PHI_JAX,2026,REG,5,2026-10-11,Sunday,09:30,PHI,JAX,,,,,,,,,,outdoors,grass,,,Nick Sirianni,Liam Coen,Tottenham Hotspur Stadium
2026_05_CIN_MIA,2026,REG,5,2026-10-11,Sunday,13:00,CIN,MIA,,,,,,,,,,outdoors,grass,,,Zac Taylor,Jeff Hafley,Hard Rock Stadium
2026_05_LV_NE,2026,REG,5,2026-10-11,Sunday,13:00,LV,NE,,,,,,,,,,outdoors,fieldturf,,,Klint Kubliak,Mike Vrabel,Gillette Stadium
2026_05_MIN_NO,2026,REG,5,2026-10-11,Sunday,13:00,MIN,NO,,,,,,,,,,dome,sportturf,,,Kevin O'Connell,Kellen Moore,Caesars Superdome
2026_05_CLE_NYJ,2026,REG,5,2026-10-11,Sunday,13:00,CLE,NYJ,,,,,,,,,,outdoors,fieldturf,,,Todd Monken,Aaron Glenn,MetLife Stadium
2026_05_IND_PIT,2026,REG,5,2026-10-11,Sunday,13:00,IND,PIT,,,,,,,,,,outdoors,grass,,,Shane Steichen,Mike McCarthy,Acrisure Stadium
2026_05_HOU_TEN,2026,REG,5,2026-10-11,Sunday,13:00,HOU,TEN,,,,,,,,,,outdoors,grass,,,DeMeco Ryans,Robert Saleh,Nissan Stadium
2026_05_NYG_WAS,2026,REG,5,2026-10-11,Sunday,13:00,NYG,WAS,,,,,,,,,,outdoors,grass,,,John Harbaugh,Dan Quinn,Northwest Stadium
2026_05_DEN_LAC,2026,REG,5,2026-10-11,Sunday,16:05,DEN,LAC,,,,,,,,,,dome,matrixturf,,,Sean Payton,Jim Harbaugh,SoFi Stadium
2026_05_DET_ARI,2026,REG,5,2026-10-11,Sunday,16:25,DET,ARI,,,,,,,,,,,grass,,,Dan Campbell,Jonathan Gannon,State Farm Stadium
2026_05_CHI_GB,2026,REG,5,2026-10-11,Sunday,16:25,CHI,GB,,,,,,,,,,outdoors,grass,,,Ben Johnson,Matt LaFleur,Lambeau Field
2026_05_SF_SEA,2026,REG,5,2026-10-11,Sunday,16:25,SF,SEA,,,,,,,,,,outdoors,fieldturf,,,Kyle Shanahan,Mike Macdonald,Lumen Field
2026_05_BAL_ATL,2026,REG,5,2026-10-11,Sunday,20:20,BAL,ATL,,,,,,,,,,,fieldturf,,,Jesse Minter,Raheem Morris,Mercedes-Benz Stadium
2026_05_BUF_LA,2026,REG,5,2026-10-12,Monday,20:15,BUF,LA,,,,,,,,,,dome,matrixturf,,,Sean McDermott,Sean McVay,SoFi Stadium
2026_06_SEA_DEN,2026,REG,6,2026-10-15,Thursday,20:15,SEA,DEN,,,,,,,,,,outdoors,grass,,,Mike Macdonald,Sean Payton,Empower Field at Mile High
2026_06_HOU_JAX,2026,REG,6,2026-10-18,Sunday,09:30,HOU,JAX,,,,,,,,,,outdoors,grass,,,DeMeco Ryans,Liam Coen,Wembley Stadium
2026_06_CHI_ATL,2026,REG,6,2026-10-18,Sunday,13:00,CHI,ATL,,,,,,,,,,,fieldturf,,,Ben Johnson,Raheem Morris,Mercedes-Benz Stadium
2026_06_BAL_CLE,2026,REG,6,2026-10-18,Sunday,13:00,BAL,CLE,,,,,,,,,,outdoors,grass,,,Jesse Minter,Todd Monken,Huntington Bank Field
2026_06_TEN_IND,2026,REG,6,2026-10-18,Sunday,13:00,TEN,IND,,,,,,,,,,,fieldturf,,,Robert Saleh,Shane Steichen,Lucas Oil Stadium
2026_06_NYJ_NE,2026,REG,6,2026-10-18,Sunday,13:00,NYJ,NE,,,,,,,,,,outdoors,fieldturf,,,Aaron Glenn,Mike Vrabel,Gillette Stadium
2026_06_NO_NYG,2026,REG,6,2026-10-18,Sunday,13:00,NO,NYG,,,,,,,,,,outdoors,fieldturf,,,Kellen Moore,John Harbaugh,MetLife Stadium
2026_06_CAR_PHI,2026,REG,6,2026-10-18,Sunday,13:00,CAR,PHI,,,,,,,,,,outdoors,grass,,,Dave Canales,Nick Sirianni,Lincoln Financial Field
2026_06_PIT_TB,2026,REG,6,2026-10-18,Sunday,13:00,PIT,TB,,,,,,,,,,outdoors,grass,,,Mike McCarthy,Todd Bowles,Raymond James Stadium
2026_06_ARI_LA,2026,REG,6,2026-10-18,Sunday,16:05,ARI,LA,,,,,,,,,,dome,matrixturf,,,Jonathan Gannon,Sean McVay,SoFi Stadium
2026_06_LAC_KC,2026,REG,6,2026-10-18,Sunday,16:25,LAC,KC,,,,,,,,,,outdoors,grass,,,Jim Harbaugh,Andy Reid,GEHA Field at Arrowhead Stadium
2026_06_BUF_LV,2026,REG,6,2026-10-18,Sunday,16:25,BUF,LV,,,,,,,,,,dome,grass,,,Sean McDermott,Klint Kubliak,Allegiant Stadium
2026_06_DAL_GB,2026,REG,6,2026-10-18,Sunday,20:20,DAL,GB,,,,,,,,,,outdoors,grass,,,Brian Schottenheimer,Matt LaFleur,Lambeau Field
2026_06_WAS_SF,2026,REG,6,2026-10-19,Monday,20:15,WAS,SF,,,,,,,,,,outdoors,grass,,,Dan Quinn,Kyle Shanahan,Levi's Stadium
2026_07_NE_CHI,2026,REG,7,2026-10-22,Thursday,20:15,NE,CHI,,,,,,,,,,outdoors,grass,,,Mike Vrabel,Ben Johnson,Soldier Field
2026_07_PIT_NO,2026,REG,7,2026-10-25,Sunday,09:30,PIT,NO,,,,,,,,,,dome,sportturf,,,Mike McCarthy,Kellen Moore,Stade de France
2026_07_SF_ATL,2026,REG,7,2026-10-25,Sunday,13:00,SF,ATL,,,,,,,,,,,fieldturf,,,Kyle Shanahan,Raheem Morris,Mercedes-Benz Stadium
2026_07_CIN_BAL,2026,REG,7,2026-10-25,Sunday,13:00,CIN,BAL,,,,,,,,,,outdoors,grass,,,Zac Taylor,Jesse Minter,M&T Bank Stadium
2026_07_TB_CAR,2026,REG,7,2026-10-25,Sunday,13:00,TB,CAR,,,,,,,,,,outdoors,grass,,,Todd Bowles,Dave Canales,Bank of America Stadium
2026_07_NYG_HOU,2026,REG,7,2026-10-25,Sunday,13:00,NYG,HOU,,,,,,,,,,,astroturf,,,John Harbaugh,DeMeco Ryans,Reliant Stadium
2026_07_IND_MIN,2026,REG,7,2026-10-25,Sunday,13:00,IND,MIN,,,,,,,,,,dome,sportturf,,,Shane Steichen,Kevin O'Connell,U.S. Bank Stadium
2026_07_MIA_NYJ,2026,REG,7,2026-10-25,Sunday,13:00,MIA,NYJ,,,,,,,,,,outdoors,fieldturf,,,Jeff Hafley,Aaron Glenn,MetLife Stadium
2026_07_CLE_TEN,2026,REG,7,2026-10-25,Sunday,13:00,CLE,TEN,,,,,,,,,,outdoors,grass,,,Todd Monken,Robert Saleh,Nissan Stadium
2026_07_DEN_ARI,2026,REG,7,2026-10-25,Sunday,16:05,DEN,ARI,,,,,,,,,,,grass,,,Sean Payton,Jonathan Gannon,State Farm Stadium
2026_07_GB_DET,2026,REG,7,2026-10-25,Sunday,16:25,GB,DET,,,,,,,,,,dome,fieldturf,,,Matt LaFleur,Dan Campbell,Ford Field
2026_07_LA_LV,2026,REG,7,2026-10-25,Sunday,16:25,LA,LV,,,,,,,,,,dome,grass,,,Sean McVay,Klint Kubliak,Allegiant Stadium
2026_07_KC_SEA,2026,REG,7,2026-10-25,Sunday,20:20,KC,SEA,,,,,,,,,,outdoors,fieldturf,,,Andy Reid,Mike Macdonald,Lumen Field
2026_07_DAL_PHI,2026,REG,7,2026-10-26,Monday,20:15,DAL,PHI,,,,,,,,,,outdoors,grass,,,Brian Schottenheimer,Nick Sirianni,Lincoln Financial Field
2026_08_CAR_GB,2026,REG,8,2026-10-29,Thursday,20:15,CAR,GB,,,,,,,,,,outdoors,grass,,,Dave Canales,Matt LaFleur,Lambeau Field
2026_08_BAL_BUF,2026,REG,8,2026-11-01,Sunday,13:00,BAL,BUF,,,,,,,,,,outdoors,a_turf,,,Jesse Minter,Sean McDermott,Highmark Stadium
2026_08_TEN_CIN,2026,REG,8,2026-11-01,Sunday,13:00,TEN,CIN,,,,,,,,,,outdoors,fieldturf,,,Robert Saleh,Zac Taylor,Paycor Stadium
2026_08_ARI_DAL,2026,REG,8,2026-11-01,Sunday,13:00,ARI,DAL,,,,,,,,,,,matrixturf,,,Jonathan Gannon,Brian Schottenheimer,AT&T Stadium
2026_08_MIN_DET,2026,REG,8,2026-11-01,Sunday,13:00,MIN,DET,,,,,,,,,,dome,fieldturf,,,Kevin O'Connell,Dan Campbell,Ford Field
2026_08_IND_JAX,2026,REG,8,2026-11-01,Sunday,13:00,IND,JAX,,,,,,,,,,outdoors,grass,,,Shane Steichen,Liam Coen,EverBank Stadium
2026_08_LV_NYJ,2026,REG,8,2026-11-01,Sunday,13:00,LV,NYJ,,,,,,,,,,outdoors,fieldturf,,,Klint Kubliak,Aaron Glenn,MetLife Stadium
2026_08_CLE_PIT,2026,REG,8,2026-11-01,Sunday,13:00,CLE,PIT,,,,,,,,,,outdoors,grass,,,Todd Monken,Mike McCarthy,Acrisure Stadium
2026_08_ATL_TB,2026,REG,8,2026-11-01,Sunday,13:00,ATL,TB,,,,,,,,,,outdoors,grass,,,Raheem Morris,Todd Bowles,Raymond James Stadium
2026_08_LAC_LA,2026,REG,8,2026-11-01,Sunday,16:05,LAC,LA,,,,,,,,,,dome,matrixturf,,,Jim Harbaugh,Sean McVay,SoFi Stadium
2026_08_KC_DEN,2026,REG,8,2026-11-01,Sunday,16:25,KC,DEN,,,,,,,,,,outdoors,grass,,,Andy Reid,Sean Payton,Empower Field at Mile High
2026_08_NE_MIA,2026,REG,8,2026-11-01,Sunday,16:25,NE,MIA,,,,,,,,,,outdoors,grass,,,Mike Vrabel,Jeff Hafley,Hard Rock Stadium
2026_08_PHI_WAS,2026,REG,8,2026-11-01,Sunday,20:20,PHI,WAS,,,,,,,,,,outdoors,grass,,,Nick Sirianni,Dan Quinn,Northwest Stadium
2026_08_CHI_SEA,2026,REG,8,2026-11-02,Monday,20:15,CHI,SEA,,,,,,,,,,outdoors,fieldturf,,,Ben Johnson,Mike Macdonald,Lumen Field
2026_09_JAX_BAL,2026,REG,9,2026-11-05,Thursday,20:15,JAX,BAL,,,,,,,,,,outdoors,grass,,,Liam Coen,Jesse Minter,M&T Bank Stadium
2026_09_CIN_ATL,2026,REG,9,2026-11-08,Sunday,09:30,CIN,ATL,,,,,,,,,,,fieldturf,,,Zac Taylor,Raheem Morris,Bernabeu
2026_09_DEN_CAR,2026,REG,9,2026-11-08,Sunday,13:00,DEN,CAR,,,,,,,,,,outdoors,grass,,,Sean Payton,Dave Canales,Bank of America Stadium
2026_09_DAL_IND,2026,REG,9,2026-11-08,Sunday,13:00,DAL,IND,,,,,,,,,,,fieldturf,,,Brian Schottenheimer,Shane Steichen,Lucas Oil Stadium
2026_09_NYJ_KC,2026,REG,9,2026-11-08,Sunday,13:00,NYJ,KC,,,,,,,,,,outdoors,grass,,,Aaron Glenn,Andy Reid,GEHA Field at Arrowhead Stadium
2026_09_DET_MIA,2026,REG,9,2026-11-08,Sunday,13:00,DET,MIA,,,,,,,,,,outdoors,grass,,,Dan Campbell,Jeff Hafley,Hard Rock Stadium
2026_09_CLE_NO,2026,REG,9,2026-11-08,Sunday,13:00,CLE,NO,,,,,,,,,,dome,sportturf,,,Todd Monken,Kellen Moore,Caesars Superdome
2026_09_NYG_PHI,2026,REG,9,2026-11-08,Sunday,13:00,NYG,PHI,,,,,,,,,,outdoors,grass,,,John Harbaugh,Nick Sirianni,Lincoln Financial Field
2026_09_LA_WAS,2026,REG,9,2026-11-08,Sunday,13:00,LA,WAS,,,,,,,,,,outdoors,grass,,,Sean McVay,Dan Quinn,Northwest Stadium
2026_09_HOU_LAC,2026,REG,9,2026-11-08,Sunday,16:05,HOU,LAC,,,,,,,,,,dome,matrixturf,,,DeMeco Ryans,Jim Harbaugh,SoFi Stadium
2026_09_LV_SF,2026,REG,9,2026-11-08,Sunday,16:05,LV,SF,,,,,,,,,,outdoors,grass,,,Klint Kubliak,Kyle Shanahan,Levi's Stadium
2026_09_GB_NE,2026,REG,9,2026-11-08,Sunday,16:25,GB,NE,,,,,,,,,,outdoors,fieldturf,,,Matt LaFleur,Mike Vrabel,Gillette Stadium
2026_09_ARI_SEA,2026,REG,9,2026-11-08,Sunday,16:25,ARI,SEA,,,,,,,,,,outdoors,fieldturf,,,Jonathan Gannon,Mike Macdonald,Lumen Field
2026_09_TB_CHI,2026,REG,9,2026-11-08,Sunday,20:20,TB,CHI,,,,,,,,,,outdoors,grass,,,Todd Bowles,Ben Johnson,Soldier Field
2026_09_BUF_MIN,2026,REG,9,2026-11-09,Monday,20:15,BUF,MIN,,,,,,,,,,dome,sportturf,,,Sean McDermott,Kevin O'Connell,U.S. Bank Stadium
2026_10_WAS_NYG,2026,REG,10,2026-11-12,Thursday,20:15,WAS,NYG,,,,,,,,,,outdoors,fieldturf,,,Dan Quinn,John Harbaugh,MetLife Stadium
2026_10_NE_DET,2026,REG,10,2026-11-15,Sunday,09:30,NE,DET,,,,,,,,,,dome,fieldturf,,,Mike Vrabel,Dan Campbell,FC Bayern Munich Stadium
2026_10_KC_ATL,2026,REG,10,2026-11-15,Sunday,13:00,KC,ATL,,,,,,,,,,,fieldturf,,,Andy Reid,Raheem Morris,Mercedes-Benz Stadium
2026_10_HOU_CLE,2026,REG,10,2026-11-15,Sunday,13:00,HOU,CLE,,,,,,,,,,outdoors,grass,,,DeMeco Ryans,Todd Monken,Huntington Bank Field
2026_10_MIN_GB,2026,REG,10,2026-11-15,Sunday,13:00,MIN,GB,,,,,,,,,,outdoors,grass,,,Kevin O'Connell,Matt LaFleur,Lambeau Field
2026_10_MIA_IND,2026,REG,10,2026-11-15,Sunday,13:00,MIA,IND,,,,,,,,,,,fieldturf,,,Jeff Hafley,Shane Steichen,Lucas Oil Stadium
2026_10_CAR_NO,2026,REG,10,2026-11-15,Sunday,13:00,CAR,NO,,,,,,,,,,dome,sportturf,,,Dave Canales,Kellen Moore,Caesars Superdome
2026_10_BUF_NYJ,2026,REG,10,2026-11-15,Sunday,13:00,BUF,NYJ,,,,,,,,,,outdoors,fieldturf,,,Sean McDermott,Aaron Glenn,MetLife Stadium
2026_10_JAX_TEN,2026,REG,10,2026-11-15,Sunday,13:00,JAX,TEN,,,,,,,,,,outdoors,grass,,,Liam Coen,Robert Saleh,Nissan Stadium
2026_10_LA_ARI,2026,REG,10,2026-11-15,Sunday,16:05,LA,ARI,,,,,,,,,,,grass,,,Sean McVay,Jonathan Gannon,State Farm Stadium
2026_10_SEA_LV,2026,REG,10,2026-11-15,Sunday,16:05,SEA,LV,,,,,,,,,,dome,grass,,,Mike Macdonald,Klint Kubliak,Allegiant Stadium
2026_10_SF_DAL,2026,REG,10,2026-11-15,Sunday,16:25,SF,DAL,,,,,,,,,,,matrixturf,,,Kyle Shanahan,Brian Schottenheimer,AT&T Stadium
2026_10_PIT_CIN,2026,REG,10,2026-11-15,Sunday,20:20,PIT,CIN,,,,,,,,,,outdoors,fieldturf,,,Mike McCarthy,Zac Taylor,Paycor Stadium
2026_10_LAC_BAL,2026,REG,10,2026-11-16,Monday,20:15,LAC,BAL,,,,,,,,,,outdoors,grass,,,Jim Harbaugh,Jesse Minter,M&T Bank Stadium
2026_11_IND_HOU,2026,REG,11,2026-11-19,Thursday,20:15,IND,HOU,,,,,,,,,,,astroturf,,,Shane Steichen,DeMeco Ryans,Reliant Stadium
2026_11_MIA_BUF,2026,REG,11,2026-11-22,Sunday,13:00,MIA,BUF,,,,,,,,,,outdoors,a_turf,,,Jeff Hafley,Sean McDermott,Highmark Stadium
2026_11_BAL_CAR,2026,REG,11,2026-11-22,Sunday,13:00,BAL,CAR,,,,,,,,,,outdoors,grass,,,Jesse Minter,Dave Canales,Bank of America Stadium
2026_11_NO_CHI,2026,REG,11,2026-11-22,Sunday,13:00,NO,CHI,,,,,,,,,,outdoors,grass,,,Kellen Moore,Ben Johnson,Soldier Field
2026_11_TEN_DAL,2026,REG,11,2026-11-22,Sunday,13:00,TEN,DAL,,,,,,,,,,,matrixturf,,,Robert Saleh,Brian Schottenheimer,AT&T Stadium
2026_11_TB_DET,2026,REG,11,2026-11-22,Sunday,13:00,TB,DET,,,,,,,,,,dome,fieldturf,,,Todd Bowles,Dan Campbell,Ford Field
2026_11_ARI_KC,2026,REG,11,2026-11-22,Sunday,13:00,ARI,KC,,,,,,,,,,outdoors,grass,,,Jonathan Gannon,Andy Reid,GEHA Field at Arrowhead Stadium
2026_11_JAX_NYG,2026,REG,11,2026-11-22,Sunday,13:00,JAX,NYG,,,,,,,,,,outdoors,fieldturf,,,Liam Coen,John Harbaugh,MetLife Stadium
2026_11_NYJ_LAC,2026,REG,11,2026-11-22,Sunday,16:05,NYJ,LAC,,,,,,,,,,dome,matrixturf,,,Aaron Glenn,Jim Harbaugh,SoFi Stadium
2026_11_LV_DEN,2026,REG,11,2026-11-22,Sunday,16:25,LV,DEN,,,,,,,,,,outdoors,grass,,,Klint Kubliak,Sean Payton,Empower Field at Mile High
2026_11_PIT_PHI,2026,REG,11,2026-11-22,Sunday,16:25,PIT,PHI,,,,,,,,,,outdoors,grass,,,Mike McCarthy,Nick Sirianni,Lincoln Financial Field
2026_11_MIN_SF,2026,REG,11,2026-11-22,Sunday,20:20,MIN,SF,,,,,,,,,,outdoors,grass,,,Kevin O'Connell,Kyle Shanahan,Estadio Banorte
2026_11_CIN_WAS,2026,REG,11,2026-11-23,Monday,20:15,CIN,WAS,,,,,,,,,,outdoors,grass,,,Zac Taylor,Dan Quinn,Northwest Stadium
2026_12_GB_LA,2026,REG,12,2026-11-25,Wednesday,20:00,GB,LA,,,,,,,,,,dome,matrixturf,,,Matt LaFleur,Sean McVay,SoFi Stadium
2026_12_CHI_DET,2026,REG,12,2026-11-26,Thursday,13:00,CHI,DET,,,,,,,,,,dome,fieldturf,,,Ben Johnson,Dan Campbell,Ford Field
2026_12_PHI_DAL,2026,REG,12,2026-11-26,Thursday,16:30,PHI,DAL,,,,,,,,,,,matrixturf,,,Nick Sirianni,Brian Schottenheimer,AT&T Stadium
2026_12_KC_BUF,2026,REG,12,2026-11-26,Thursday,20:20,KC,BUF,,,,,,,,,,outdoors,a_turf,,,Andy Reid,Sean McDermott,Highmark Stadium
2026_12_DEN_PIT,2026,REG,12,2026-11-27,Friday,15:00,DEN,PIT,,,,,,,,,,outdoors,grass,,,Sean Payton,Mike McCarthy,Acrisure Stadium
2026_12_NO_CIN,2026,REG,12,2026-11-29,Sunday,13:00,NO,CIN,,,,,,,,,,outdoors,fieldturf,,,Kellen Moore,Zac Taylor,Paycor Stadium
2026_12_LV_CLE,2026,REG,12,2026-11-29,Sunday,13:00,LV,CLE,,,,,,,,,,outdoors,grass,,,Klint Kubliak,Todd Monken,Huntington Bank Field
2026_12_BAL_HOU,2026,REG,12,2026-11-29,Sunday,13:00,BAL,HOU,,,,,,,,,,,astroturf,,,Jesse Minter,DeMeco Ryans,Reliant Stadium
2026_12_NYG_IND,2026,REG,12,2026-11-29,Sunday,13:00,NYG,IND,,,,,,,,,,,fieldturf,,,John Harbaugh,Shane Steichen,Lucas Oil Stadium
2026_12_NYJ_MIA,2026,REG,12,2026-11-29,Sunday,13:00,NYJ,MIA,,,,,,,,,,outdoors,grass,,,Aaron Glenn,Jeff Hafley,Hard Rock Stadium
2026_12_ATL_MIN,2026,REG,12,2026-11-29,Sunday,13:00,ATL,MIN,,,,,,,,,,dome,sportturf,,,Raheem Morris,Kevin O'Connell,U.S. Bank Stadium
2026_12_TEN_JAX,2026,REG,12,2026-11-29,Sunday,16:05,TEN,JAX,,,,,,,,,,outdoors,grass,,,Robert Saleh,Liam Coen,EverBank Stadium
2026_12_WAS_ARI,2026,REG,12,2026-11-29,Sunday,16:25,WAS,ARI,,,,,,,,,,,grass,,,Dan Quinn,Jonathan Gannon,State Farm Stadium
2026_12_SEA_SF,2026,REG,12,2026-11-29,Sunday,16:25,SEA,SF,,,,,,,,,,outdoors,grass,,,Mike Macdonald,Kyle Shanahan,Levi's Stadium
2026_12_NE_LAC,2026,REG,12,2026-11-29,Sunday,20:20,NE,LAC,,,,,,,,,,dome,matrixturf,,,Mike Vrabel,Jim Harbaugh,SoFi Stadium
2026_12_CAR_TB,2026,REG,12,2026-11-30,Monday,20:15,CAR,TB,,,,,,,,,,outdoors,grass,,,Dave Canales,Todd Bowles,Raymond James Stadium
2026_13_KC_LA,2026,REG,13,2026-12-03,Thursday,20:15,KC,LA,,,,,,,,,,dome,matrixturf,,,Andy Reid,Sean McVay,SoFi Stadium
2026_13_DET_ATL,2026,REG,13,2026-12-06,Sunday,13:00,DET,ATL,,,,,,,,,,,fieldturf,,,Dan Campbell,Raheem Morris,Mercedes-Benz Stadium
2026_13_JAX_CHI,2026,REG,13,2026-12-06,Sunday,13:00,JAX,CHI,,,,,,,,,,outdoors,grass,,,Liam Coen,Ben Johnson,Soldier Field
2026_13_CIN_CLE,2026,REG,13,2026-12-06,Sunday,13:00,CIN,CLE,,,,,,,,,,outdoors,grass,,,Zac Taylor,Todd Monken,Huntington Bank Field
2026_13_GB_NO,2026,REG,13,2026-12-06,Sunday,13:00,GB,NO,,,,,,,,,,dome,sportturf,,,Matt LaFleur,Kellen Moore,Caesars Superdome
2026_13_SF_NYG,2026,REG,13,2026-12-06,Sunday,13:00,SF,NYG,,,,,,,,,,outdoors,fieldturf,,,Kyle Shanahan,John Harbaugh,MetLife Stadium
2026_13_LAC_TB,2026,REG,13,2026-12-06,Sunday,13:00,LAC,TB,,,,,,,,,,outdoors,grass,,,Jim Harbaugh,Todd Bowles,Raymond James Stadium
2026_13_WAS_TEN,2026,REG,13,2026-12-06,Sunday,13:00,WAS,TEN,,,,,,,,,,outdoors,grass,,,Dan Quinn,Robert Saleh,Nissan Stadium
2026_13_PHI_ARI,2026,REG,13,2026-12-06,Sunday,16:05,PHI,ARI,,,,,,,,,,,grass,,,Nick Sirianni,Jonathan Gannon,State Farm Stadium
2026_13_MIA_DEN,2026,REG,13,2026-12-06,Sunday,16:05,MIA,DEN,,,,,,,,,,outdoors,grass,,,Jeff Hafley,Sean Payton,Empower Field at Mile High
2026_13_CAR_MIN,2026,REG,13,2026-12-06,Sunday,16:25,CAR,MIN,,,,,,,,,,dome,sportturf,,,Dave Canales,Kevin O'Connell,U.S. Bank Stadium
2026_13_BUF_NE,2026,REG,13,2026-12-06,Sunday,16:25,BUF,NE,,,,,,,,,,outdoors,fieldturf,,,Sean McDermott,Mike Vrabel,Gillette Stadium
2026_13_HOU_PIT,2026,REG,13,2026-12-06,Sunday,20:20,HOU,PIT,,,,,,,,,,outdoors,grass,,,DeMeco Ryans,Mike McCarthy,Acrisure Stadium
2026_13_DAL_SEA,2026,REG,13,2026-12-07,Monday,20:15,DAL,SEA,,,,,,,,,,outdoors,fieldturf,,,Brian Schottenheimer,Mike Macdonald,Lumen Field
2026_14_MIN_NE,2026,REG,14,2026-12-10,Thursday,20:15,MIN,NE,,,,,,,,,,outdoors,fieldturf,,,Kevin O'Connell,Mike Vrabel,Gillette Stadium
2026_14_TB_BAL,2026,REG,14,2026-12-13,Sunday,13:00,TB,BAL,,,,,,,,,,outdoors,grass,,,Todd Bowles,Jesse Minter,M&T Bank Stadium
2026_14_NO_CAR,2026,REG,14,2026-12-13,Sunday,13:00,NO,CAR,,,,,,,,,,outdoors,grass,,,Kellen Moore,Dave Canales,Bank of America Stadium
2026_14_ATL_CLE,2026,REG,14,2026-12-13,Sunday,13:00,ATL,CLE,,,,,,,,,,outdoors,grass,,,Raheem Morris,Todd Monken,Huntington Bank Field
2026_14_TEN_DET,2026,REG,14,2026-12-13,Sunday,13:00,TEN,DET,,,,,,,,,,dome,fieldturf,,,Robert Saleh,Dan Campbell,Ford Field
2026_14_CHI_MIA,2026,REG,14,2026-12-13,Sunday,13:00,CHI,MIA,,,,,,,,,,outdoors,grass,,,Ben Johnson,Jeff Hafley,Hard Rock Stadium
2026_14_DEN_NYJ,2026,REG,14,2026-12-13,Sunday,13:00,DEN,NYJ,,,,,,,,,,outdoors,fieldturf,,,Sean Payton,Aaron Glenn,MetLife Stadium
2026_14_IND_PHI,2026,REG,14,2026-12-13,Sunday,13:00,IND,PHI,,,,,,,,,,outdoors,grass,,,Shane Steichen,Nick Sirianni,Lincoln Financial Field
2026_14_HOU_WAS,2026,REG,14,2026-12-13,Sunday,13:00,HOU,WAS,,,,,,,,,,outdoors,grass,,,DeMeco Ryans,Dan Quinn,Northwest Stadium
2026_14_LAC_LV,2026,REG,14,2026-12-13,Sunday,16:05,LAC,LV,,,,,,,,,,dome,grass,,,Jim Harbaugh,Klint Kubliak,Allegiant Stadium
2026_14_KC_CIN,2026,REG,14,2026-12-13,Sunday,16:25,KC,CIN,,,,,,,,,,outdoors,fieldturf,,,Andy Reid,Zac Taylor,Paycor Stadium
2026_14_NYG_SEA,2026,REG,14,2026-12-13,Sunday,16:25,NYG,SEA,,,,,,,,,,outdoors,fieldturf,,,John Harbaugh,Mike Macdonald,Lumen Field
2026_14_LA_SF,2026,REG,14,2026-12-13,Sunday,16:25,LA,SF,,,,,,,,,,outdoors,grass,,,Sean McVay,Kyle Shanahan,Levi's Stadium
2026_14_BUF_GB,2026,REG,14,2026-12-13,Sunday,20:20,BUF,GB,,,,,,,,,,outdoors,grass,,,Sean McDermott,Matt LaFleur,Lambeau Field
2026_14_PIT_JAX,2026,REG,14,2026-12-14,Monday,20:15,PIT,JAX,,,,,,,,,,outdoors,grass,,,Mike McCarthy,Liam Coen,EverBank Stadium
2026_15_SF_LAC,2026,REG,15,2026-12-17,Thursday,20:15,SF,LAC,,,,,,,,,,dome,matrixturf,,,Kyle Shanahan,Jim Harbaugh,SoFi Stadium
2026_15_SEA_PHI,2026,REG,15,2026-12-19,Saturday,17:00,SEA,PHI,,,,,,,,,,outdoors,grass,,,Mike Macdonald,Nick Sirianni,Lincoln Financial Field
2026_15_CHI_BUF,2026,REG,15,2026-12-19,Saturday,20:20,CHI,BUF,,,,,,,,,,outdoors,a_turf,,,Ben Johnson,Sean McDermott,Highmark Stadium
2026_15_CIN_CAR,2026,REG,15,2026-12-20,Sunday,13:00,CIN,CAR,,,,,,,,,,outdoors,grass,,,Zac Taylor,Dave Canales,Bank of America Stadium
2026_15_MIA_GB,2026,REG,15,2026-12-20,Sunday,13:00,MIA,GB,,,,,,,,,,outdoors,grass,,,Jeff Hafley,Matt LaFleur,Lambeau Field
2026_15_JAX_HOU,2026,REG,15,2026-12-20,Sunday,13:00,JAX,HOU,,,,,,,,,,,astroturf,,,Liam Coen,DeMeco Ryans,Reliant Stadium
2026_15_CLE_NYG,2026,REG,15,2026-12-20,Sunday,13:00,CLE,NYG,,,,,,,,,,outdoors,fieldturf,,,Todd Monken,John Harbaugh,MetLife Stadium
2026_15_BAL_PIT,2026,REG,15,2026-12-20,Sunday,13:00,BAL,PIT,,,,,,,,,,outdoors,grass,,,Jesse Minter,Mike McCarthy,Acrisure Stadium
2026_15_NO_TB,2026,REG,15,2026-12-20,Sunday,13:00,NO,TB,,,,,,,,,,outdoors,grass,,,Kellen Moore,Todd Bowles,Raymond James Stadium
2026_15_IND_TEN,2026,REG,15,2026-12-20,Sunday,13:00,IND,TEN,,,,,,,,,,outdoors,grass,,,Shane Steichen,Robert Saleh,Nissan Stadium
2026_15_ATL_WAS,2026,REG,15,2026-12-20,Sunday,13:00,ATL,WAS,,,,,,,,,,outdoors,grass,,,Raheem Morris,Dan Quinn,Northwest Stadium
2026_15_NYJ_ARI,2026,REG,15,2026-12-20,Sunday,16:05,NYJ,ARI,,,,,,,,,,,grass,,,Aaron Glenn,Jonathan Gannon,State Farm Stadium
2026_15_DAL_LA,2026,REG,15,2026-12-20,Sunday,16:25,DAL,LA,,,,,,,,,,dome,matrixturf,,,Brian Schottenheimer,Sean McVay,SoFi Stadium
2026_15_DEN_LV,2026,REG,15,2026-12-20,Sunday,16:25,DEN,LV,,,,,,,,,,dome,grass,,,Sean Payton,Klint Kubliak,Allegiant Stadium
2026_15_DET_MIN,2026,REG,15,2026-12-20,Sunday,20:20,DET,MIN,,,,,,,,,,dome,sportturf,,,Dan Campbell,Kevin O'Connell,U.S. Bank Stadium
2026_15_NE_KC,2026,REG,15,2026-12-21,Monday,20:15,NE,KC,,,,,,,,,,outdoors,grass,,,Mike Vrabel,Andy Reid,GEHA Field at Arrowhead Stadium
2026_16_HOU_PHI,2026,REG,16,2026-12-24,Thursday,20:15,HOU,PHI,,,,,,,,,,outdoors,grass,,,DeMeco Ryans,Nick Sirianni,Lincoln Financial Field
2026_16_GB_CHI,2026,REG,16,2026-12-25,Friday,13:00,GB,CHI,,,,,,,,,,outdoors,grass,,,Matt LaFleur,Ben Johnson,Soldier Field
2026_16_BUF_DEN,2026,REG,16,2026-12-25,Friday,16:30,BUF,DEN,,,,,,,,,,outdoors,grass,,,Sean McDermott,Sean Payton,Empower Field at Mile High
2026_16_LA_SEA,2026,REG,16,2026-12-25,Friday,20:15,LA,SEA,,,,,,,,,,outdoors,fieldturf,,,Sean McVay,Mike Macdonald,Lumen Field
2026_16_TB_ATL,2026,REG,16,2026-12-27,Sunday,13:00,TB,ATL,,,,,,,,,,,fieldturf,,,Todd Bowles,Raheem Morris,Mercedes-Benz Stadium
2026_16_CLE_BAL,2026,REG,16,2026-12-27,Sunday,13:00,CLE,BAL,,,,,,,,,,outdoors,grass,,,Todd Monken,Jesse Minter,M&T Bank Stadium
2026_16_CIN_IND,2026,REG,16,2026-12-27,Sunday,13:00,CIN,IND,,,,,,,,,,,fieldturf,,,Zac Taylor,Shane Steichen,Lucas Oil Stadium
2026_16_LAC_MIA,2026,REG,16,2026-12-27,Sunday,13:00,LAC,MIA,,,,,,,,,,outdoors,grass,,,Jim Harbaugh,Jeff Hafley,Hard Rock Stadium
2026_16_WAS_MIN,2026,REG,16,2026-12-27,Sunday,13:00,WAS,MIN,,,,,,,,,,dome,sportturf,,,Dan Quinn,Kevin O'Connell,U.S. Bank Stadium
2026_16_ARI_NO,2026,REG,16,2026-12-27,Sunday,13:00,ARI,NO,,,,,,,,,,dome,sportturf,,,Jonathan Gannon,Kellen Moore,Caesars Superdome
2026_16_NE_NYJ,2026,REG,16,2026-12-27,Sunday,13:00,NE,NYJ,,,,,,,,,,outdoors,fieldturf,,,Mike Vrabel,Aaron Glenn,MetLife Stadium
2026_16_CAR_PIT,2026,REG,16,2026-12-27,Sunday,13:00,CAR,PIT,,,,,,,,,,outdoors,grass,,,Dave Canales,Mike McCarthy,Acrisure Stadium
2026_16_TEN_LV,2026,REG,16,2026-12-27,Sunday,16:05,TEN,LV,,,,,,,,,,dome,grass,,,Robert Saleh,Klint Kubliak,Allegiant Stadium
2026_16_SF_KC,2026,REG,16,2026-12-27,Sunday,16:25,SF,KC,,,,,,,,,,outdoors,grass,,,Kyle Shanahan,Andy Reid,GEHA Field at Arrowhead Stadium
2026_16_JAX_DAL,2026,REG,16,2026-12-27,Sunday,20:20,JAX,DAL,,,,,,,,,,,matrixturf,,,Liam Coen,Brian Schottenheimer,AT&T Stadium
2026_16_NYG_DET,2026,REG,16,2026-12-28,Monday,20:15,NYG,DET,,,,,,,,,,dome,fieldturf,,,John Harbaugh,Dan Campbell,Ford Field
2026_17_BAL_CIN,2026,REG,17,2026-12-31,Thursday,20:15,BAL,CIN,,,,,,,,,,outdoors,fieldturf,,,Jesse Minter,Zac Taylor,Paycor Stadium
2026_17_NO_ATL,2026,REG,17,2027-01-03,Sunday,13:00,NO,ATL,,,,,,,,,,,fieldturf,,,Kellen Moore,Raheem Morris,Mercedes-Benz Stadium
2026_17_SEA_CAR,2026,REG,17,2027-01-03,Sunday,13:00,SEA,CAR,,,,,,,,,,outdoors,grass,,,Mike Macdonald,Dave Canales,Bank of America Stadium
2026_17_IND_CLE,2026,REG,17,2027-01-03,Sunday,13:00,IND,CLE,,,,,,,,,,outdoors,grass,,,Shane Steichen,Todd Monken,Huntington Bank Field
2026_17_NYG_DAL,2026,REG,17,2027-01-03,Sunday,13:00,NYG,DAL,,,,,,,,,,,matrixturf,,,John Harbaugh,Brian Schottenheimer,AT&T Stadium
2026_17_WAS_JAX,2026,REG,17,2027-01-03,Sunday,13:00,WAS,JAX,,,,,,,,,,outdoors,grass,,,Dan Quinn,Liam Coen,EverBank Stadium
2026_17_KC_LAC,2026,REG,17,2027-01-03,Sunday,13:00,KC,LAC,,,,,,,,,,dome,matrixturf,,,Andy Reid,Jim Harbaugh,SoFi Stadium
2026_17_BUF_MIA,2026,REG,17,2027-01-03,Sunday,13:00,BUF,MIA,,,,,,,,,,outdoors,grass,,,Sean McDermott,Jeff Hafley,Hard Rock Stadium
2026_17_DEN_NE,2026,REG,17,2027-01-03,Sunday,13:00,DEN,NE,,,,,,,,,,outdoors,fieldturf,,,Sean Payton,Mike Vrabel,Gillette Stadium
2026_17_MIN_NYJ,2026,REG,17,2027-01-03,Sunday,13:00,MIN,NYJ,,,,,,,,,,outdoors,fieldturf,,,Kevin O'Connell,Aaron Glenn,MetLife Stadium
2026_17_LA_TB,2026,REG,17,2027-01-03,Sunday,13:00,LA,TB,,,,,,,,,,outdoors,grass,,,Sean McVay,Todd Bowles,Raymond James Stadium
2026_17_PIT_TEN,2026,REG,17,2027-01-03,Sunday,13:00,PIT,TEN,,,,,,,,,,outdoors,grass,,,Mike McCarthy,Robert Saleh,Nissan Stadium
2026_17_LV_ARI,2026,REG,17,2027-01-03,Sunday,16:05,LV,ARI,,,,,,,,,,,grass,,,Klint Kubliak,Jonathan Gannon,State Farm Stadium
2026_17_DET_CHI,2026,REG,17,2027-01-03,Sunday,16:25,DET,CHI,,,,,,,,,,outdoors,grass,,,Dan Campbell,Ben Johnson,Soldier Field
2026_17_PHI_SF,2026,REG,17,2027-01-03,Sunday,20:20,PHI,SF,,,,,,,,,,outdoors,grass,,,Nick Sirianni,Kyle Shanahan,Levi's Stadium
2026_17_HOU_GB,2026,REG,17,2027-01-04,Monday,20:15,HOU,GB,,,,,,,,,,outdoors,grass,,,DeMeco Ryans,Matt LaFleur,Lambeau Field
2026_18_SF_ARI,2026,REG,18,2027-01-10,Sunday,13:00,SF,ARI,,,,,,,,,,,grass,,,Kyle Shanahan,Jonathan Gannon,State Farm Stadium
2026_18_PIT_BAL,2026,REG,18,2027-01-10,Sunday,13:00,PIT,BAL,,,,,,,,,,outdoors,grass,,,Mike McCarthy,Jesse Minter,M&T Bank Stadium
2026_18_NYJ_BUF,2026,REG,18,2027-01-10,Sunday,13:00,NYJ,BUF,,,,,,,,,,outdoors,a_turf,,,Aaron Glenn,Sean McDermott,Highmark Stadium
2026_18_ATL_CAR,2026,REG,18,2027-01-10,Sunday,13:00,ATL,CAR,,,,,,,,,,outdoors,grass,,,Raheem Morris,Dave Canales,Bank of America Stadium
2026_18_CLE_CIN,2026,REG,18,2027-01-10,Sunday,13:00,CLE,CIN,,,,,,,,,,outdoors,fieldturf,,,Todd Monken,Zac Taylor,Paycor Stadium
2026_18_LAC_DEN,2026,REG,18,2027-01-10,Sunday,13:00,LAC,DEN,,,,,,,,,,outdoors,grass,,,Jim Harbaugh,Sean Payton,Empower Field at Mile High
2026_18_DET_GB,2026,REG,18,2027-01-10,Sunday,13:00,DET,GB,,,,,,,,,,outdoors,grass,,,Dan Campbell,Matt LaFleur,Lambeau Field
2026_18_TEN_HOU,2026,REG,18,2027-01-10,Sunday,13:00,TEN,HOU,,,,,,,,,,,astroturf,,,Robert Saleh,DeMeco Ryans,Reliant Stadium
2026_18_JAX_IND,2026,REG,18,2027-01-10,Sunday,13:00,JAX,IND,,,,,,,,,,,fieldturf,,,Liam Coen,Shane Steichen,Lucas Oil Stadium
2026_18_LV_KC,2026,REG,18,2027-01-10,Sunday,13:00,LV,KC,,,,,,,,,,outdoors,grass,,,Klint Kubliak,Andy Reid,GEHA Field at Arrowhead Stadium
2026_18_SEA_LA,2026,REG,18,2027-01-10,Sunday,13:00,SEA,LA,,,,,,,,,,dome,matrixturf,,,Mike Macdonald,Sean McVay,SoFi Stadium
2026_18_CHI_MIN,2026,REG,18,2027-01-10,Sunday,13:00,CHI,MIN,,,,,,,,,,dome,sportturf,,,Ben Johnson,Kevin O'Connell,U.S. Bank Stadium
2026_18_MIA_NE,2026,REG,18,2027-01-10,Sunday,13:00,MIA,NE,,,,,,,,,,outdoors,fieldturf,,,Jeff Hafley,Mike Vrabel,Gillette Stadium
2026_18_TB_NO,2026,REG,18,2027-01-10,Sunday,13:00,TB,NO,,,,,,,,,,dome,sportturf,,,Todd Bowles,Kellen Moore,Caesars Superdome
2026_18_PHI_NYG,2026,REG,18,2027-01-10,Sunday,13:00,PHI,NYG,,,,,,,,,,outdoors,fieldturf,,,Nick Sirianni,John Harbaugh,MetLife Stadium
2026_18_DAL_WAS,2026,REG,18,2027-01-10,Sunday,13:00,DAL,WAS,,,,,,,,,,outdoors,grass,,,Brian Schottenheimer,Dan Quinn,Northwest Stadium
